timestamp,head,Precipitation,Evapotranspiration,recharge,head_t1
2025-09-24 11:00:00,-3.712,0.0,0.62,-0.62,
2025-09-24 12:00:00,-3.712,0.0,0.6,-0.6,0.0
2025-09-24 13:00:00,-3.72,0.0,0.53,-0.53,-0.008000000000000007
2025-09-24 14:00:00,-3.721,0.0,0.43,-0.43,-0.0009999999999998899
2025-09-24 15:00:00,-3.716,0.0,0.27,-0.27,0.004999999999999893
2025-09-24 16:00:00,-3.72,0.0,0.09,-0.09,-0.0040000000000000036
2025-09-24 17:00:00,-3.723,0.0,0.01,-0.01,-0.0029999999999996696
2025-09-24 18:00:00,-3.731,0.0,0.0,0.0,-0.008000000000000007
2025-09-24 19:00:00,-3.727,0.0,0.0,0.0,0.0040000000000000036
2025-09-24 20:00:00,-3.72,0.0,0.0,0.0,0.006999999999999673
2025-09-24 21:00:00,-3.727,0.0,0.0,0.0,-0.006999999999999673
2025-09-24 22:00:00,-3.728,0.0,0.0,0.0,-0.001000000000000334
2025-09-24 23:00:00,-3.731,0.0,0.0,0.0,-0.0029999999999996696
2025-09-25 00:00:00,-3.739,0.0,0.0,0.0,-0.008000000000000007
2025-09-25 01:00:00,-3.741,0.0,0.0,0.0,-0.002000000000000224
2025-09-25 02:00:00,-3.738,0.0,0.0,0.0,0.0030000000000001137
2025-09-25 03:00:00,-3.739,0.0,0.0,0.0,-0.0009999999999998899
2025-09-25 04:00:00,-3.739,0.0,0.0,0.0,0.0
2025-09-25 05:00:00,-3.735,0.0,0.01,-0.01,0.0040000000000000036
2025-09-25 06:00:00,-3.735,0.0,0.09,-0.09,0.0
2025-09-25 07:00:00,-3.736,0.0,0.22,-0.22,-0.001000000000000334
2025-09-25 08:00:00,-3.735,0.0,0.36,-0.36,0.001000000000000334
2025-09-25 09:00:00,-3.74,0.0,0.49,-0.49,-0.0050000000000003375
2025-09-25 10:00:00,,0.0,0.39,-0.39,
2025-09-25 11:00:00,-3.736,0.0,0.54,-0.54,
2025-09-25 12:00:00,-3.745,0.0,0.62,-0.62,-0.008999999999999897
2025-09-25 13:00:00,-3.741,0.0,0.43,-0.43,0.0040000000000000036
2025-09-25 14:00:00,-3.74,0.0,0.34,-0.34,0.0009999999999998899
2025-09-25 15:00:00,-3.736,0.0,0.18,-0.18,0.0040000000000000036
2025-09-25 16:00:00,-3.733,0.0,0.06,-0.06,0.0030000000000001137
2025-09-25 17:00:00,-3.743,0.0,0.01,-0.01,-0.009999999999999787
2025-09-25 18:00:00,-3.742,0.0,0.0,0.0,0.0009999999999998899
2025-09-25 19:00:00,-3.744,0.0,0.0,0.0,-0.002000000000000224
2025-09-25 20:00:00,-3.748,0.0,0.0,0.0,-0.0040000000000000036
2025-09-25 21:00:00,-3.753,0.0,0.0,0.0,-0.004999999999999893
2025-09-25 22:00:00,-3.748,0.0,0.0,0.0,0.004999999999999893
2025-09-25 23:00:00,-3.742,0.0,0.0,0.0,0.006000000000000227
2025-09-26 00:00:00,-3.741,0.0,0.0,0.0,0.0009999999999998899
2025-09-26 01:00:00,-3.747,0.0,0.0,0.0,-0.005999999999999783
2025-09-26 02:00:00,-3.751,0.0,0.0,0.0,-0.0040000000000000036
2025-09-26 03:00:00,-3.751,0.0,0.0,0.0,0.0
2025-09-26 04:00:00,-3.753,0.0,0.0,0.0,-0.002000000000000224
2025-09-26 05:00:00,-3.755,0.0,0.0,0.0,-0.0019999999999997797
2025-09-26 06:00:00,-3.748,0.0,0.05,-0.05,0.006999999999999673
2025-09-26 07:00:00,-3.753,0.0,0.12,-0.12,-0.004999999999999893
2025-09-26 08:00:00,-3.747,0.0,0.23,-0.23,0.006000000000000227
2025-09-26 09:00:00,-3.752,0.0,0.51,-0.51,-0.004999999999999893
2025-09-26 10:00:00,,0.0,0.45,-0.45,
2025-09-26 11:00:00,-3.751,0.0,0.74,-0.74,
2025-09-26 12:00:00,-3.746,0.0,0.26,-0.26,0.004999999999999893
2025-09-26 13:00:00,-3.749,0.0,0.55,-0.55,-0.0030000000000001137
2025-09-26 14:00:00,-3.746,0.0,0.34,-0.34,0.0030000000000001137
2025-09-26 15:00:00,-3.748,0.0,0.15,-0.15,-0.002000000000000224
2025-09-26 16:00:00,-3.747,0.0,0.11,-0.11,0.001000000000000334
2025-09-26 17:00:00,-3.747,0.0,0.01,-0.01,0.0
2025-09-26 18:00:00,-3.752,0.0,0.0,0.0,-0.004999999999999893
2025-09-26 19:00:00,-3.744,0.0,0.0,0.0,0.007999999999999563
2025-09-26 20:00:00,-3.751,0.0,0.0,0.0,-0.006999999999999673
2025-09-26 21:00:00,-3.745,0.0,0.0,0.0,0.005999999999999783
2025-09-26 22:00:00,-3.751,0.0,0.0,0.0,-0.005999999999999783
2025-09-26 23:00:00,-3.753,0.005,0.0,0.005,-0.002000000000000224
2025-09-27 00:00:00,-3.75,0.005,0.0,0.005,0.0030000000000001137
2025-09-27 01:00:00,-3.751,0.0,0.0,0.0,-0.0009999999999998899
2025-09-27 02:00:00,-3.745,0.0,0.0,0.0,0.005999999999999783
2025-09-27 03:00:00,-3.741,0.1,0.0,0.1,0.0040000000000000036
2025-09-27 04:00:00,-3.739,0.005,0.0,0.005,0.002000000000000224
2025-09-27 05:00:00,-3.74,0.0,0.0,0.0,-0.001000000000000334
2025-09-27 06:00:00,-3.74,0.0,0.09,-0.09,0.0
2025-09-27 07:00:00,-3.742,0.0,0.14,-0.14,-0.0019999999999997797
2025-09-27 08:00:00,-3.734,0.0,0.4,-0.4,0.008000000000000007
2025-09-27 09:00:00,-3.74,0.0,0.28,-0.28,-0.006000000000000227
2025-09-27 10:00:00,,0.0,0.33,-0.33,
2025-09-27 11:00:00,-3.746,0.0,0.6,-0.6,
2025-09-27 12:00:00,-3.741,0.0,0.6,-0.6,0.004999999999999893
2025-09-27 13:00:00,-3.743,0.0,0.45,-0.45,-0.0019999999999997797
2025-09-27 14:00:00,-3.747,0.0,0.27,-0.27,-0.0040000000000000036
2025-09-27 15:00:00,-3.743,0.0,0.17,-0.17,0.0040000000000000036
2025-09-27 16:00:00,-3.749,0.0,0.04,-0.04,-0.006000000000000227
2025-09-27 17:00:00,-3.743,0.0,0.0,0.0,0.006000000000000227
2025-09-27 18:00:00,-3.742,0.0,0.0,0.0,0.0009999999999998899
2025-09-27 19:00:00,-3.743,0.0,0.0,0.0,-0.0009999999999998899
2025-09-27 20:00:00,-3.744,0.0,0.0,0.0,-0.001000000000000334
2025-09-27 21:00:00,-3.74,0.0,0.0,0.0,0.0040000000000000036
2025-09-27 22:00:00,-3.739,0.0,0.0,0.0,0.001000000000000334
2025-09-27 23:00:00,-3.741,0.0,0.0,0.0,-0.002000000000000224
2025-09-28 00:00:00,-3.74,0.0,0.0,0.0,0.0009999999999998899
2025-09-28 01:00:00,-3.742,0.0,0.0,0.0,-0.0019999999999997797
2025-09-28 02:00:00,-3.733,0.0,0.0,0.0,0.008999999999999897
2025-09-28 03:00:00,-3.748,0.0,0.0,0.0,-0.015000000000000124
2025-09-28 04:00:00,-3.735,0.0,0.0,0.0,0.013000000000000345
2025-09-28 05:00:00,-3.744,0.0,0.01,-0.01,-0.009000000000000341
2025-09-28 06:00:00,-3.741,0.0,0.1,-0.1,0.0030000000000001137
2025-09-28 07:00:00,-3.739,0.0,0.27,-0.27,0.002000000000000224
2025-09-28 08:00:00,-3.745,0.0,0.44,-0.44,-0.006000000000000227
2025-09-28 09:00:00,-3.747,0.0,0.57,-0.57,-0.0019999999999997797
2025-09-28 10:00:00,-3.741,0.0,0.66,-0.66,0.005999999999999783
2025-09-28 11:00:00,-3.737,0.0,0.65,-0.65,0.0040000000000000036
2025-09-28 12:00:00,-3.74,0.0,0.67,-0.67,-0.0030000000000001137
2025-09-28 13:00:00,-3.733,0.0,0.54,-0.54,0.007000000000000117
2025-09-28 14:00:00,-3.736,0.0,0.34,-0.34,-0.0030000000000001137
2025-09-28 15:00:00,-3.736,0.0,0.25,-0.25,0.0
2025-09-28 16:00:00,-3.735,0.0,0.08,-0.08,0.001000000000000334
2025-09-28 17:00:00,-3.735,0.0,0.0,0.0,0.0
2025-09-28 18:00:00,-3.74,0.0,0.0,0.0,-0.0050000000000003375
2025-09-28 19:00:00,-3.739,0.0,0.0,0.0,0.001000000000000334
2025-09-28 20:00:00,-3.74,0.0,0.0,0.0,-0.001000000000000334
2025-09-28 21:00:00,-3.742,0.0,0.0,0.0,-0.0019999999999997797
2025-09-28 22:00:00,-3.747,0.0,0.0,0.0,-0.004999999999999893
2025-09-28 23:00:00,-3.749,0.0,0.0,0.0,-0.002000000000000224
2025-09-29 00:00:00,-3.745,0.0,0.0,0.0,0.0040000000000000036
2025-09-29 01:00:00,-3.744,0.0,0.0,0.0,0.0009999999999998899
2025-09-29 02:00:00,-3.742,0.0,0.0,0.0,0.002000000000000224
2025-09-29 03:00:00,-3.738,0.0,0.0,0.0,0.0040000000000000036
2025-09-29 04:00:00,-3.743,0.0,0.0,0.0,-0.004999999999999893
2025-09-29 05:00:00,-3.746,0.0,0.0,0.0,-0.0030000000000001137
2025-09-29 06:00:00,-3.741,0.0,0.14,-0.14,0.004999999999999893
2025-09-29 07:00:00,-3.746,0.0,0.45,-0.45,-0.004999999999999893
2025-09-29 08:00:00,-3.738,0.0,0.54,-0.54,0.008000000000000007
2025-09-29 09:00:00,-3.739,0.0,0.74,-0.74,-0.0009999999999998899
2025-09-29 10:00:00,,0.0,0.63,-0.63,
2025-09-29 11:00:00,-3.744,0.0,0.47,-0.47,
2025-09-29 12:00:00,-3.735,0.0,0.42,-0.42,0.009000000000000341
2025-09-29 13:00:00,-3.741,0.0,0.52,-0.52,-0.006000000000000227
2025-09-29 14:00:00,-3.744,0.0,0.42,-0.42,-0.0030000000000001137
2025-09-29 15:00:00,-3.739,0.0,0.36,-0.36,0.0050000000000003375
2025-09-29 16:00:00,-3.747,0.0,0.1,-0.1,-0.008000000000000007
2025-09-29 17:00:00,-3.735,0.0,0.0,0.0,0.01200000000000001
2025-09-29 18:00:00,-3.738,0.0,0.0,0.0,-0.0030000000000001137
2025-09-29 19:00:00,-3.736,0.0,0.0,0.0,0.0019999999999997797
2025-09-29 20:00:00,-3.742,0.0,0.0,0.0,-0.005999999999999783
2025-09-29 21:00:00,-3.737,0.0,0.0,0.0,0.004999999999999893
2025-09-29 22:00:00,-3.741,0.0,0.0,0.0,-0.0040000000000000036
2025-09-29 23:00:00,-3.74,0.0,0.0,0.0,0.0009999999999998899
2025-09-30 00:00:00,-3.74,0.0,0.0,0.0,0.0
2025-09-30 01:00:00,-3.732,0.0,0.0,0.0,0.008000000000000007
2025-09-30 02:00:00,-3.739,0.0,0.0,0.0,-0.006999999999999673
2025-09-30 03:00:00,-3.74,0.0,0.0,0.0,-0.001000000000000334
2025-09-30 04:00:00,-3.738,0.0,0.0,0.0,0.002000000000000224
2025-09-30 05:00:00,-3.746,0.0,0.01,-0.01,-0.008000000000000007
2025-09-30 06:00:00,-3.744,0.0,0.09,-0.09,0.0019999999999997797
2025-09-30 07:00:00,-3.735,0.0,0.27,-0.27,0.009000000000000341
2025-09-30 08:00:00,-3.746,0.0,0.34,-0.34,-0.01100000000000012
2025-09-30 09:00:00,-3.745,0.0,0.49,-0.49,0.0009999999999998899
2025-09-30 10:00:00,-3.741,0.0,0.85,-0.85,0.0040000000000000036
2025-09-30 11:00:00,-3.749,0.0,0.74,-0.74,-0.008000000000000007
2025-09-30 12:00:00,-3.738,0.0,0.48,-0.48,0.01100000000000012
2025-09-30 13:00:00,-3.743,0.0,0.61,-0.61,-0.004999999999999893
2025-09-30 14:00:00,-3.749,0.0,0.48,-0.48,-0.006000000000000227
2025-09-30 15:00:00,-3.745,0.0,0.27,-0.27,0.0040000000000000036
2025-09-30 16:00:00,-3.738,0.0,0.1,-0.1,0.007000000000000117
2025-09-30 17:00:00,-3.742,0.0,0.0,0.0,-0.0040000000000000036
2025-09-30 18:00:00,-3.745,0.0,0.0,0.0,-0.0030000000000001137
2025-09-30 19:00:00,-3.738,0.0,0.0,0.0,0.007000000000000117
2025-09-30 20:00:00,-3.744,0.0,0.0,0.0,-0.006000000000000227
2025-09-30 21:00:00,-3.742,0.0,0.0,0.0,0.002000000000000224
2025-09-30 22:00:00,-3.746,0.0,0.0,0.0,-0.0040000000000000036
2025-09-30 23:00:00,-3.746,0.0,0.0,0.0,0.0
2025-10-01 00:00:00,-3.747,0.0,0.0,0.0,-0.0009999999999998899
2025-10-01 01:00:00,-3.75,0.0,0.0,0.0,-0.0030000000000001137
2025-10-01 02:00:00,-3.749,0.0,0.0,0.0,0.0009999999999998899
2025-10-01 03:00:00,-3.747,0.0,0.0,0.0,0.002000000000000224
2025-10-01 04:00:00,-3.738,0.0,0.0,0.0,0.008999999999999897
2025-10-01 05:00:00,-3.749,0.0,0.0,0.0,-0.01100000000000012
2025-10-01 06:00:00,-3.742,0.0,0.08,-0.08,0.007000000000000117
2025-10-01 07:00:00,-3.74,0.0,0.26,-0.26,0.0019999999999997797
2025-10-01 08:00:00,-3.744,0.0,0.44,-0.44,-0.0040000000000000036
2025-10-01 09:00:00,-3.753,0.0,0.56,-0.56,-0.008999999999999897
2025-10-01 10:00:00,,0.0,0.64,-0.64,
2025-10-01 11:00:00,-3.739,0.0,0.65,-0.65,
2025-10-01 12:00:00,-3.74,0.0,0.63,-0.63,-0.001000000000000334
2025-10-01 13:00:00,-3.737,0.0,0.56,-0.56,0.0030000000000001137
2025-10-01 14:00:00,-3.744,0.0,0.4,-0.4,-0.007000000000000117
2025-10-01 15:00:00,-3.744,0.0,0.29,-0.29,0.0
2025-10-01 16:00:00,-3.745,0.0,0.1,-0.1,-0.0009999999999998899
2025-10-01 17:00:00,-3.742,0.0,0.0,0.0,0.0030000000000001137
2025-10-01 18:00:00,-3.739,0.0,0.0,0.0,0.0030000000000001137
2025-10-01 19:00:00,-3.734,0.0,0.0,0.0,0.004999999999999893
2025-10-01 20:00:00,-3.741,0.0,0.0,0.0,-0.007000000000000117
2025-10-01 21:00:00,-3.744,0.0,0.0,0.0,-0.0030000000000001137
2025-10-01 22:00:00,-3.744,0.0,0.0,0.0,0.0
2025-10-01 23:00:00,-3.743,0.0,0.0,0.0,0.001000000000000334
2025-10-02 00:00:00,-3.75,0.0,0.0,0.0,-0.007000000000000117
2025-10-02 01:00:00,-3.748,0.0,0.0,0.0,0.0019999999999997797
2025-10-02 02:00:00,-3.753,0.0,0.0,0.0,-0.004999999999999893
2025-10-02 03:00:00,-3.751,0.0,0.0,0.0,0.002000000000000224
2025-10-02 04:00:00,-3.753,0.0,0.0,0.0,-0.002000000000000224
2025-10-02 05:00:00,-3.746,0.0,0.0,0.0,0.007000000000000117
2025-10-02 06:00:00,-3.742,0.0,0.09,-0.09,0.0040000000000000036
2025-10-02 07:00:00,-3.743,0.0,0.17,-0.17,-0.0009999999999998899
2025-10-02 08:00:00,-3.745,0.0,0.26,-0.26,-0.002000000000000224
2025-10-02 09:00:00,-3.743,0.005,0.29,-0.285,0.002000000000000224
2025-10-02 10:00:00,-3.74,0.005,0.42,-0.415,0.0029999999999996696
2025-10-02 11:00:00,-3.746,0.0,0.59,-0.59,-0.005999999999999783
2025-10-02 12:00:00,-3.743,0.0,0.56,-0.56,0.0030000000000001137
2025-10-02 13:00:00,-3.758,0.0,0.4,-0.4,-0.015000000000000124
2025-10-02 14:00:00,-3.746,0.0,0.42,-0.42,0.01200000000000001
2025-10-02 15:00:00,-3.742,0.0,0.15,-0.15,0.0040000000000000036
2025-10-02 16:00:00,-3.741,0.0,0.05,-0.05,0.0009999999999998899
2025-10-02 17:00:00,-3.742,0.0,0.0,0.0,-0.0009999999999998899
2025-10-02 18:00:00,-3.748,0.0,0.0,0.0,-0.006000000000000227
2025-10-02 19:00:00,-3.746,0.0,0.0,0.0,0.002000000000000224
2025-10-02 20:00:00,-3.743,0.0,0.0,0.0,0.0030000000000001137
2025-10-02 21:00:00,-3.749,0.0,0.0,0.0,-0.006000000000000227
2025-10-02 22:00:00,-3.748,0.0,0.0,0.0,0.0009999999999998899
2025-10-02 23:00:00,-3.749,0.0,0.0,0.0,-0.0009999999999998899
2025-10-03 00:00:00,-3.746,0.0,0.0,0.0,0.0030000000000001137
2025-10-03 01:00:00,-3.747,0.0,0.0,0.0,-0.0009999999999998899
2025-10-03 02:00:00,-3.746,0.0,0.0,0.0,0.0009999999999998899
2025-10-03 03:00:00,-3.742,0.005,0.0,0.005,0.0040000000000000036
2025-10-03 04:00:00,-3.744,0.8,0.0,0.8,-0.002000000000000224
2025-10-03 05:00:00,-3.742,0.2,0.0,0.2,0.002000000000000224
2025-10-03 06:00:00,-3.743,0.0,0.05,-0.05,-0.0009999999999998899
2025-10-03 07:00:00,-3.754,0.0,0.16,-0.16,-0.01100000000000012
2025-10-03 08:00:00,-3.752,0.0,0.22,-0.22,0.002000000000000224
2025-10-03 09:00:00,-3.745,0.0,0.31,-0.31,0.006999999999999673
2025-10-03 10:00:00,-3.754,0.005,0.39,-0.385,-0.008999999999999897
2025-10-03 11:00:00,-3.747,0.0,0.36,-0.36,0.007000000000000117
2025-10-03 12:00:00,-3.741,0.0,0.29,-0.29,0.005999999999999783
2025-10-03 13:00:00,-3.743,0.005,0.22,-0.215,-0.0019999999999997797
2025-10-03 14:00:00,-3.74,0.005,0.14,-0.135,0.0029999999999996696
2025-10-03 15:00:00,-3.742,0.005,0.07,-0.065,-0.0019999999999997797
2025-10-03 16:00:00,-3.744,0.1,0.02,0.08,-0.002000000000000224
2025-10-03 17:00:00,-3.731,1.5,0.0,1.5,0.013000000000000345
2025-10-03 18:00:00,-3.74,1.7,0.0,1.7,-0.009000000000000341
2025-10-03 19:00:00,-3.742,2.4,0.0,2.4,-0.0019999999999997797
2025-10-03 20:00:00,-3.74,2.2,0.0,2.2,0.0019999999999997797
2025-10-03 21:00:00,-3.742,2.1,0.0,2.1,-0.0019999999999997797
2025-10-03 22:00:00,-3.738,1.1,0.0,1.1,0.0040000000000000036
2025-10-03 23:00:00,-3.733,0.4,0.0,0.4,0.004999999999999893
2025-10-04 00:00:00,-3.739,4.1,0.0,4.1,-0.005999999999999783
2025-10-04 01:00:00,-3.733,4.2,0.0,4.2,0.005999999999999783
2025-10-04 02:00:00,-3.736,3.7,0.0,3.7,-0.0030000000000001137
2025-10-04 03:00:00,-3.725,6.3,0.0,6.3,0.01100000000000012
2025-10-04 04:00:00,-3.712,1.9,0.0,1.9,0.0129999999999999
2025-10-04 05:00:00,-3.71,2.5,0.0,2.5,0.002000000000000224
2025-10-04 06:00:00,-3.708,0.2,0.01,0.19,0.0019999999999997797
2025-10-04 07:00:00,-3.704,0.005,0.07,-0.065,0.0040000000000000036
2025-10-04 08:00:00,-3.708,0.0,0.31,-0.31,-0.0040000000000000036
2025-10-04 09:00:00,-3.695,0.0,0.54,-0.54,0.013000000000000345
2025-10-04 10:00:00,,0.4,0.43,-0.02999999999999997,
2025-10-04 11:00:00,-3.698,0.005,0.64,-0.635,
2025-10-04 12:00:00,-3.69,0.005,0.32,-0.315,0.008000000000000007
2025-10-04 13:00:00,-3.682,0.2,0.37,-0.16999999999999998,0.008000000000000007
2025-10-04 14:00:00,-3.674,0.6,0.23,0.37,0.008000000000000007
2025-10-04 15:00:00,-3.676,0.6,0.1,0.5,-0.002000000000000224
2025-10-04 16:00:00,-3.671,0.1,0.04,0.060000000000000005,0.0050000000000003375
2025-10-04 17:00:00,-3.672,0.0,0.0,0.0,-0.001000000000000334
2025-10-04 18:00:00,-3.666,0.8,0.0,0.8,0.006000000000000227
2025-10-04 19:00:00,-3.65,0.005,0.0,0.005,0.016000000000000014
2025-10-04 20:00:00,-3.654,1.1,0.0,1.1,-0.0040000000000000036
2025-10-04 21:00:00,-3.667,0.005,0.0,0.005,-0.0129999999999999
2025-10-04 22:00:00,-3.667,0.0,0.0,0.0,0.0
2025-10-04 23:00:00,-3.654,0.0,0.0,0.0,0.0129999999999999
2025-10-05 00:00:00,-3.657,0.0,0.0,0.0,-0.0030000000000001137
2025-10-05 01:00:00,-3.655,0.005,0.0,0.005,0.002000000000000224
2025-10-05 02:00:00,-3.656,0.2,0.0,0.2,-0.001000000000000334
2025-10-05 03:00:00,-3.654,0.6,0.0,0.6,0.002000000000000224
2025-10-05 04:00:00,-3.646,1.4,0.0,1.4,0.008000000000000007
2025-10-05 05:00:00,-3.651,0.5,0.0,0.5,-0.004999999999999893
2025-10-05 06:00:00,-3.643,0.6,0.03,0.57,0.008000000000000007
2025-10-05 07:00:00,-3.648,0.2,0.18,0.020000000000000018,-0.0050000000000003375
2025-10-05 08:00:00,-3.658,0.005,0.18,-0.175,-0.009999999999999787
2025-10-05 09:00:00,-3.65,0.5,0.26,0.24,0.008000000000000007
2025-10-05 10:00:00,-3.652,0.2,0.24,-0.03999999999999998,-0.002000000000000224
2025-10-05 11:00:00,-3.649,0.005,0.29,-0.285,0.0030000000000001137
2025-10-05 12:00:00,-3.652,0.0,0.24,-0.24,-0.0030000000000001137
2025-10-05 13:00:00,-3.654,0.005,0.18,-0.175,-0.0019999999999997797
2025-10-05 14:00:00,-3.653,0.005,0.23,-0.225,0.0009999999999998899
2025-10-05 15:00:00,-3.642,0.005,0.1,-0.095,0.01100000000000012
2025-10-05 16:00:00,-3.648,0.005,0.03,-0.024999999999999998,-0.006000000000000227
2025-10-05 17:00:00,-3.649,0.005,0.0,0.005,-0.0009999999999998899
2025-10-05 18:00:00,-3.656,0.0,0.0,0.0,-0.007000000000000117
2025-10-05 19:00:00,-3.651,0.0,0.0,0.0,0.0050000000000003375
2025-10-05 20:00:00,-3.651,0.0,0.0,0.0,0.0
2025-10-05 21:00:00,-3.656,0.0,0.0,0.0,-0.0050000000000003375
2025-10-05 22:00:00,-3.655,0.0,0.0,0.0,0.001000000000000334
2025-10-05 23:00:00,-3.65,0.0,0.0,0.0,0.004999999999999893
2025-10-06 00:00:00,-3.653,0.0,0.0,0.0,-0.0030000000000001137
2025-10-06 01:00:00,,0.0,0.0,0.0,
2025-10-06 02:00:00,,0.005,0.0,0.005,
2025-10-06 03:00:00,,0.6,0.0,0.6,
2025-10-06 04:00:00,,0.2,0.0,0.2,
2025-10-06 05:00:00,,0.1,0.0,0.1,
2025-10-06 06:00:00,,0.0,0.02,-0.02,
2025-10-06 07:00:00,,0.005,0.12,-0.11499999999999999,
2025-10-06 08:00:00,,0.1,0.15,-0.04999999999999999,
2025-10-06 09:00:00,,0.2,0.29,-0.08999999999999997,
2025-10-06 10:00:00,,0.1,0.41,-0.30999999999999994,
2025-10-06 11:00:00,,0.1,0.65,-0.55,
2025-10-06 12:00:00,,0.1,0.39,-0.29000000000000004,
2025-10-06 13:00:00,,0.005,0.21,-0.205,
2025-10-06 14:00:00,,0.0,0.13,-0.13,
2025-10-06 15:00:00,,0.1,0.04,0.060000000000000005,
2025-10-06 16:00:00,,0.005,0.02,-0.015,
2025-10-06 17:00:00,,0.0,0.0,0.0,
2025-10-06 18:00:00,,0.0,0.0,0.0,
2025-10-06 19:00:00,,0.0,0.0,0.0,
2025-10-06 20:00:00,,0.0,0.0,0.0,
2025-10-06 21:00:00,,0.0,0.0,0.0,
2025-10-06 22:00:00,,0.0,0.0,0.0,
2025-10-06 23:00:00,,0.0,0.0,0.0,
2025-10-07 00:00:00,,0.0,0.0,0.0,
2025-10-07 01:00:00,,0.0,0.0,0.0,
2025-10-07 02:00:00,,0.0,0.0,0.0,
2025-10-07 03:00:00,,0.0,0.0,0.0,
2025-10-07 04:00:00,,0.0,0.0,0.0,
2025-10-07 05:00:00,,0.0,0.01,-0.01,
2025-10-07 06:00:00,,0.0,0.05,-0.05,
2025-10-07 07:00:00,,0.0,0.16,-0.16,
2025-10-07 08:00:00,,0.0,0.29,-0.29,
2025-10-07 09:00:00,,0.0,0.44,-0.44,
2025-10-07 10:00:00,,0.0,0.41,-0.41,
2025-10-07 11:00:00,,0.0,0.38,-0.38,
2025-10-07 12:00:00,,0.0,0.31,-0.31,
2025-10-07 13:00:00,,0.0,0.45,-0.45,
2025-10-07 14:00:00,,0.0,0.29,-0.29,
2025-10-07 15:00:00,,0.0,0.13,-0.13,
2025-10-07 16:00:00,,0.0,0.02,-0.02,
2025-10-07 17:00:00,,0.0,0.0,0.0,
2025-10-07 18:00:00,,0.0,0.0,0.0,
2025-10-07 19:00:00,,0.0,0.0,0.0,
2025-10-07 20:00:00,,0.0,0.0,0.0,
2025-10-07 21:00:00,,0.0,0.0,0.0,
2025-10-07 22:00:00,,0.0,0.0,0.0,
2025-10-07 23:00:00,,0.0,0.0,0.0,
2025-10-08 00:00:00,,0.0,0.0,0.0,
2025-10-08 01:00:00,,0.0,0.0,0.0,
2025-10-08 02:00:00,,0.0,0.0,0.0,
2025-10-08 03:00:00,,0.0,0.0,0.0,
2025-10-08 04:00:00,,0.0,0.0,0.0,
2025-10-08 05:00:00,,0.0,0.0,0.0,
2025-10-08 06:00:00,,0.0,0.06,-0.06,
2025-10-08 07:00:00,,0.0,0.12,-0.12,
2025-10-08 08:00:00,,0.0,0.16,-0.16,
2025-10-08 09:00:00,,0.005,0.17,-0.165,
2025-10-08 10:00:00,,0.005,0.46,-0.455,
2025-10-08 11:00:00,,0.005,0.3,-0.295,
2025-10-08 12:00:00,,0.2,0.55,-0.35000000000000003,
2025-10-08 13:00:00,,0.005,0.68,-0.675,
2025-10-08 14:00:00,,0.005,0.24,-0.235,
2025-10-08 15:00:00,,0.005,0.19,-0.185,
2025-10-08 16:00:00,,0.0,0.05,-0.05,
2025-10-08 17:00:00,,0.005,0.0,0.005,
2025-10-08 18:00:00,,0.1,0.0,0.1,
2025-10-08 19:00:00,,0.005,0.0,0.005,
2025-10-08 20:00:00,,0.0,0.0,0.0,
2025-10-08 21:00:00,,0.0,0.0,0.0,
2025-10-08 22:00:00,,0.0,0.0,0.0,
2025-10-08 23:00:00,,0.0,0.0,0.0,
2025-10-09 00:00:00,,0.0,0.0,0.0,
2025-10-09 01:00:00,,0.0,0.0,0.0,
2025-10-09 02:00:00,,0.0,0.0,0.0,
2025-10-09 03:00:00,,0.0,0.0,0.0,
2025-10-09 04:00:00,,0.0,0.0,0.0,
2025-10-09 05:00:00,,0.0,0.0,0.0,
2025-10-09 06:00:00,,0.0,0.09,-0.09,
2025-10-09 07:00:00,,0.0,0.28,-0.28,
2025-10-09 08:00:00,,0.0,0.48,-0.48,
2025-10-09 09:00:00,,0.0,0.67,-0.67,
2025-10-09 10:00:00,,0.0,0.57,-0.57,
2025-10-09 11:00:00,,0.0,0.28,-0.28,
2025-10-09 12:00:00,,0.0,0.37,-0.37,
2025-10-09 13:00:00,,0.0,0.55,-0.55,
2025-10-09 14:00:00,,0.0,0.22,-0.22,
2025-10-09 15:00:00,,0.0,0.05,-0.05,
2025-10-09 16:00:00,,0.0,0.01,-0.01,
2025-10-09 17:00:00,,0.0,0.0,0.0,
2025-10-09 18:00:00,,0.0,0.0,0.0,
2025-10-09 19:00:00,,0.0,0.0,0.0,
2025-10-09 20:00:00,,0.0,0.0,0.0,
2025-10-09 21:00:00,,0.005,0.0,0.005,
2025-10-09 22:00:00,,0.0,0.0,0.0,
2025-10-09 23:00:00,,0.0,0.0,0.0,
2025-10-10 00:00:00,,0.0,0.0,0.0,
2025-10-10 01:00:00,,0.0,0.0,0.0,
2025-10-10 02:00:00,,0.0,0.0,0.0,
2025-10-10 03:00:00,,0.0,0.0,0.0,
2025-10-10 04:00:00,,0.0,0.0,0.0,
2025-10-10 05:00:00,,0.0,0.0,0.0,
2025-10-10 06:00:00,,0.0,0.08,-0.08,
2025-10-10 07:00:00,,0.0,0.32,-0.32,
2025-10-10 08:00:00,,0.0,0.54,-0.54,
2025-10-10 09:00:00,,0.0,0.53,-0.53,
2025-10-10 10:00:00,,0.0,0.66,-0.66,
2025-10-10 11:00:00,,0.0,0.36,-0.36,
2025-10-10 12:00:00,,0.0,0.21,-0.21,
2025-10-10 13:00:00,,0.0,0.14,-0.14,
2025-10-10 14:00:00,,0.0,0.19,-0.19,
2025-10-10 15:00:00,,0.0,0.15,-0.15,
2025-10-10 16:00:00,,0.0,0.03,-0.03,
2025-10-10 17:00:00,,0.0,0.0,0.0,
2025-10-10 18:00:00,,0.0,0.0,0.0,
2025-10-10 19:00:00,,0.0,0.0,0.0,
2025-10-10 20:00:00,,0.0,0.0,0.0,
2025-10-10 21:00:00,,0.0,0.0,0.0,
2025-10-10 22:00:00,,0.0,0.0,0.0,
2025-10-10 23:00:00,,0.0,0.0,0.0,
2025-10-11 00:00:00,,0.0,0.0,0.0,
2025-10-11 01:00:00,,0.0,0.0,0.0,
2025-10-11 02:00:00,,0.0,0.0,0.0,
2025-10-11 03:00:00,,0.0,0.0,0.0,
2025-10-11 04:00:00,,0.0,0.0,0.0,
2025-10-11 05:00:00,,0.0,0.0,0.0,
2025-10-11 06:00:00,,0.0,0.02,-0.02,
2025-10-11 07:00:00,,0.0,0.08,-0.08,
2025-10-11 08:00:00,,0.0,0.2,-0.2,
2025-10-11 09:00:00,,0.0,0.3,-0.3,
2025-10-11 10:00:00,,0.0,0.42,-0.42,
2025-10-11 11:00:00,,0.0,0.38,-0.38,
2025-10-11 12:00:00,,0.0,0.23,-0.23,
2025-10-11 13:00:00,,0.0,0.28,-0.28,
2025-10-11 14:00:00,,0.0,0.29,-0.29,
2025-10-11 15:00:00,,0.0,0.14,-0.14,
2025-10-11 16:00:00,,0.0,0.02,-0.02,
2025-10-11 17:00:00,,0.0,0.0,0.0,
2025-10-11 18:00:00,,0.0,0.0,0.0,
2025-10-11 19:00:00,,0.0,0.0,0.0,
2025-10-11 20:00:00,,0.0,0.0,0.0,
2025-10-11 21:00:00,,0.0,0.0,0.0,
2025-10-11 22:00:00,,0.0,0.0,0.0,
2025-10-11 23:00:00,,0.0,0.0,0.0,
2025-10-12 00:00:00,,0.0,0.0,0.0,
2025-10-12 01:00:00,,0.0,0.0,0.0,
2025-10-12 02:00:00,,0.0,0.0,0.0,
2025-10-12 03:00:00,,0.0,0.0,0.0,
2025-10-12 04:00:00,,0.0,0.0,0.0,
2025-10-12 05:00:00,,0.0,0.0,0.0,
2025-10-12 06:00:00,,0.0,0.06,-0.06,
2025-10-12 07:00:00,,0.0,0.22,-0.22,
2025-10-12 08:00:00,,0.0,0.27,-0.27,
2025-10-12 09:00:00,,0.0,0.33,-0.33,
2025-10-12 10:00:00,,0.0,0.24,-0.24,
2025-10-12 11:00:00,,0.0,0.3,-0.3,
2025-10-12 12:00:00,,0.0,0.32,-0.32,
2025-10-12 13:00:00,,0.0,0.29,-0.29,
2025-10-12 14:00:00,,0.0,0.28,-0.28,
2025-10-12 15:00:00,,0.0,0.15,-0.15,
2025-10-12 16:00:00,,0.1,0.02,0.08,
2025-10-12 17:00:00,,0.2,0.0,0.2,
2025-10-12 18:00:00,,0.005,0.0,0.005,
2025-10-12 19:00:00,,0.1,0.0,0.1,
2025-10-12 20:00:00,,0.1,0.0,0.1,
2025-10-12 21:00:00,,0.1,0.0,0.1,
2025-10-12 22:00:00,,0.1,0.0,0.1,
2025-10-12 23:00:00,,0.1,0.0,0.1,
2025-10-13 00:00:00,,0.0,0.0,0.0,
2025-10-13 01:00:00,,0.0,0.0,0.0,
2025-10-13 02:00:00,,0.0,0.0,0.0,
2025-10-13 03:00:00,,0.0,0.0,0.0,
2025-10-13 04:00:00,,0.0,0.0,0.0,
2025-10-13 05:00:00,,0.0,0.0,0.0,
2025-10-13 06:00:00,,0.0,0.03,-0.03,
2025-10-13 07:00:00,,0.0,0.19,-0.19,
2025-10-13 08:00:00,,0.0,0.23,-0.23,
2025-10-13 09:00:00,,0.0,0.36,-0.36,
2025-10-13 10:00:00,,0.0,0.39,-0.39,
2025-10-13 11:00:00,,0.0,0.34,-0.34,
2025-10-13 12:00:00,,0.0,0.34,-0.34,
2025-10-13 13:00:00,,0.0,0.38,-0.38,
2025-10-13 14:00:00,,0.0,0.3,-0.3,
2025-10-13 15:00:00,,0.0,0.13,-0.13,
2025-10-13 16:00:00,,0.0,0.02,-0.02,
2025-10-13 17:00:00,,0.0,0.0,0.0,
2025-10-13 18:00:00,,0.0,0.0,0.0,
2025-10-13 19:00:00,,0.0,0.0,0.0,
2025-10-13 20:00:00,,0.0,0.0,0.0,
2025-10-13 21:00:00,,0.0,0.0,0.0,
2025-10-13 22:00:00,,0.0,0.0,0.0,
2025-10-13 23:00:00,,0.0,0.0,0.0,
2025-10-14 00:00:00,,0.0,0.0,0.0,
2025-10-14 01:00:00,,0.0,0.0,0.0,
2025-10-14 02:00:00,,0.0,0.0,0.0,
2025-10-14 03:00:00,,0.0,0.0,0.0,
2025-10-14 04:00:00,,0.005,0.0,0.005,
2025-10-14 05:00:00,,0.1,0.0,0.1,
2025-10-14 06:00:00,,0.0,0.03,-0.03,
2025-10-14 07:00:00,,0.0,0.11,-0.11,
2025-10-14 08:00:00,,0.0,0.25,-0.25,
2025-10-14 09:00:00,,0.0,0.57,-0.57,
2025-10-14 10:00:00,,0.005,0.57,-0.565,
2025-10-14 11:00:00,,0.005,0.33,-0.325,
2025-10-14 12:00:00,,0.005,0.32,-0.315,
2025-10-14 13:00:00,,0.0,0.26,-0.26,
2025-10-14 14:00:00,,0.2,0.16,0.04000000000000001,
2025-10-14 15:00:00,,0.005,0.1,-0.095,
2025-10-14 16:00:00,,0.005,0.01,-0.005,
2025-10-14 17:00:00,,0.0,0.0,0.0,
2025-10-14 18:00:00,,0.005,0.0,0.005,
2025-10-14 19:00:00,,0.005,0.0,0.005,
2025-10-14 20:00:00,,0.1,0.0,0.1,
2025-10-14 21:00:00,,0.0,0.0,0.0,
2025-10-14 22:00:00,,0.005,0.0,0.005,
2025-10-14 23:00:00,,0.005,0.0,0.005,
2025-10-15 00:00:00,,0.1,0.0,0.1,
2025-10-15 01:00:00,,0.0,0.0,0.0,
2025-10-15 02:00:00,,0.0,0.0,0.0,
2025-10-15 03:00:00,,0.2,0.0,0.2,
2025-10-15 04:00:00,,0.1,0.0,0.1,
2025-10-15 05:00:00,,0.0,0.0,0.0,
2025-10-15 06:00:00,,0.0,0.03,-0.03,
2025-10-15 07:00:00,,0.005,0.16,-0.155,
2025-10-15 08:00:00,,0.0,0.29,-0.29,
2025-10-15 09:00:00,,0.0,0.47,-0.47,
2025-10-15 10:00:00,,0.0,0.58,-0.58,
2025-10-15 11:00:00,,0.0,0.45,-0.45,
2025-10-15 12:00:00,,0.005,0.29,-0.285,
2025-10-15 13:00:00,,0.0,0.28,-0.28,
2025-10-15 14:00:00,,0.005,0.17,-0.165,
2025-10-15 15:00:00,,0.0,0.12,-0.12,
2025-10-15 16:00:00,,0.0,0.01,-0.01,
2025-10-15 17:00:00,,0.0,0.0,0.0,
2025-10-15 18:00:00,,0.0,0.0,0.0,
2025-10-15 19:00:00,,0.0,0.0,0.0,
2025-10-15 20:00:00,,0.0,0.0,0.0,
2025-10-15 21:00:00,,0.0,0.0,0.0,
2025-10-15 22:00:00,,0.005,0.0,0.005,
2025-10-15 23:00:00,,0.0,0.0,0.0,
2025-10-16 00:00:00,,0.0,0.0,0.0,
2025-10-16 01:00:00,,0.005,0.0,0.005,
2025-10-16 02:00:00,,0.2,0.0,0.2,
2025-10-16 03:00:00,,0.005,0.0,0.005,
2025-10-16 04:00:00,,0.005,0.0,0.005,
2025-10-16 05:00:00,,0.3,0.0,0.3,
2025-10-16 06:00:00,,0.005,0.02,-0.015,
2025-10-16 07:00:00,,0.005,0.11,-0.105,
2025-10-16 08:00:00,,0.0,0.31,-0.31,
2025-10-16 09:00:00,,0.0,0.35,-0.35,
2025-10-16 10:00:00,,0.0,0.33,-0.33,
2025-10-16 11:00:00,,0.0,0.31,-0.31,
2025-10-16 12:00:00,,0.0,0.24,-0.24,
2025-10-16 13:00:00,,0.0,0.23,-0.23,
2025-10-16 14:00:00,,0.0,0.14,-0.14,
2025-10-16 15:00:00,,0.005,0.05,-0.045000000000000005,
2025-10-16 16:00:00,,0.0,0.01,-0.01,
2025-10-16 17:00:00,,0.005,0.0,0.005,
2025-10-16 18:00:00,,0.0,0.0,0.0,
2025-10-16 19:00:00,,0.0,0.0,0.0,
2025-10-16 20:00:00,,0.0,0.0,0.0,
2025-10-16 21:00:00,,0.0,0.0,0.0,
2025-10-16 22:00:00,,0.0,0.0,0.0,
2025-10-16 23:00:00,,0.0,0.0,0.0,
2025-10-17 00:00:00,,0.0,0.0,0.0,
2025-10-17 01:00:00,,0.0,0.0,0.0,
2025-10-17 02:00:00,,0.0,0.0,0.0,
2025-10-17 03:00:00,,0.0,0.0,0.0,
2025-10-17 04:00:00,,0.0,0.0,0.0,
2025-10-17 05:00:00,,0.0,0.0,0.0,
2025-10-17 06:00:00,,0.0,0.02,-0.02,
2025-10-17 07:00:00,,0.0,0.11,-0.11,
2025-10-17 08:00:00,,0.0,0.22,-0.22,
2025-10-17 09:00:00,,0.0,0.4,-0.4,
2025-10-17 10:00:00,,0.0,0.41,-0.41,
2025-10-17 11:00:00,,0.0,0.33,-0.33,
2025-10-17 12:00:00,,0.0,0.35,-0.35,
2025-10-17 13:00:00,,0.0,0.35,-0.35,
2025-10-17 14:00:00,,0.1,0.1,0.0,
2025-10-17 15:00:00,,0.005,0.11,-0.105,
2025-10-17 16:00:00,,0.0,0.01,-0.01,
2025-10-17 17:00:00,,0.0,0.0,0.0,
2025-10-17 18:00:00,,0.1,0.0,0.1,
2025-10-17 19:00:00,,0.0,0.0,0.0,
2025-10-17 20:00:00,,0.0,0.0,0.0,
2025-10-17 21:00:00,,0.0,0.0,0.0,
2025-10-17 22:00:00,,0.005,0.0,0.005,
2025-10-17 23:00:00,,0.0,0.0,0.0,
2025-10-18 00:00:00,,0.0,0.0,0.0,
2025-10-18 01:00:00,,0.0,0.0,0.0,
2025-10-18 02:00:00,,0.0,0.0,0.0,
2025-10-18 03:00:00,,0.0,0.0,0.0,
2025-10-18 04:00:00,,0.0,0.0,0.0,
2025-10-18 05:00:00,,0.0,0.0,0.0,
2025-10-18 06:00:00,,0.0,0.02,-0.02,
2025-10-18 07:00:00,,0.0,0.06,-0.06,
2025-10-18 08:00:00,,0.0,0.12,-0.12,
2025-10-18 09:00:00,,0.0,0.25,-0.25,
2025-10-18 10:00:00,,0.0,0.33,-0.33,
2025-10-18 11:00:00,,0.0,0.56,-0.56,
2025-10-18 12:00:00,,0.0,0.44,-0.44,
2025-10-18 13:00:00,,0.0,0.29,-0.29,
2025-10-18 14:00:00,,0.0,0.19,-0.19,
2025-10-18 15:00:00,,0.0,0.08,-0.08,
2025-10-18 16:00:00,,0.0,0.01,-0.01,
2025-10-18 17:00:00,,0.0,0.0,0.0,
2025-10-18 18:00:00,,0.0,0.0,0.0,
2025-10-18 19:00:00,,0.0,0.0,0.0,
2025-10-18 20:00:00,,0.0,0.0,0.0,
2025-10-18 21:00:00,,0.0,0.0,0.0,
2025-10-18 22:00:00,,0.0,0.0,0.0,
2025-10-18 23:00:00,,0.0,0.0,0.0,
2025-10-19 00:00:00,,0.0,0.0,0.0,
2025-10-19 01:00:00,,0.0,0.0,0.0,
2025-10-19 02:00:00,,0.0,0.0,0.0,
2025-10-19 03:00:00,,0.0,0.0,0.0,
2025-10-19 04:00:00,,0.0,0.0,0.0,
2025-10-19 05:00:00,,0.0,0.0,0.0,
2025-10-19 06:00:00,,0.0,0.02,-0.02,
2025-10-19 07:00:00,,0.0,0.16,-0.16,
2025-10-19 08:00:00,,0.0,0.2,-0.2,
2025-10-19 09:00:00,,0.0,0.32,-0.32,
2025-10-19 10:00:00,,0.0,0.3,-0.3,
2025-10-19 11:00:00,,0.0,0.28,-0.28,
2025-10-19 12:00:00,,0.0,0.26,-0.26,
2025-10-19 13:00:00,,0.0,0.31,-0.31,
2025-10-19 14:00:00,,0.0,0.22,-0.22,
2025-10-19 15:00:00,,0.0,0.08,-0.08,
2025-10-19 16:00:00,,0.0,0.01,-0.01,
2025-10-19 17:00:00,,0.0,0.0,0.0,
2025-10-19 18:00:00,,0.0,0.0,0.0,
2025-10-19 19:00:00,,0.0,0.0,0.0,
2025-10-19 20:00:00,,0.005,0.0,0.005,
2025-10-19 21:00:00,,0.005,0.0,0.005,
2025-10-19 22:00:00,,0.005,0.0,0.005,
2025-10-19 23:00:00,,0.1,0.0,0.1,
2025-10-20 00:00:00,,0.6,0.0,0.6,
2025-10-20 01:00:00,,1.4,0.0,1.4,
2025-10-20 02:00:00,,0.1,0.0,0.1,
2025-10-20 03:00:00,,0.8,0.0,0.8,
2025-10-20 04:00:00,,1.2,0.0,1.2,
2025-10-20 05:00:00,,1.1,0.0,1.1,
2025-10-20 06:00:00,,0.1,0.0,0.1,
2025-10-20 07:00:00,,0.1,0.02,0.08,
2025-10-20 08:00:00,,0.0,0.14,-0.14,
2025-10-20 09:00:00,,0.0,0.34,-0.34,
2025-10-20 10:00:00,,0.0,0.46,-0.46,
2025-10-20 11:00:00,,0.0,0.4,-0.4,
2025-10-20 12:00:00,,0.0,0.31,-0.31,
2025-10-20 13:00:00,,0.0,0.19,-0.19,
2025-10-20 14:00:00,,0.1,0.17,-0.07,
2025-10-20 15:00:00,,0.005,0.13,-0.125,
2025-10-20 16:00:00,,0.005,0.0,0.005,
2025-10-20 17:00:00,,0.1,0.0,0.1,
2025-10-20 18:00:00,,0.005,0.0,0.005,
2025-10-20 19:00:00,,0.005,0.0,0.005,
2025-10-20 20:00:00,,0.3,0.0,0.3,
2025-10-20 21:00:00,,0.1,0.0,0.1,
2025-10-20 22:00:00,,0.3,0.0,0.3,
2025-10-20 23:00:00,,0.0,0.0,0.0,
2025-10-21 00:00:00,,0.0,0.0,0.0,
2025-10-21 01:00:00,,0.1,0.0,0.1,
2025-10-21 02:00:00,,1.3,0.0,1.3,
2025-10-21 03:00:00,,1.7,0.0,1.7,
2025-10-21 04:00:00,,0.2,0.0,0.2,
2025-10-21 05:00:00,,0.3,0.0,0.3,
2025-10-21 06:00:00,,0.005,0.01,-0.005,
2025-10-21 07:00:00,,0.0,0.08,-0.08,
2025-10-21 08:00:00,,0.0,0.14,-0.14,
2025-10-21 09:00:00,,0.0,0.15,-0.15,
2025-10-21 10:00:00,,0.005,0.22,-0.215,
2025-10-21 11:00:00,,0.005,0.42,-0.415,
2025-10-21 12:00:00,,0.0,0.31,-0.31,
2025-10-21 13:00:00,,1.3,0.21,1.09,
2025-10-21 14:00:00,,0.0,0.18,-0.18,
2025-10-21 15:00:00,,0.0,0.07,-0.07,
2025-10-21 16:00:00,,0.005,0.01,-0.005,
2025-10-21 17:00:00,,0.0,0.0,0.0,
2025-10-21 18:00:00,,0.0,0.0,0.0,
2025-10-21 19:00:00,,0.0,0.0,0.0,
2025-10-21 20:00:00,,0.0,0.0,0.0,
2025-10-21 21:00:00,,0.0,0.0,0.0,
2025-10-21 22:00:00,,0.005,0.0,0.005,
2025-10-21 23:00:00,,0.005,0.0,0.005,
2025-10-22 00:00:00,,0.1,0.0,0.1,
2025-10-22 01:00:00,,0.0,0.0,0.0,
2025-10-22 02:00:00,,0.0,0.0,0.0,
2025-10-22 03:00:00,,0.005,0.0,0.005,
2025-10-22 04:00:00,,0.1,0.0,0.1,
2025-10-22 05:00:00,,0.0,0.0,0.0,
2025-10-22 06:00:00,,0.0,0.02,-0.02,
2025-10-22 07:00:00,,0.0,0.12,-0.12,
2025-10-22 08:00:00,,0.0,0.23,-0.23,
2025-10-22 09:00:00,,0.0,0.39,-0.39,
2025-10-22 10:00:00,,0.0,0.34,-0.34,
2025-10-22 11:00:00,,0.0,0.45,-0.45,
2025-10-22 12:00:00,,0.0,0.36,-0.36,
2025-10-22 13:00:00,,0.0,0.22,-0.22,
2025-10-22 14:00:00,,0.0,0.1,-0.1,
2025-10-22 15:00:00,,0.2,0.02,0.18000000000000002,
2025-10-22 16:00:00,,0.2,0.0,0.2,
2025-10-22 17:00:00,,0.0,0.0,0.0,
2025-10-22 18:00:00,,0.0,0.0,0.0,
2025-10-22 19:00:00,,0.0,0.0,0.0,
2025-10-22 20:00:00,,0.0,0.0,0.0,
2025-10-22 21:00:00,,0.0,0.0,0.0,
2025-10-22 22:00:00,,0.0,0.0,0.0,
2025-10-22 23:00:00,,0.0,0.0,0.0,
2025-10-23 00:00:00,,0.1,0.0,0.1,
2025-10-23 01:00:00,,2.7,0.0,2.7,
2025-10-23 02:00:00,,6.1,0.0,6.1,
2025-10-23 03:00:00,,4.6,0.0,4.6,
2025-10-23 04:00:00,,6.0,0.0,6.0,
2025-10-23 05:00:00,,0.4,0.0,0.4,
2025-10-23 06:00:00,,0.0,0.01,-0.01,
2025-10-23 07:00:00,,0.0,0.1,-0.1,
2025-10-23 08:00:00,,0.0,0.19,-0.19,
2025-10-23 09:00:00,,0.0,0.44,-0.44,
2025-10-23 10:00:00,,0.0,0.34,-0.34,
2025-10-23 11:00:00,,0.0,0.35,-0.35,
2025-10-23 12:00:00,,0.1,0.17,-0.07,
2025-10-23 13:00:00,,0.4,0.16,0.24000000000000002,
2025-10-23 14:00:00,,0.005,0.09,-0.08499999999999999,
2025-10-23 15:00:00,,2.1,0.02,2.08,
2025-10-23 16:00:00,,2.7,0.0,2.7,
2025-10-23 17:00:00,,2.2,0.0,2.2,
2025-10-23 18:00:00,,2.3,0.0,2.3,
2025-10-23 19:00:00,,2.4,0.0,2.4,
2025-10-23 20:00:00,,1.2,0.0,1.2,
2025-10-23 21:00:00,,0.4,0.0,0.4,
2025-10-23 22:00:00,,0.005,0.0,0.005,
2025-10-23 23:00:00,,0.0,0.0,0.0,
2025-10-24 00:00:00,,0.005,0.0,0.005,
2025-10-24 01:00:00,,0.1,0.0,0.1,
2025-10-24 02:00:00,,0.005,0.0,0.005,
2025-10-24 03:00:00,,0.4,0.0,0.4,
2025-10-24 04:00:00,,0.005,0.0,0.005,
2025-10-24 05:00:00,,0.005,0.0,0.005,
2025-10-24 06:00:00,,0.0,0.01,-0.01,
2025-10-24 07:00:00,,0.005,0.03,-0.024999999999999998,
2025-10-24 08:00:00,,0.1,0.12,-0.01999999999999999,
2025-10-24 09:00:00,,0.0,0.21,-0.21,
2025-10-24 10:00:00,,0.0,0.21,-0.21,
2025-10-24 11:00:00,,0.0,0.26,-0.26,
2025-10-24 12:00:00,,0.0,0.25,-0.25,
2025-10-24 13:00:00,,0.0,0.19,-0.19,
2025-10-24 14:00:00,,0.0,0.14,-0.14,
2025-10-24 15:00:00,,0.2,0.03,0.17,
2025-10-24 16:00:00,,0.2,0.0,0.2,
2025-10-24 17:00:00,,0.2,0.0,0.2,
2025-10-24 18:00:00,,0.005,0.0,0.005,
2025-10-24 19:00:00,,0.005,0.0,0.005,
2025-10-24 20:00:00,,0.005,0.0,0.005,
2025-10-24 21:00:00,,0.005,0.0,0.005,
2025-10-24 22:00:00,,1.7,0.0,1.7,
2025-10-24 23:00:00,,0.005,0.0,0.005,
2025-10-25 00:00:00,,1.8,0.0,1.8,
2025-10-25 01:00:00,,0.3,0.0,0.3,
2025-10-25 02:00:00,,0.3,0.0,0.3,
2025-10-25 03:00:00,,0.4,0.0,0.4,
2025-10-25 04:00:00,,0.0,0.0,0.0,
2025-10-25 05:00:00,,0.005,0.0,0.005,
2025-10-25 06:00:00,,0.2,0.01,0.19,
2025-10-25 07:00:00,,2.4,0.03,2.37,
2025-10-25 08:00:00,,2.2,0.03,2.1700000000000004,
2025-10-25 09:00:00,,0.4,0.24,0.16000000000000003,
2025-10-25 10:00:00,,0.005,0.33,-0.325,
2025-10-25 11:00:00,,0.3,0.28,0.019999999999999962,
2025-10-25 12:00:00,,0.4,0.33,0.07,
2025-10-25 13:00:00,,0.005,0.33,-0.325,
2025-10-25 14:00:00,,0.0,0.29,-0.29,
2025-10-25 15:00:00,,0.0,0.11,-0.11,
2025-10-25 16:00:00,,0.005,0.0,0.005,
2025-10-25 17:00:00,,0.5,0.0,0.5,
2025-10-25 18:00:00,,0.1,0.0,0.1,
2025-10-25 19:00:00,,0.0,0.0,0.0,
2025-10-25 20:00:00,,0.0,0.0,0.0,
2025-10-25 21:00:00,,0.1,0.0,0.1,
2025-10-25 22:00:00,,0.2,0.0,0.2,
2025-10-25 23:00:00,,0.0,0.0,0.0,
2025-10-26 00:00:00,,0.3,0.0,0.3,
2025-10-26 01:00:00,,0.1,0.0,0.1,
2025-10-26 02:00:00,,1.8,0.0,1.8,
2025-10-26 03:00:00,,2.6,0.0,2.6,
2025-10-26 04:00:00,,2.0,0.0,2.0,
2025-10-26 05:00:00,,4.8,0.0,4.8,
2025-10-26 06:00:00,,0.3,0.01,0.29,
2025-10-26 07:00:00,,0.005,0.06,-0.055,
2025-10-26 08:00:00,,0.005,0.13,-0.125,
2025-10-26 09:00:00,,0.005,0.26,-0.255,
2025-10-26 10:00:00,,0.005,0.33,-0.325,
2025-10-26 11:00:00,,0.005,0.25,-0.245,
2025-10-26 12:00:00,,1.5,0.19,1.31,
2025-10-26 13:00:00,,0.1,0.15,-0.04999999999999999,
2025-10-26 14:00:00,,0.0,0.13,-0.13,
2025-10-26 15:00:00,,0.005,0.04,-0.035,
2025-10-26 16:00:00,,0.0,0.0,0.0,
2025-10-26 17:00:00,,0.005,0.0,0.005,
2025-10-26 18:00:00,,0.4,0.0,0.4,
2025-10-26 19:00:00,,1.1,0.0,1.1,
2025-10-26 20:00:00,,0.7,0.0,0.7,
2025-10-26 21:00:00,,1.4,0.0,1.4,
2025-10-26 22:00:00,,1.0,0.0,1.0,
2025-10-26 23:00:00,,0.7,0.0,0.7,
2025-10-27 00:00:00,,0.2,0.0,0.2,
2025-10-27 01:00:00,,0.3,0.0,0.3,
2025-10-27 02:00:00,,0.4,0.0,0.4,
2025-10-27 03:00:00,,0.9,0.0,0.9,
2025-10-27 04:00:00,,0.2,0.0,0.2,
2025-10-27 05:00:00,,0.3,0.0,0.3,
2025-10-27 06:00:00,,8.6,0.0,8.6,
2025-10-27 07:00:00,,0.2,0.02,0.18000000000000002,
2025-10-27 08:00:00,,1.3,0.04,1.26,
2025-10-27 09:00:00,,0.0,0.1,-0.1,
2025-10-27 10:00:00,,0.0,0.22,-0.22,
2025-10-27 11:00:00,,0.7,0.27,0.42999999999999994,
2025-10-27 12:00:00,,0.5,0.3,0.2,
2025-10-27 13:00:00,,0.0,0.26,-0.26,
2025-10-27 14:00:00,,0.005,0.16,-0.155,
2025-10-27 15:00:00,,0.5,0.06,0.44,
2025-10-27 16:00:00,,0.0,0.0,0.0,
2025-10-27 17:00:00,,0.005,0.0,0.005,
2025-10-27 18:00:00,,0.0,0.0,0.0,
2025-10-27 19:00:00,,0.0,0.0,0.0,
2025-10-27 20:00:00,,0.6,0.0,0.6,
2025-10-27 21:00:00,,0.0,0.0,0.0,
2025-10-27 22:00:00,,0.005,0.0,0.005,
2025-10-27 23:00:00,,0.0,0.0,0.0,
