Time,Waterniveau (m NAP)
2025-05-07 12:00:00,-4.129
2025-05-07 13:00:00,-4.126
2025-05-07 14:00:00,-4.138
2025-05-07 15:00:00,-4.142
2025-05-07 16:00:00,-4.144
2025-05-07 17:00:00,-4.139
2025-05-07 18:00:00,-4.143
2025-05-07 19:00:00,-4.149
2025-05-07 20:00:00,-4.152
2025-05-07 21:00:00,-4.149
2025-05-07 22:00:00,-4.149
2025-05-07 23:00:00,-4.15
2025-05-08 00:00:00,-4.15
2025-05-08 01:00:00,-4.149
2025-05-08 02:00:00,-4.15
2025-05-08 03:00:00,-4.152
2025-05-08 04:00:00,-4.145
2025-05-08 05:00:00,-4.149
2025-05-08 06:00:00,-4.149
2025-05-08 07:00:00,-4.147
2025-05-08 08:00:00,-4.149
2025-05-08 09:00:00,-4.148
2025-05-08 10:00:00,-4.144
2025-05-08 11:00:00,-4.149
2025-05-08 12:00:00,-4.148
2025-05-08 13:00:00,-4.148
2025-05-08 14:00:00,-4.153
2025-05-08 15:00:00,-4.145
2025-05-08 16:00:00,-4.153
2025-05-08 17:00:00,-4.149
2025-05-08 18:00:00,-4.156
2025-05-08 19:00:00,-4.152
2025-05-08 20:00:00,-4.156
2025-05-08 21:00:00,-4.152
2025-05-08 22:00:00,-4.148
2025-05-08 23:00:00,-4.158
2025-05-09 00:00:00,-4.156
2025-05-09 01:00:00,-4.157
2025-05-09 02:00:00,-4.153
2025-05-09 03:00:00,-4.151
2025-05-09 04:00:00,-4.157
2025-05-09 05:00:00,-4.152
2025-05-09 06:00:00,-4.15
2025-05-09 07:00:00,-4.157
2025-05-09 08:00:00,-4.157
2025-05-09 09:00:00,-4.157
2025-05-09 10:00:00,-4.153
2025-05-09 11:00:00,-4.156
2025-05-09 12:00:00,-4.152
2025-05-09 13:00:00,-4.149
2025-05-09 14:00:00,-4.153
2025-05-09 15:00:00,-4.157
2025-05-09 16:00:00,-4.159
2025-05-09 17:00:00,-4.155
2025-05-09 18:00:00,-4.162
2025-05-09 19:00:00,-4.156
2025-05-09 20:00:00,-4.155
2025-05-09 21:00:00,-4.157
2025-05-09 22:00:00,-4.151
2025-05-09 23:00:00,-4.155
2025-05-10 00:00:00,-4.149
2025-05-10 01:00:00,-4.155
2025-05-10 02:00:00,-4.151
2025-05-10 03:00:00,-4.148
2025-05-10 04:00:00,-4.154
2025-05-10 05:00:00,-4.148
2025-05-10 06:00:00,-4.155
2025-05-10 07:00:00,-4.154
2025-05-10 08:00:00,-4.158
2025-05-10 09:00:00,-4.155
2025-05-10 10:00:00,-4.154
2025-05-10 11:00:00,-4.153
2025-05-10 12:00:00,-4.15
2025-05-10 13:00:00,-4.149
2025-05-10 14:00:00,-4.153
2025-05-10 15:00:00,-4.156
2025-05-10 16:00:00,-4.158
2025-05-10 17:00:00,-4.156
2025-05-10 18:00:00,-4.149
2025-05-10 19:00:00,-4.155
2025-05-10 20:00:00,-4.158
2025-05-10 21:00:00,-4.156
2025-05-10 22:00:00,-4.153
2025-05-10 23:00:00,-4.155
2025-05-11 00:00:00,-4.151
2025-05-11 01:00:00,-4.144
2025-05-11 02:00:00,-4.156
2025-05-11 03:00:00,-4.15
2025-05-11 04:00:00,-4.148
2025-05-11 05:00:00,-4.154
2025-05-11 06:00:00,-4.148
2025-05-11 07:00:00,-4.154
2025-05-11 08:00:00,-4.143
2025-05-11 09:00:00,-4.15
2025-05-11 10:00:00,-4.152
2025-05-11 11:00:00,-4.151
2025-05-11 12:00:00,-4.145
2025-05-11 13:00:00,-4.152
2025-05-11 14:00:00,-4.153
2025-05-11 15:00:00,-4.148
2025-05-11 16:00:00,-4.154
2025-05-11 17:00:00,-4.152
2025-05-11 18:00:00,-4.152
2025-05-11 19:00:00,-4.152
2025-05-11 20:00:00,-4.153
2025-05-11 21:00:00,-4.154
2025-05-11 22:00:00,-4.155
2025-05-11 23:00:00,-4.157
2025-05-12 00:00:00,-4.15
2025-05-12 01:00:00,-4.159
2025-05-12 02:00:00,-4.153
2025-05-12 03:00:00,-4.151
2025-05-12 04:00:00,-4.153
2025-05-12 05:00:00,-4.151
2025-05-12 06:00:00,-4.157
2025-05-12 07:00:00,-4.149
2025-05-12 08:00:00,-4.148
2025-05-12 09:00:00,-4.151
2025-05-12 10:00:00,-4.156
2025-05-12 11:00:00,-4.151
2025-05-12 12:00:00,-4.151
2025-05-12 13:00:00,-4.155
2025-05-12 14:00:00,-4.155
2025-05-12 15:00:00,-4.154
2025-05-12 16:00:00,-4.155
2025-05-12 17:00:00,-4.152
2025-05-12 18:00:00,-4.16
2025-05-12 19:00:00,-4.159
2025-05-12 20:00:00,-4.161
2025-05-12 21:00:00,-4.158
2025-05-12 22:00:00,-4.164
2025-05-12 23:00:00,-4.161
2025-05-13 00:00:00,-4.159
2025-05-13 01:00:00,-4.16
2025-05-13 02:00:00,-4.163
2025-05-13 03:00:00,-4.165
2025-05-13 04:00:00,-4.161
2025-05-13 05:00:00,-4.165
2025-05-13 06:00:00,-4.163
2025-05-13 07:00:00,-4.163
2025-05-13 08:00:00,-4.165
2025-05-13 09:00:00,-4.161
2025-05-13 10:00:00,-4.166
2025-05-13 11:00:00,-4.162
2025-05-13 12:00:00,-4.162
2025-05-13 13:00:00,-4.168
2025-05-13 14:00:00,-4.165
2025-05-13 15:00:00,-4.153
2025-05-13 16:00:00,-4.154
2025-05-13 17:00:00,-4.148
2025-05-13 18:00:00,-4.149
2025-05-13 19:00:00,-4.144
2025-05-13 20:00:00,-4.143
2025-05-13 21:00:00,-4.14
2025-05-13 22:00:00,-4.138
2025-05-13 23:00:00,-4.135
2025-05-14 00:00:00,-4.14
2025-05-14 01:00:00,-4.129
2025-05-14 02:00:00,-4.138
2025-05-14 03:00:00,-4.137
2025-05-14 04:00:00,-4.133
2025-05-14 05:00:00,-4.13
2025-05-14 06:00:00,-4.13
2025-05-14 07:00:00,-4.132
2025-05-14 08:00:00,-4.13
2025-05-14 09:00:00,-4.133
2025-05-14 10:00:00,-4.133
2025-05-14 11:00:00,-4.132
2025-05-14 12:00:00,-4.13
2025-05-14 13:00:00,-4.133
2025-05-14 14:00:00,-4.131
2025-05-14 15:00:00,-4.134
2025-05-14 16:00:00,-4.143
2025-05-14 17:00:00,-4.136
2025-05-14 18:00:00,-4.142
2025-05-14 19:00:00,-4.138
2025-05-14 20:00:00,-4.14
2025-05-14 21:00:00,-4.148
2025-05-14 22:00:00,-4.136
2025-05-14 23:00:00,-4.142
2025-05-15 00:00:00,-4.133
2025-05-15 01:00:00,-4.139
2025-05-15 02:00:00,-4.134
2025-05-15 03:00:00,-4.139
2025-05-15 04:00:00,-4.137
2025-05-15 05:00:00,-4.139
2025-05-15 06:00:00,-4.137
2025-05-15 07:00:00,-4.138
2025-05-15 08:00:00,-4.138
2025-05-15 09:00:00,-4.138
2025-05-15 10:00:00,-4.139
2025-05-15 11:00:00,-4.137
2025-05-15 12:00:00,-4.136
2025-05-15 13:00:00,-4.134
2025-05-15 14:00:00,-4.134
2025-05-15 15:00:00,-4.133
2025-05-15 16:00:00,-4.133
2025-05-15 17:00:00,-4.13
2025-05-15 18:00:00,-4.137
2025-05-15 19:00:00,-4.136
2025-05-15 20:00:00,-4.138
2025-05-15 21:00:00,-4.14
2025-05-15 22:00:00,-4.143
2025-05-15 23:00:00,-4.143
2025-05-16 00:00:00,-4.146
2025-05-16 01:00:00,-4.141
2025-05-16 02:00:00,-4.148
2025-05-16 03:00:00,-4.141
2025-05-16 04:00:00,-4.147
2025-05-16 05:00:00,-4.147
2025-05-16 06:00:00,-4.151
2025-05-16 07:00:00,-4.148
2025-05-16 08:00:00,-4.147
2025-05-16 09:00:00,-4.146
2025-05-16 10:00:00,-4.144
2025-05-16 11:00:00,-4.142
2025-05-16 12:00:00,-4.143
2025-05-16 13:00:00,-4.139
2025-05-16 14:00:00,-4.143
2025-05-16 15:00:00,-4.148
2025-05-16 16:00:00,-4.147
2025-05-16 17:00:00,-4.15
2025-05-16 18:00:00,-4.142
2025-05-16 19:00:00,-4.139
2025-05-16 20:00:00,-4.142
2025-05-16 21:00:00,-4.15
2025-05-16 22:00:00,-4.14
2025-05-16 23:00:00,-4.143
2025-05-17 00:00:00,-4.147
2025-05-17 01:00:00,-4.146
2025-05-17 02:00:00,-4.14
2025-05-17 03:00:00,-4.144
2025-05-17 04:00:00,-4.14
2025-05-17 05:00:00,-4.14
2025-05-17 06:00:00,-4.139
2025-05-17 07:00:00,-4.137
2025-05-17 08:00:00,-4.134
2025-05-17 09:00:00,-4.141
2025-05-17 10:00:00,-4.133
2025-05-17 11:00:00,-4.132
2025-05-17 12:00:00,-4.139
2025-05-17 13:00:00,-4.144
2025-05-17 14:00:00,-4.136
2025-05-17 15:00:00,-4.134
2025-05-17 16:00:00,-4.145
2025-05-17 17:00:00,-4.151
2025-05-17 18:00:00,-4.153
2025-05-17 19:00:00,-4.152
2025-05-17 20:00:00,-4.152
2025-05-17 21:00:00,-4.145
2025-05-17 22:00:00,-4.15
2025-05-17 23:00:00,-4.148
2025-05-18 00:00:00,-4.144
2025-05-18 01:00:00,-4.147
2025-05-18 02:00:00,-4.146
2025-05-18 03:00:00,-4.149
2025-05-18 04:00:00,-4.142
2025-05-18 05:00:00,-4.145
2025-05-18 06:00:00,-4.14
2025-05-18 07:00:00,-4.145
2025-05-18 08:00:00,-4.149
2025-05-18 09:00:00,-4.145
2025-05-18 10:00:00,-4.144
2025-05-18 11:00:00,-4.145
2025-05-18 12:00:00,-4.149
2025-05-18 13:00:00,-4.142
2025-05-18 14:00:00,-4.15
2025-05-18 15:00:00,-4.148
2025-05-18 16:00:00,-4.15
2025-05-18 17:00:00,-4.148
2025-05-18 18:00:00,-4.151
2025-05-18 19:00:00,-4.149
2025-05-18 20:00:00,-4.146
2025-05-18 21:00:00,-4.149
2025-05-18 22:00:00,-4.15
2025-05-18 23:00:00,-4.15
2025-05-19 00:00:00,-4.151
2025-05-19 01:00:00,-4.15
2025-05-19 02:00:00,-4.149
2025-05-19 03:00:00,-4.15
2025-05-19 04:00:00,-4.142
2025-05-19 05:00:00,-4.155
2025-05-19 06:00:00,-4.147
2025-05-19 07:00:00,-4.152
2025-05-19 08:00:00,-4.152
2025-05-19 09:00:00,-4.15
2025-05-19 10:00:00,-4.148
2025-05-19 11:00:00,-4.151
2025-05-19 12:00:00,-4.154
2025-05-19 13:00:00,-4.155
2025-05-19 14:00:00,-4.151
2025-05-19 15:00:00,-4.152
2025-05-19 16:00:00,-4.155
2025-05-19 17:00:00,-4.156
2025-05-19 18:00:00,-4.153
2025-05-19 19:00:00,-4.151
2025-05-19 20:00:00,-4.158
2025-05-19 21:00:00,-4.154
2025-05-19 22:00:00,-4.153
2025-05-19 23:00:00,-4.16
2025-05-20 00:00:00,-4.152
2025-05-20 01:00:00,-4.157
2025-05-20 02:00:00,-4.154
2025-05-20 03:00:00,-4.154
2025-05-20 04:00:00,-4.154
2025-05-20 05:00:00,-4.153
2025-05-20 06:00:00,-4.152
2025-05-20 07:00:00,-4.153
2025-05-20 08:00:00,-4.149
2025-05-20 09:00:00,-4.152
2025-05-20 10:00:00,-4.154
2025-05-20 11:00:00,-4.155
2025-05-20 12:00:00,-4.159
2025-05-20 13:00:00,-4.15
2025-05-20 14:00:00,-4.154
2025-05-20 15:00:00,-4.155
2025-05-20 16:00:00,-4.157
2025-05-20 17:00:00,-4.159
2025-05-20 18:00:00,-4.157
2025-05-20 19:00:00,-4.158
2025-05-20 20:00:00,-4.158
2025-05-20 21:00:00,-4.159
2025-05-20 22:00:00,-4.161
2025-05-20 23:00:00,-4.153
2025-05-21 00:00:00,-4.155
2025-05-21 01:00:00,-4.157
2025-05-21 02:00:00,-4.153
2025-05-21 03:00:00,-4.152
2025-05-21 04:00:00,-4.148
2025-05-21 05:00:00,-4.155
2025-05-21 06:00:00,-4.153
2025-05-21 07:00:00,-4.146
2025-05-21 08:00:00,-4.15
2025-05-21 09:00:00,-4.151
2025-05-21 10:00:00,-4.143
2025-05-21 11:00:00,-4.144
2025-05-21 12:00:00,-4.142
2025-05-21 13:00:00,-4.149
2025-05-21 14:00:00,-4.148
2025-05-21 15:00:00,-4.149
2025-05-21 16:00:00,-4.152
2025-05-21 17:00:00,-4.152
2025-05-21 18:00:00,-4.152
2025-05-21 19:00:00,-4.153
2025-05-21 20:00:00,-4.153
2025-05-21 21:00:00,-4.148
2025-05-21 22:00:00,-4.148
2025-05-21 23:00:00,-4.153
2025-05-22 00:00:00,-4.151
2025-05-22 01:00:00,-4.153
2025-05-22 02:00:00,-4.153
2025-05-22 03:00:00,-4.152
2025-05-22 04:00:00,-4.154
2025-05-22 05:00:00,-4.153
2025-05-22 06:00:00,-4.151
2025-05-22 07:00:00,-4.153
2025-05-22 08:00:00,-4.153
2025-05-22 09:00:00,-4.151
2025-05-22 10:00:00,-4.149
2025-05-22 11:00:00,-4.152
2025-05-22 12:00:00,-4.151
2025-05-22 13:00:00,-4.147
2025-05-22 14:00:00,-4.155
2025-05-22 15:00:00,-4.155
2025-05-22 16:00:00,-4.157
2025-05-22 17:00:00,-4.159
2025-05-22 18:00:00,-4.16
2025-05-22 19:00:00,-4.16
2025-05-22 20:00:00,-4.16
2025-05-22 21:00:00,-4.166
2025-05-22 22:00:00,-4.172
2025-05-22 23:00:00,-4.164
2025-05-23 00:00:00,-4.169
2025-05-23 01:00:00,-4.167
2025-05-23 02:00:00,-4.167
2025-05-23 03:00:00,-4.165
2025-05-23 04:00:00,-4.169
2025-05-23 05:00:00,-4.168
2025-05-23 06:00:00,-4.172
2025-05-23 07:00:00,-4.177
2025-05-23 08:00:00,-4.174
2025-05-23 09:00:00,-4.174
2025-05-23 10:00:00,-4.175
2025-05-23 11:00:00,-4.178
2025-05-23 12:00:00,-4.185
2025-05-23 13:00:00,-4.179
2025-05-23 14:00:00,-4.184
2025-05-23 15:00:00,-4.177
2025-05-23 16:00:00,-4.176
2025-05-23 17:00:00,-4.18
2025-05-23 18:00:00,-4.188
2025-05-23 19:00:00,-4.18
2025-05-23 20:00:00,-4.183
2025-05-23 21:00:00,-4.191
2025-05-23 22:00:00,-4.19
2025-05-23 23:00:00,-4.188
2025-05-24 00:00:00,-4.185
2025-05-24 01:00:00,-4.19
2025-05-24 02:00:00,-4.19
2025-05-24 03:00:00,-4.183
2025-05-24 04:00:00,-4.182
2025-05-24 05:00:00,-4.186
2025-05-24 06:00:00,-4.185
2025-05-24 07:00:00,-4.181
2025-05-24 08:00:00,-4.184
2025-05-24 09:00:00,-4.183
2025-05-24 10:00:00,-4.183
2025-05-24 11:00:00,-4.183
2025-05-24 12:00:00,-4.184
2025-05-24 13:00:00,-4.179
2025-05-24 14:00:00,-4.18
2025-05-24 15:00:00,-4.176
2025-05-24 16:00:00,-4.177
2025-05-24 17:00:00,-4.18
2025-05-24 18:00:00,-4.174
2025-05-24 19:00:00,-4.176
2025-05-24 20:00:00,-4.179
2025-05-24 21:00:00,-4.174
2025-05-24 22:00:00,-4.171
2025-05-24 23:00:00,-4.177
2025-05-25 00:00:00,-4.177
2025-05-25 01:00:00,-4.174
2025-05-25 02:00:00,-4.178
2025-05-25 03:00:00,-4.179
2025-05-25 04:00:00,-4.172
2025-05-25 05:00:00,-4.179
2025-05-25 06:00:00,-4.169
2025-05-25 07:00:00,-4.173
2025-05-25 08:00:00,-4.179
2025-05-25 09:00:00,-4.176
2025-05-25 10:00:00,-4.179
2025-05-25 11:00:00,-4.171
2025-05-25 12:00:00,-4.175
2025-05-25 13:00:00,-4.178
2025-05-25 14:00:00,-4.174
2025-05-25 15:00:00,-4.174
2025-05-25 16:00:00,-4.174
2025-05-25 17:00:00,-4.177
2025-05-25 18:00:00,-4.182
2025-05-25 19:00:00,-4.179
2025-05-25 20:00:00,-4.181
2025-05-25 21:00:00,-4.18
2025-05-25 22:00:00,-4.178
2025-05-25 23:00:00,-4.185
2025-05-26 00:00:00,-4.18
2025-05-26 01:00:00,-4.179
2025-05-26 02:00:00,-4.179
2025-05-26 03:00:00,-4.18
2025-05-26 04:00:00,-4.174
2025-05-26 05:00:00,-4.181
2025-05-26 06:00:00,-4.179
2025-05-26 07:00:00,-4.175
2025-05-26 08:00:00,-4.18
2025-05-26 09:00:00,-4.179
2025-05-26 10:00:00,-4.183
2025-05-26 11:00:00,-4.178
2025-05-26 12:00:00,-4.18
2025-05-26 13:00:00,-4.181
2025-05-26 14:00:00,-4.182
2025-05-26 15:00:00,-4.186
2025-05-26 16:00:00,-4.18
2025-05-26 17:00:00,-4.178
2025-05-26 18:00:00,-4.177
2025-05-26 19:00:00,-4.173
2025-05-26 20:00:00,-4.17
2025-05-26 21:00:00,-4.173
2025-05-26 22:00:00,-4.164
2025-05-26 23:00:00,-4.173
2025-05-27 00:00:00,-4.17
2025-05-27 01:00:00,-4.165
2025-05-27 02:00:00,-4.169
2025-05-27 03:00:00,-4.168
2025-05-27 04:00:00,-4.162
2025-05-27 05:00:00,-4.167
2025-05-27 06:00:00,-4.159
2025-05-27 07:00:00,-4.163
2025-05-27 08:00:00,-4.157
2025-05-27 09:00:00,-4.162
2025-05-27 10:00:00,-4.157
2025-05-27 11:00:00,-4.159
2025-05-27 12:00:00,-4.151
2025-05-27 13:00:00,-4.159
2025-05-27 14:00:00,-4.154
2025-05-27 15:00:00,-4.157
2025-05-27 16:00:00,-4.16
2025-05-27 17:00:00,-4.161
2025-05-27 18:00:00,-4.151
2025-05-27 19:00:00,-4.152
2025-05-27 20:00:00,-4.148
2025-05-27 21:00:00,-4.147
2025-05-27 22:00:00,-4.138
2025-05-27 23:00:00,-4.134
2025-05-28 00:00:00,-4.133
2025-05-28 01:00:00,-4.133
2025-05-28 02:00:00,-4.125
2025-05-28 03:00:00,-4.131
2025-05-28 04:00:00,-4.128
2025-05-28 05:00:00,-4.128
2025-05-28 06:00:00,-4.128
2025-05-28 07:00:00,-4.129
2025-05-28 08:00:00,-4.129
2025-05-28 09:00:00,-4.129
2025-05-28 10:00:00,-4.129
2025-05-28 11:00:00,-4.128
2025-05-28 12:00:00,-4.128
2025-05-28 13:00:00,-4.124
2025-05-28 14:00:00,-4.124
2025-05-28 15:00:00,-4.131
2025-05-28 16:00:00,-4.125
2025-05-28 17:00:00,-4.126
2025-05-28 18:00:00,-4.128
2025-05-28 19:00:00,-4.131
2025-05-28 20:00:00,-4.126
2025-05-28 21:00:00,-4.136
2025-05-28 22:00:00,-4.133
2025-05-28 23:00:00,-4.136
2025-05-29 00:00:00,-4.135
2025-05-29 01:00:00,-4.142
2025-05-29 02:00:00,-4.141
2025-05-29 03:00:00,-4.141
2025-05-29 04:00:00,-4.139
2025-05-29 05:00:00,-4.143
2025-05-29 06:00:00,-4.145
2025-05-29 07:00:00,-4.148
2025-05-29 08:00:00,-4.148
2025-05-29 09:00:00,-4.153
2025-05-29 10:00:00,-4.15
2025-05-29 11:00:00,-4.152
2025-05-29 12:00:00,-4.151
2025-05-29 13:00:00,-4.156
2025-05-29 14:00:00,-4.158
2025-05-29 15:00:00,-4.151
2025-05-29 16:00:00,-4.152
2025-05-29 17:00:00,-4.152
2025-05-29 18:00:00,-4.147
2025-05-29 19:00:00,-4.145
2025-05-29 20:00:00,-4.157
2025-05-29 21:00:00,-4.152
2025-05-29 22:00:00,-4.153
2025-05-29 23:00:00,-4.158
2025-05-30 00:00:00,-4.157
2025-05-30 01:00:00,-4.157
2025-05-30 02:00:00,-4.156
2025-05-30 03:00:00,-4.159
2025-05-30 04:00:00,-4.157
2025-05-30 05:00:00,-4.155
2025-05-30 06:00:00,-4.154
2025-05-30 07:00:00,-4.157
2025-05-30 08:00:00,-4.156
2025-05-30 09:00:00,-4.159
2025-05-30 10:00:00,-4.159
2025-05-30 11:00:00,-4.153
2025-05-30 12:00:00,-4.151
2025-05-30 13:00:00,-4.155
2025-05-30 14:00:00,-4.157
2025-05-30 15:00:00,-4.157
2025-05-30 16:00:00,-4.152
2025-05-30 17:00:00,-4.152
2025-05-30 18:00:00,-4.15
2025-05-30 19:00:00,-4.153
2025-05-30 20:00:00,-4.157
2025-05-30 21:00:00,-4.16
2025-05-30 22:00:00,-4.158
2025-05-30 23:00:00,-4.161
2025-05-31 00:00:00,-4.159
2025-05-31 01:00:00,-4.156
2025-05-31 02:00:00,-4.159
2025-05-31 03:00:00,-4.156
2025-05-31 04:00:00,-4.164
2025-05-31 05:00:00,-4.159
2025-05-31 06:00:00,-4.151
2025-05-31 07:00:00,-4.156
2025-05-31 08:00:00,-4.16
2025-05-31 09:00:00,-4.16
2025-05-31 10:00:00,-4.161
2025-05-31 11:00:00,-4.162
2025-05-31 12:00:00,-4.162
2025-05-31 13:00:00,-4.161
2025-05-31 14:00:00,-4.157
2025-05-31 15:00:00,-4.163
2025-05-31 16:00:00,-4.159
2025-05-31 17:00:00,-4.157
2025-05-31 18:00:00,-4.16
2025-05-31 19:00:00,-4.159
2025-05-31 20:00:00,-4.162
2025-05-31 21:00:00,-4.158
2025-05-31 22:00:00,-4.164
2025-05-31 23:00:00,-4.162
2025-06-01 00:00:00,-4.161
2025-06-01 01:00:00,-4.167
2025-06-01 02:00:00,-4.168
2025-06-01 03:00:00,-4.158
2025-06-01 04:00:00,-4.16
2025-06-01 05:00:00,-4.166
2025-06-01 06:00:00,-4.162
2025-06-01 07:00:00,-4.166
2025-06-01 08:00:00,-4.163
2025-06-01 09:00:00,-4.167
2025-06-01 10:00:00,-4.167
2025-06-01 11:00:00,-4.166
2025-06-01 12:00:00,-4.165
2025-06-01 13:00:00,-4.169
2025-06-01 14:00:00,-4.17
2025-06-01 15:00:00,-4.168
2025-06-01 16:00:00,-4.171
2025-06-01 17:00:00,-4.17
2025-06-01 18:00:00,-4.175
2025-06-01 19:00:00,-4.168
2025-06-01 20:00:00,-4.175
2025-06-01 21:00:00,-4.173
2025-06-01 22:00:00,-4.177
2025-06-01 23:00:00,-4.171
2025-06-02 00:00:00,-4.176
2025-06-02 01:00:00,-4.176
2025-06-02 02:00:00,-4.179
2025-06-02 03:00:00,-4.172
2025-06-02 04:00:00,-4.174
2025-06-02 05:00:00,-4.168
2025-06-02 06:00:00,-4.173
2025-06-02 07:00:00,-4.174
2025-06-02 08:00:00,-4.168
2025-06-02 09:00:00,-4.171
2025-06-02 10:00:00,-4.176
2025-06-02 11:00:00,-4.173
2025-06-02 12:00:00,-4.171
2025-06-02 13:00:00,-4.175
2025-06-02 14:00:00,-4.173
2025-06-02 15:00:00,-4.177
2025-06-02 16:00:00,-4.18
2025-06-02 17:00:00,-4.178
2025-06-02 18:00:00,-4.177
2025-06-02 19:00:00,-4.182
2025-06-02 20:00:00,-4.182
2025-06-02 21:00:00,-4.183
2025-06-02 22:00:00,-4.18
2025-06-02 23:00:00,-4.181
2025-06-03 00:00:00,-4.18
2025-06-03 01:00:00,-4.177
2025-06-03 02:00:00,-4.178
2025-06-03 03:00:00,-4.181
2025-06-03 04:00:00,-4.177
2025-06-03 05:00:00,-4.178
2025-06-03 06:00:00,-4.172
2025-06-03 07:00:00,-4.176
2025-06-03 08:00:00,-4.173
2025-06-03 09:00:00,-4.173
2025-06-03 10:00:00,-4.169
2025-06-03 11:00:00,-4.174
2025-06-03 12:00:00,-4.174
2025-06-03 13:00:00,-4.177
2025-06-03 14:00:00,-4.173
2025-06-03 15:00:00,-4.176
2025-06-03 16:00:00,-4.177
2025-06-03 17:00:00,-4.178
2025-06-03 18:00:00,-4.176
2025-06-03 19:00:00,-4.18
2025-06-03 20:00:00,-4.183
2025-06-03 21:00:00,-4.181
2025-06-03 22:00:00,-4.18
2025-06-03 23:00:00,-4.182
2025-06-04 00:00:00,-4.178
2025-06-04 01:00:00,-4.18
2025-06-04 02:00:00,-4.181
2025-06-04 03:00:00,-4.175
2025-06-04 04:00:00,-4.172
2025-06-04 05:00:00,-4.175
2025-06-04 06:00:00,-4.171
2025-06-04 07:00:00,-4.173
2025-06-04 08:00:00,-4.17
2025-06-04 09:00:00,-4.167
2025-06-04 10:00:00,-4.169
2025-06-04 11:00:00,-4.173
2025-06-04 12:00:00,-4.163
2025-06-04 13:00:00,-4.171
2025-06-04 14:00:00,-4.166
2025-06-04 15:00:00,-4.164
2025-06-04 16:00:00,-4.172
2025-06-04 17:00:00,-4.172
2025-06-04 18:00:00,-4.176
2025-06-04 19:00:00,-4.177
2025-06-04 20:00:00,-4.18
2025-06-04 21:00:00,-4.18
2025-06-04 22:00:00,-4.178
2025-06-04 23:00:00,-4.176
2025-06-05 00:00:00,-4.18
2025-06-05 01:00:00,-4.183
2025-06-05 02:00:00,-4.181
2025-06-05 03:00:00,-4.183
2025-06-05 04:00:00,-4.181
2025-06-05 05:00:00,-4.18
2025-06-05 06:00:00,-4.174
2025-06-05 07:00:00,-4.179
2025-06-05 08:00:00,-4.177
2025-06-05 09:00:00,-4.176
2025-06-05 10:00:00,-4.18
2025-06-05 11:00:00,-4.175
2025-06-05 12:00:00,-4.173
2025-06-05 13:00:00,-4.17
2025-06-05 14:00:00,-4.169
2025-06-05 15:00:00,-4.169
2025-06-05 16:00:00,-4.172
2025-06-05 17:00:00,-4.175
2025-06-05 18:00:00,-4.168
2025-06-05 19:00:00,-4.172
2025-06-05 20:00:00,-4.171
2025-06-05 21:00:00,-4.174
2025-06-05 22:00:00,-4.171
2025-06-05 23:00:00,-4.162
2025-06-06 00:00:00,-4.171
2025-06-06 01:00:00,-4.168
2025-06-06 02:00:00,-4.165
2025-06-06 03:00:00,-4.158
2025-06-06 04:00:00,-4.165
2025-06-06 05:00:00,-4.166
2025-06-06 06:00:00,-4.166
2025-06-06 07:00:00,-4.166
2025-06-06 08:00:00,-4.168
2025-06-06 09:00:00,-4.161
2025-06-06 10:00:00,-4.168
2025-06-06 11:00:00,-4.174
2025-06-06 12:00:00,-4.173
2025-06-06 13:00:00,-4.173
2025-06-06 14:00:00,-4.17
2025-06-06 15:00:00,-4.17
2025-06-06 16:00:00,-4.175
2025-06-06 17:00:00,-4.172
2025-06-06 18:00:00,-4.173
2025-06-06 19:00:00,-4.172
2025-06-06 20:00:00,-4.175
2025-06-06 21:00:00,-4.178
2025-06-06 22:00:00,-4.175
2025-06-06 23:00:00,-4.176
2025-06-07 00:00:00,-4.171
2025-06-07 01:00:00,-4.177
2025-06-07 02:00:00,-4.168
2025-06-07 03:00:00,-4.173
2025-06-07 04:00:00,-4.17
2025-06-07 05:00:00,-4.173
2025-06-07 06:00:00,-4.168
2025-06-07 07:00:00,-4.165
2025-06-07 08:00:00,-4.15
2025-06-07 09:00:00,-4.135
2025-06-07 10:00:00,-4.118
2025-06-07 11:00:00,-4.107
2025-06-07 12:00:00,-4.099
2025-06-07 13:00:00,-4.091
2025-06-07 14:00:00,-4.084
2025-06-07 15:00:00,-4.08
2025-06-07 16:00:00,-4.079
2025-06-07 17:00:00,-4.071
2025-06-07 18:00:00,-4.07
2025-06-07 19:00:00,-4.066
2025-06-07 20:00:00,-4.066
2025-06-07 21:00:00,-4.065
2025-06-07 22:00:00,-4.059
2025-06-07 23:00:00,-4.065
2025-06-08 00:00:00,-4.053
2025-06-08 01:00:00,-4.049
2025-06-08 02:00:00,-4.047
2025-06-08 03:00:00,-4.053
2025-06-08 04:00:00,-3.997
2025-06-08 05:00:00,-3.938
2025-06-08 06:00:00,-3.934
2025-06-08 07:00:00,-3.926
2025-06-08 08:00:00,-3.916
2025-06-08 09:00:00,-3.909
2025-06-08 10:00:00,-3.915
2025-06-08 11:00:00,-3.91
2025-06-08 12:00:00,-3.904
2025-06-08 13:00:00,-3.906
2025-06-08 14:00:00,-3.908
2025-06-08 15:00:00,-3.908
2025-06-08 16:00:00,-3.916
2025-06-08 17:00:00,-3.923
2025-06-08 18:00:00,-3.915
2025-06-08 19:00:00,-3.914
2025-06-08 20:00:00,-3.922
2025-06-08 21:00:00,-3.928
2025-06-08 22:00:00,-3.933
2025-06-08 23:00:00,-3.937
2025-06-09 00:00:00,-3.939
2025-06-09 01:00:00,-3.944
2025-06-09 02:00:00,-3.942
2025-06-09 03:00:00,-3.945
2025-06-09 04:00:00,-3.946
2025-06-09 05:00:00,-3.943
2025-06-09 06:00:00,-3.95
2025-06-09 07:00:00,-3.957
2025-06-09 08:00:00,-3.953
2025-06-09 09:00:00,-3.961
2025-06-09 10:00:00,-3.962
2025-06-09 11:00:00,-3.954
2025-06-09 12:00:00,-3.966
2025-06-09 13:00:00,-3.968
2025-06-09 14:00:00,-3.968
2025-06-09 15:00:00,-3.964
2025-06-09 16:00:00,-3.977
2025-06-09 17:00:00,-3.975
2025-06-09 18:00:00,-3.973
2025-06-09 19:00:00,-3.972
2025-06-09 20:00:00,-3.978
2025-06-09 21:00:00,-3.977
2025-06-09 22:00:00,-3.978
2025-06-09 23:00:00,-3.979
2025-06-10 00:00:00,-3.974
2025-06-10 01:00:00,-3.983
2025-06-10 02:00:00,-3.978
2025-06-10 03:00:00,-3.984
2025-06-10 04:00:00,-3.984
2025-06-10 05:00:00,-3.988
2025-06-10 06:00:00,-3.983
2025-06-10 07:00:00,-3.98
2025-06-10 08:00:00,-3.984
2025-06-10 09:00:00,-3.989
2025-06-10 10:00:00,-3.983
2025-06-10 11:00:00,-3.988
2025-06-10 12:00:00,-3.991
2025-06-10 13:00:00,-3.99
2025-06-10 14:00:00,-3.988
2025-06-10 15:00:00,-3.984
2025-06-10 16:00:00,-3.992
2025-06-10 17:00:00,-3.993
2025-06-10 18:00:00,-3.992
2025-06-10 19:00:00,-3.992
2025-06-10 20:00:00,-4.002
2025-06-10 21:00:00,-4.003
2025-06-10 22:00:00,-4.007
2025-06-10 23:00:00,-4.005
2025-06-11 00:00:00,-4.005
2025-06-11 01:00:00,-4.01
2025-06-11 02:00:00,-4.014
2025-06-11 03:00:00,-4.013
2025-06-11 04:00:00,-4.013
2025-06-11 05:00:00,-4.018
2025-06-11 06:00:00,-4.014
2025-06-11 07:00:00,-4.019
2025-06-11 08:00:00,-4.016
2025-06-11 09:00:00,-4.018
2025-06-11 10:00:00,-4.018
2025-06-11 11:00:00,-4.024
2025-06-11 12:00:00,-4.016
2025-06-11 13:00:00,-4.026
2025-06-11 14:00:00,-4.027
2025-06-11 15:00:00,-4.026
2025-06-11 16:00:00,-4.027
2025-06-11 17:00:00,-4.027
2025-06-11 18:00:00,-4.032
2025-06-11 19:00:00,-4.034
2025-06-11 20:00:00,-4.035
2025-06-11 21:00:00,-4.041
2025-06-11 22:00:00,-4.037
2025-06-11 23:00:00,-4.038
2025-06-12 00:00:00,-4.043
2025-06-12 01:00:00,-4.043
2025-06-12 02:00:00,-4.039
2025-06-12 03:00:00,-4.036
2025-06-12 04:00:00,-4.04
2025-06-12 05:00:00,-4.034
2025-06-12 06:00:00,-4.05
2025-06-12 07:00:00,-4.048
2025-06-12 08:00:00,-4.048
2025-06-12 09:00:00,-4.045
2025-06-12 10:00:00,-4.049
2025-06-12 11:00:00,-4.051
2025-06-12 12:00:00,-4.055
2025-06-12 13:00:00,-4.053
2025-06-12 14:00:00,-4.056
2025-06-12 15:00:00,-4.055
2025-06-12 16:00:00,-4.055
2025-06-12 17:00:00,-4.064
2025-06-12 18:00:00,-4.064
2025-06-12 19:00:00,-4.067
2025-06-12 20:00:00,-4.073
2025-06-12 21:00:00,-4.073
2025-06-12 22:00:00,-4.076
2025-06-12 23:00:00,-4.074
2025-06-13 00:00:00,-4.071
2025-06-13 01:00:00,-4.078
2025-06-13 02:00:00,-4.075
2025-06-13 03:00:00,-4.081
2025-06-13 04:00:00,-4.082
2025-06-13 05:00:00,-4.075
2025-06-13 06:00:00,-4.081
2025-06-13 07:00:00,-4.078
2025-06-13 08:00:00,-4.081
2025-06-13 09:00:00,-4.088
2025-06-13 10:00:00,-4.084
2025-06-13 11:00:00,-4.089
2025-06-13 12:00:00,-4.09
2025-06-13 13:00:00,-4.093
2025-06-13 14:00:00,-4.086
2025-06-13 15:00:00,-4.089
2025-06-13 16:00:00,-4.093
2025-06-13 17:00:00,-4.088
2025-06-13 18:00:00,-4.091
2025-06-13 19:00:00,-4.098
2025-06-13 20:00:00,-4.092
2025-06-13 21:00:00,-4.092
2025-06-13 22:00:00,-4.099
2025-06-13 23:00:00,-4.102
2025-06-14 00:00:00,-4.095
2025-06-14 01:00:00,-4.1
2025-06-14 02:00:00,-4.096
2025-06-14 03:00:00,-4.096
2025-06-14 04:00:00,-4.121
2025-06-14 05:00:00,-4.092
2025-06-14 06:00:00,-4.104
2025-06-14 07:00:00,-4.1
2025-06-14 08:00:00,-4.092
2025-06-14 09:00:00,-4.103
2025-06-14 10:00:00,-4.102
2025-06-14 11:00:00,-4.098
2025-06-14 12:00:00,-4.104
2025-06-14 13:00:00,-4.104
2025-06-14 14:00:00,-4.108
2025-06-14 15:00:00,-4.103
2025-06-14 16:00:00,-4.112
2025-06-14 17:00:00,-4.111
2025-06-14 18:00:00,-4.109
2025-06-14 19:00:00,-4.11
2025-06-14 20:00:00,-4.106
2025-06-14 21:00:00,-4.113
2025-06-14 22:00:00,-4.116
2025-06-14 23:00:00,-4.111
2025-06-15 00:00:00,-4.119
2025-06-15 01:00:00,-4.116
2025-06-15 02:00:00,-4.112
2025-06-15 03:00:00,-4.111
2025-06-15 04:00:00,-4.111
2025-06-15 05:00:00,-4.114
2025-06-15 06:00:00,-4.11
2025-06-15 07:00:00,-4.117
2025-06-15 08:00:00,-4.113
2025-06-15 09:00:00,-4.111
2025-06-15 10:00:00,-4.115
2025-06-15 11:00:00,-4.116
2025-06-15 12:00:00,-4.115
2025-06-15 13:00:00,-4.12
2025-06-15 14:00:00,-4.114
2025-06-15 15:00:00,-4.115
2025-06-15 16:00:00,-4.121
2025-06-15 17:00:00,-4.123
2025-06-15 18:00:00,-4.12
2025-06-15 19:00:00,-4.125
2025-06-15 20:00:00,-4.119
2025-06-15 21:00:00,-4.124
2025-06-15 22:00:00,-4.124
2025-06-15 23:00:00,-4.124
2025-06-16 00:00:00,-4.124
2025-06-16 01:00:00,-4.121
2025-06-16 02:00:00,-4.121
2025-06-16 03:00:00,-4.127
2025-06-16 04:00:00,-4.12
2025-06-16 05:00:00,-4.121
2025-06-16 06:00:00,-4.121
2025-06-16 07:00:00,-4.125
2025-06-16 08:00:00,-4.127
2025-06-16 09:00:00,-4.126
2025-06-16 10:00:00,-4.125
2025-06-16 11:00:00,-4.126
2025-06-16 12:00:00,-4.124
2025-06-16 13:00:00,-4.128
2025-06-16 14:00:00,-4.129
2025-06-16 15:00:00,-4.131
2025-06-16 16:00:00,-4.13
2025-06-16 17:00:00,-4.13
2025-06-16 18:00:00,-4.128
2025-06-16 19:00:00,-4.131
2025-06-16 20:00:00,-4.131
2025-06-16 21:00:00,-4.134
2025-06-16 22:00:00,-4.136
2025-06-16 23:00:00,-4.134
2025-06-17 00:00:00,-4.136
2025-06-17 01:00:00,-4.135
2025-06-17 02:00:00,-4.13
2025-06-17 03:00:00,-4.128
2025-06-17 04:00:00,-4.13
2025-06-17 05:00:00,-4.131
2025-06-17 06:00:00,-4.137
2025-06-17 07:00:00,-4.131
2025-06-17 08:00:00,-4.136
2025-06-17 09:00:00,-4.135
2025-06-17 10:00:00,-4.134
2025-06-17 11:00:00,-4.139
2025-06-17 12:00:00,-4.134
2025-06-17 13:00:00,-4.133
2025-06-17 14:00:00,-4.138
2025-06-17 15:00:00,-4.134
2025-06-17 16:00:00,-4.133
2025-06-17 17:00:00,-4.133
2025-06-17 18:00:00,-4.14
2025-06-17 19:00:00,-4.131
2025-06-17 20:00:00,-4.136
2025-06-17 21:00:00,-4.135
2025-06-17 22:00:00,-4.136
2025-06-17 23:00:00,-4.142
2025-06-18 00:00:00,-4.14
2025-06-18 01:00:00,-4.137
2025-06-18 02:00:00,-4.139
2025-06-18 03:00:00,-4.137
2025-06-18 04:00:00,-4.135
2025-06-18 05:00:00,-4.143
2025-06-18 06:00:00,-4.139
2025-06-18 07:00:00,-4.138
2025-06-18 08:00:00,-4.138
2025-06-18 09:00:00,-4.134
2025-06-18 10:00:00,-4.138
2025-06-18 11:00:00,-4.137
2025-06-18 12:00:00,-4.131
2025-06-18 13:00:00,-4.137
2025-06-18 14:00:00,-4.136
2025-06-18 15:00:00,-4.144
2025-06-18 16:00:00,-4.136
2025-06-18 17:00:00,-4.139
2025-06-18 18:00:00,-4.137
2025-06-18 19:00:00,-4.146
2025-06-18 20:00:00,-4.141
2025-06-18 21:00:00,-4.143
2025-06-18 22:00:00,-4.141
2025-06-18 23:00:00,-4.143
2025-06-19 00:00:00,-4.149
2025-06-19 01:00:00,-4.148
2025-06-19 02:00:00,-4.145
2025-06-19 03:00:00,-4.146
2025-06-19 04:00:00,-4.145
2025-06-19 05:00:00,-4.143
2025-06-19 06:00:00,-4.143
2025-06-19 07:00:00,-4.149
2025-06-19 08:00:00,-4.145
2025-06-19 09:00:00,-4.143
2025-06-19 10:00:00,-4.143
2025-06-19 11:00:00,-4.138
2025-06-19 12:00:00,-4.141
2025-06-19 13:00:00,-4.149
2025-06-19 14:00:00,-4.149
2025-06-19 15:00:00,-4.152
2025-06-19 16:00:00,-4.151
2025-06-19 17:00:00,-4.158
2025-06-19 18:00:00,-4.156
2025-06-19 19:00:00,-4.155
2025-06-19 20:00:00,-4.154
2025-06-19 21:00:00,-4.148
2025-06-19 22:00:00,-4.15
2025-06-19 23:00:00,-4.156
2025-06-20 00:00:00,-4.148
2025-06-20 01:00:00,-4.151
2025-06-20 02:00:00,-4.153
2025-06-20 03:00:00,-4.154
2025-06-20 04:00:00,-4.152
2025-06-20 05:00:00,-4.147
2025-06-20 06:00:00,-4.15
2025-06-20 07:00:00,-4.147
2025-06-20 08:00:00,-4.152
2025-06-20 09:00:00,-4.153
2025-06-20 10:00:00,-4.152
2025-06-20 11:00:00,-4.151
2025-06-20 12:00:00,-4.148
2025-06-20 13:00:00,-4.145
2025-06-20 14:00:00,-4.149
2025-06-20 15:00:00,-4.149
2025-06-20 16:00:00,-4.147
2025-06-20 17:00:00,-4.156
2025-06-20 18:00:00,-4.156
2025-06-20 19:00:00,-4.157
2025-06-20 20:00:00,-4.154
2025-06-20 21:00:00,-4.157
2025-06-20 22:00:00,-4.154
2025-06-20 23:00:00,-4.143
2025-06-21 00:00:00,-4.152
2025-06-21 01:00:00,-4.148
2025-06-21 02:00:00,-4.147
2025-06-21 03:00:00,-4.151
2025-06-21 04:00:00,-4.149
2025-06-21 05:00:00,-4.154
2025-06-21 06:00:00,-4.146
2025-06-21 07:00:00,-4.148
2025-06-21 08:00:00,-4.147
2025-06-21 09:00:00,-4.144
2025-06-21 10:00:00,-4.152
2025-06-21 11:00:00,-4.151
2025-06-21 12:00:00,-4.149
2025-06-21 13:00:00,-4.147
2025-06-21 14:00:00,-4.151
2025-06-21 15:00:00,-4.159
2025-06-21 16:00:00,-4.161
2025-06-21 17:00:00,-4.156
2025-06-21 18:00:00,-4.166
2025-06-21 19:00:00,-4.167
2025-06-21 20:00:00,-4.165
2025-06-21 21:00:00,-4.17
2025-06-21 22:00:00,-4.166
2025-06-21 23:00:00,-4.163
2025-06-22 00:00:00,-4.165
2025-06-22 01:00:00,-4.164
2025-06-22 02:00:00,-4.162
2025-06-22 03:00:00,-4.161
2025-06-22 04:00:00,-4.165
2025-06-22 05:00:00,-4.165
2025-06-22 06:00:00,-4.157
2025-06-22 07:00:00,-4.163
2025-06-22 08:00:00,-4.164
2025-06-22 09:00:00,-4.162
2025-06-22 10:00:00,-4.161
2025-06-22 11:00:00,-4.158
2025-06-22 12:00:00,-4.16
2025-06-22 13:00:00,-4.162
2025-06-22 14:00:00,-4.165
2025-06-22 15:00:00,-4.166
2025-06-22 16:00:00,-4.16
2025-06-22 17:00:00,-4.162
2025-06-22 18:00:00,-4.168
2025-06-22 19:00:00,-4.175
2025-06-22 20:00:00,-4.171
2025-06-22 21:00:00,-4.176
2025-06-22 22:00:00,-4.176
2025-06-22 23:00:00,-4.177
2025-06-23 00:00:00,-4.177
2025-06-23 01:00:00,-4.174
2025-06-23 02:00:00,-4.178
2025-06-23 03:00:00,-4.177
2025-06-23 04:00:00,-4.177
2025-06-23 05:00:00,-4.175
2025-06-23 06:00:00,-4.175
2025-06-23 07:00:00,-4.177
2025-06-23 08:00:00,-4.173
2025-06-23 09:00:00,-4.175
2025-06-23 10:00:00,-4.177
2025-06-23 11:00:00,-4.178
2025-06-23 12:00:00,-4.176
2025-06-23 13:00:00,-4.177
2025-06-23 14:00:00,-4.172
2025-06-23 15:00:00,-4.182
2025-06-23 16:00:00,-4.179
2025-06-23 17:00:00,-4.182
2025-06-23 18:00:00,-4.177
2025-06-23 19:00:00,-4.184
2025-06-23 20:00:00,-4.183
2025-06-23 21:00:00,-4.184
2025-06-23 22:00:00,-4.181
2025-06-23 23:00:00,-4.186
2025-06-24 00:00:00,-4.183
2025-06-24 01:00:00,-4.191
2025-06-24 02:00:00,-4.192
2025-06-24 03:00:00,-4.183
2025-06-24 04:00:00,-4.19
2025-06-24 05:00:00,-4.186
2025-06-24 06:00:00,-4.182
2025-06-24 07:00:00,-4.179
2025-06-24 08:00:00,-4.182
2025-06-24 09:00:00,-4.183
2025-06-24 10:00:00,-4.175
2025-06-24 11:00:00,-4.18
2025-06-24 12:00:00,-4.174
2025-06-24 13:00:00,-4.183
2025-06-24 14:00:00,-4.182
2025-06-24 15:00:00,-4.184
2025-06-24 16:00:00,-4.186
2025-06-24 17:00:00,-4.191
2025-06-24 18:00:00,-4.189
2025-06-24 19:00:00,-4.188
2025-06-24 20:00:00,-4.193
2025-06-24 21:00:00,-4.196
2025-06-24 22:00:00,-4.191
2025-06-24 23:00:00,-4.186
2025-06-25 00:00:00,-4.186
2025-06-25 01:00:00,-4.189
2025-06-25 02:00:00,-4.186
2025-06-25 03:00:00,-4.188
2025-06-25 04:00:00,-4.188
2025-06-25 05:00:00,-4.188
2025-06-25 06:00:00,-4.183
2025-06-25 07:00:00,-4.184
2025-06-25 08:00:00,-4.187
2025-06-25 09:00:00,-4.184
2025-06-25 10:00:00,-4.184
2025-06-25 11:00:00,-4.193
2025-06-25 12:00:00,-4.188
2025-06-25 13:00:00,-4.191
2025-06-25 14:00:00,-4.19
2025-06-25 15:00:00,-4.189
2025-06-25 16:00:00,-4.194
2025-06-25 17:00:00,-4.195
2025-06-25 18:00:00,-4.193
2025-06-25 19:00:00,-4.193
2025-06-25 20:00:00,-4.191
2025-06-25 21:00:00,-4.196
2025-06-25 22:00:00,-4.185
2025-06-25 23:00:00,-4.192
2025-06-26 00:00:00,-4.194
2025-06-26 01:00:00,-4.192
2025-06-26 02:00:00,-4.189
2025-06-26 03:00:00,-4.191
2025-06-26 04:00:00,-4.179
2025-06-26 05:00:00,-4.182
2025-06-26 06:00:00,-4.184
2025-06-26 07:00:00,-4.191
2025-06-26 08:00:00,-4.189
2025-06-26 09:00:00,-4.193
2025-06-26 10:00:00,-4.187
2025-06-26 11:00:00,-4.194
2025-06-26 12:00:00,-4.187
2025-06-26 13:00:00,-4.184
2025-06-26 14:00:00,-4.191
2025-06-26 15:00:00,-4.194
2025-06-26 16:00:00,-4.196
2025-06-26 17:00:00,-4.192
2025-06-26 18:00:00,-4.194
2025-06-26 19:00:00,-4.193
2025-06-26 20:00:00,-4.198
2025-06-26 21:00:00,-4.188
2025-06-26 22:00:00,-4.185
2025-06-26 23:00:00,-4.198
2025-06-27 00:00:00,-4.197
2025-06-27 01:00:00,-4.196
2025-06-27 02:00:00,-4.202
2025-06-27 03:00:00,-4.201
2025-06-27 04:00:00,-4.2
2025-06-27 05:00:00,-4.197
2025-06-27 06:00:00,-4.2
2025-06-27 07:00:00,-4.203
2025-06-27 08:00:00,-4.2
2025-06-27 09:00:00,-4.2
2025-06-27 10:00:00,-4.201
2025-06-27 11:00:00,-4.2
2025-06-27 12:00:00,-4.206
2025-06-27 13:00:00,-4.203
2025-06-27 14:00:00,-4.207
2025-06-27 15:00:00,-4.205
2025-06-27 16:00:00,-4.201
2025-06-27 17:00:00,-4.195
2025-06-27 18:00:00,-4.202
2025-06-27 19:00:00,-4.202
2025-06-27 20:00:00,-4.209
2025-06-27 21:00:00,-4.207
2025-06-27 22:00:00,-4.209
2025-06-27 23:00:00,-4.211
2025-06-28 00:00:00,-4.203
2025-06-28 01:00:00,-4.204
2025-06-28 02:00:00,-4.209
2025-06-28 03:00:00,-4.21
2025-06-28 04:00:00,-4.207
2025-06-28 05:00:00,-4.211
2025-06-28 06:00:00,-4.21
2025-06-28 07:00:00,-4.212
2025-06-28 08:00:00,-4.206
2025-06-28 09:00:00,-4.209
2025-06-28 10:00:00,-4.209
2025-06-28 11:00:00,-4.208
2025-06-28 12:00:00,-4.211
2025-06-28 13:00:00,-4.215
2025-06-28 14:00:00,-4.211
2025-06-28 15:00:00,-4.208
2025-06-28 16:00:00,-4.212
2025-06-28 17:00:00,-4.214
2025-06-28 18:00:00,-4.212
2025-06-28 19:00:00,-4.214
2025-06-28 20:00:00,-4.216
2025-06-28 21:00:00,-4.212
2025-06-28 22:00:00,-4.212
2025-06-28 23:00:00,-4.217
2025-06-29 00:00:00,-4.216
2025-06-29 01:00:00,-4.214
2025-06-29 02:00:00,-4.215
2025-06-29 03:00:00,-4.213
2025-06-29 04:00:00,-4.214
2025-06-29 05:00:00,-4.209
2025-06-29 06:00:00,-4.203
2025-06-29 07:00:00,-4.206
2025-06-29 08:00:00,-4.204
2025-06-29 09:00:00,-4.206
2025-06-29 10:00:00,-4.202
2025-06-29 11:00:00,-4.205
2025-06-29 12:00:00,-4.206
2025-06-29 13:00:00,-4.209
2025-06-29 14:00:00,-4.207
2025-06-29 15:00:00,-4.206
2025-06-29 16:00:00,-4.204
2025-06-29 17:00:00,-4.209
2025-06-29 18:00:00,-4.21
2025-06-29 19:00:00,-4.213
2025-06-29 20:00:00,-4.207
2025-06-29 21:00:00,-4.21
2025-06-29 22:00:00,-4.207
2025-06-29 23:00:00,-4.215
2025-06-30 00:00:00,-4.214
2025-06-30 01:00:00,-4.212
2025-06-30 02:00:00,-4.211
2025-06-30 03:00:00,-4.21
2025-06-30 04:00:00,-4.212
2025-06-30 05:00:00,-4.205
2025-06-30 06:00:00,-4.209
2025-06-30 07:00:00,-4.204
2025-06-30 08:00:00,-4.208
2025-06-30 09:00:00,-4.2
2025-06-30 10:00:00,-4.207
2025-06-30 11:00:00,-4.207
2025-06-30 12:00:00,-4.207
2025-06-30 13:00:00,-4.207
2025-06-30 14:00:00,-4.209
2025-06-30 15:00:00,-4.202
2025-06-30 16:00:00,-4.21
2025-06-30 17:00:00,-4.207
2025-06-30 18:00:00,-4.207
2025-06-30 19:00:00,-4.213
2025-06-30 20:00:00,-4.213
2025-06-30 21:00:00,-4.213
2025-06-30 22:00:00,-4.208
2025-06-30 23:00:00,-4.217
2025-07-01 00:00:00,-4.213
2025-07-01 01:00:00,-4.218
2025-07-01 02:00:00,-4.215
2025-07-01 03:00:00,-4.211
2025-07-01 04:00:00,-4.217
2025-07-01 05:00:00,-4.217
2025-07-01 06:00:00,-4.212
2025-07-01 07:00:00,-4.218
2025-07-01 08:00:00,-4.217
2025-07-01 09:00:00,-4.219
2025-07-01 10:00:00,-4.216
2025-07-01 11:00:00,-4.214
2025-07-01 12:00:00,-4.207
2025-07-01 13:00:00,-4.21
2025-07-01 14:00:00,-4.214
2025-07-01 15:00:00,-4.213
2025-07-01 16:00:00,-4.217
2025-07-01 17:00:00,-4.218
2025-07-01 18:00:00,-4.22
2025-07-01 19:00:00,-4.218
2025-07-01 20:00:00,-4.221
2025-07-01 21:00:00,-4.224
2025-07-01 22:00:00,-4.224
2025-07-01 23:00:00,-4.212
2025-07-02 00:00:00,-4.22
2025-07-02 01:00:00,-4.219
2025-07-02 02:00:00,-4.222
2025-07-02 03:00:00,-4.217
2025-07-02 04:00:00,-4.226
2025-07-02 05:00:00,-4.217
2025-07-02 06:00:00,-4.229
2025-07-02 07:00:00,-4.224
2025-07-02 08:00:00,-4.217
2025-07-02 09:00:00,-4.22
2025-07-02 10:00:00,-4.22
2025-07-02 11:00:00,-4.216
2025-07-02 12:00:00,-4.215
2025-07-02 13:00:00,-4.219
2025-07-02 14:00:00,-4.212
2025-07-02 15:00:00,-4.225
2025-07-02 16:00:00,-4.218
2025-07-02 17:00:00,-4.232
2025-07-02 18:00:00,-4.224
2025-07-02 19:00:00,-4.23
2025-07-02 20:00:00,-4.231
2025-07-02 21:00:00,-4.225
2025-07-02 22:00:00,-4.225
2025-07-02 23:00:00,-4.229
2025-07-03 00:00:00,-4.233
2025-07-03 01:00:00,-4.23
2025-07-03 02:00:00,-4.232
2025-07-03 03:00:00,-4.233
2025-07-03 04:00:00,-4.229
2025-07-03 05:00:00,-4.234
2025-07-03 06:00:00,-4.232
2025-07-03 07:00:00,-4.229
2025-07-03 08:00:00,-4.235
2025-07-03 09:00:00,-4.23
2025-07-03 10:00:00,-4.233
2025-07-03 11:00:00,-4.229
2025-07-03 12:00:00,-4.225
2025-07-03 13:00:00,-4.237
2025-07-03 14:00:00,-4.236
2025-07-03 15:00:00,-4.236
2025-07-03 16:00:00,-4.24
2025-07-03 17:00:00,-4.232
2025-07-03 18:00:00,-4.236
2025-07-03 19:00:00,-4.244
2025-07-03 20:00:00,-4.243
2025-07-03 21:00:00,-4.245
2025-07-03 22:00:00,-4.248
2025-07-03 23:00:00,-4.246
2025-07-04 00:00:00,-4.251
2025-07-04 01:00:00,-4.247
2025-07-04 02:00:00,-4.246
2025-07-04 03:00:00,-4.244
2025-07-04 04:00:00,-4.246
2025-07-04 05:00:00,-4.247
2025-07-04 06:00:00,-4.247
2025-07-04 07:00:00,-4.245
2025-07-04 08:00:00,-4.247
2025-07-04 09:00:00,-4.247
2025-07-04 10:00:00,-4.243
2025-07-04 11:00:00,-4.242
2025-07-04 12:00:00,-4.244
2025-07-04 13:00:00,-4.244
2025-07-04 14:00:00,-4.249
2025-07-04 15:00:00,-4.242
2025-07-04 16:00:00,-4.246
2025-07-04 17:00:00,-4.251
2025-07-04 18:00:00,-4.252
2025-07-04 19:00:00,-4.253
2025-07-04 20:00:00,-4.252
2025-07-04 21:00:00,-4.254
2025-07-04 22:00:00,-4.257
2025-07-04 23:00:00,-4.254
2025-07-05 00:00:00,-4.254
2025-07-05 01:00:00,-4.257
2025-07-05 02:00:00,-4.248
2025-07-05 03:00:00,-4.253
2025-07-05 04:00:00,-4.252
2025-07-05 05:00:00,-4.25
2025-07-05 06:00:00,-4.247
2025-07-05 07:00:00,-4.251
2025-07-05 08:00:00,-4.243
2025-07-05 09:00:00,-4.247
2025-07-05 10:00:00,-4.244
2025-07-05 11:00:00,-4.24
2025-07-05 12:00:00,-4.243
2025-07-05 13:00:00,-4.243
2025-07-05 14:00:00,-4.242
2025-07-05 15:00:00,-4.243
2025-07-05 16:00:00,-4.245
2025-07-05 17:00:00,-4.241
2025-07-05 18:00:00,-4.245
2025-07-05 19:00:00,-4.247
2025-07-05 20:00:00,-4.246
2025-07-05 21:00:00,-4.254
2025-07-05 22:00:00,-4.248
2025-07-05 23:00:00,-4.246
2025-07-06 00:00:00,-4.248
2025-07-06 01:00:00,-4.244
2025-07-06 02:00:00,-4.245
2025-07-06 03:00:00,-4.243
2025-07-06 04:00:00,-4.244
2025-07-06 05:00:00,-4.241
2025-07-06 06:00:00,-4.234
2025-07-06 07:00:00,-4.242
2025-07-06 08:00:00,-4.239
2025-07-06 09:00:00,-4.231
2025-07-06 10:00:00,-4.236
2025-07-06 11:00:00,-4.234
2025-07-06 12:00:00,-4.235
2025-07-06 13:00:00,-4.235
2025-07-06 14:00:00,-4.236
2025-07-06 15:00:00,-4.235
2025-07-06 16:00:00,-4.235
2025-07-06 17:00:00,-4.236
2025-07-06 18:00:00,-4.236
2025-07-06 19:00:00,-4.234
2025-07-06 20:00:00,-4.235
2025-07-06 21:00:00,-4.236
2025-07-06 22:00:00,-4.238
2025-07-06 23:00:00,-4.239
2025-07-07 00:00:00,-4.232
2025-07-07 01:00:00,-4.232
2025-07-07 02:00:00,-4.225
2025-07-07 03:00:00,-4.222
2025-07-07 04:00:00,-4.219
2025-07-07 05:00:00,-4.213
2025-07-07 06:00:00,-4.203
2025-07-07 07:00:00,-4.21
2025-07-07 08:00:00,-4.208
2025-07-07 09:00:00,-4.205
2025-07-07 10:00:00,-4.208
2025-07-07 11:00:00,-4.207
2025-07-07 12:00:00,-4.215
2025-07-07 13:00:00,-4.214
2025-07-07 14:00:00,-4.214
2025-07-07 15:00:00,-4.21
2025-07-07 16:00:00,-4.211
2025-07-07 17:00:00,-4.217
2025-07-07 18:00:00,-4.22
2025-07-07 19:00:00,-4.224
2025-07-07 20:00:00,-4.224
2025-07-07 21:00:00,-4.223
2025-07-07 22:00:00,-4.226
2025-07-07 23:00:00,-4.23
2025-07-08 00:00:00,-4.231
2025-07-08 01:00:00,-4.225
2025-07-08 02:00:00,-4.226
2025-07-08 03:00:00,-4.225
2025-07-08 04:00:00,-4.23
2025-07-08 05:00:00,-4.222
2025-07-08 06:00:00,-4.214
2025-07-08 07:00:00,-4.209
2025-07-08 08:00:00,-4.204
2025-07-08 09:00:00,-4.191
2025-07-08 10:00:00,-4.188
2025-07-08 11:00:00,-4.181
2025-07-08 12:00:00,-4.178
2025-07-08 13:00:00,-4.175
2025-07-08 14:00:00,-4.169
2025-07-08 15:00:00,-4.167
2025-07-08 16:00:00,-4.168
2025-07-08 17:00:00,-4.177
2025-07-08 18:00:00,-4.172
2025-07-08 19:00:00,-4.169
2025-07-08 20:00:00,-4.174
2025-07-08 21:00:00,-4.173
2025-07-08 22:00:00,-4.177
2025-07-08 23:00:00,-4.178
2025-07-09 00:00:00,-4.177
2025-07-09 01:00:00,-4.181
2025-07-09 02:00:00,-4.183
2025-07-09 03:00:00,-4.178
2025-07-09 04:00:00,-4.18
2025-07-09 05:00:00,-4.179
2025-07-09 06:00:00,-4.185
2025-07-09 07:00:00,-4.185
2025-07-09 08:00:00,-4.181
2025-07-09 09:00:00,-4.182
2025-07-09 10:00:00,-4.182
2025-07-09 11:00:00,-4.189
2025-07-09 12:00:00,-4.183
2025-07-09 13:00:00,-4.173
2025-07-09 14:00:00,-4.173
2025-07-09 15:00:00,-4.162
2025-07-09 16:00:00,-4.158
2025-07-09 17:00:00,-4.158
2025-07-09 18:00:00,-4.158
2025-07-09 19:00:00,-4.158
2025-07-09 20:00:00,-4.155
2025-07-09 21:00:00,-4.162
2025-07-09 22:00:00,-4.159
2025-07-09 23:00:00,-4.157
2025-07-10 00:00:00,-4.158
2025-07-10 01:00:00,-4.158
2025-07-10 02:00:00,-4.16
2025-07-10 03:00:00,-4.159
2025-07-10 04:00:00,-4.157
2025-07-10 05:00:00,-4.156
2025-07-10 06:00:00,-4.154
2025-07-10 07:00:00,-4.152
2025-07-10 08:00:00,-4.159
2025-07-10 09:00:00,-4.157
2025-07-10 10:00:00,-4.158
2025-07-10 11:00:00,-4.154
2025-07-10 12:00:00,-4.156
2025-07-10 13:00:00,-4.153
2025-07-10 14:00:00,-4.158
2025-07-10 15:00:00,-4.149
2025-07-10 16:00:00,-4.158
2025-07-10 17:00:00,-4.157
2025-07-10 18:00:00,-4.152
2025-07-10 19:00:00,-4.153
2025-07-10 20:00:00,-4.161
2025-07-10 21:00:00,-4.159
2025-07-10 22:00:00,-4.16
2025-07-10 23:00:00,-4.16
2025-07-11 00:00:00,-4.162
2025-07-11 01:00:00,-4.162
2025-07-11 02:00:00,-4.161
2025-07-11 03:00:00,-4.159
2025-07-11 04:00:00,-4.161
2025-07-11 05:00:00,-4.154
2025-07-11 06:00:00,-4.155
2025-07-11 07:00:00,-4.154
2025-07-11 08:00:00,-4.158
2025-07-11 09:00:00,-4.16
2025-07-11 10:00:00,-4.158
2025-07-11 11:00:00,-4.158
2025-07-11 12:00:00,-4.161
2025-07-11 13:00:00,-4.146
2025-07-11 14:00:00,-4.151
2025-07-11 15:00:00,-4.147
2025-07-11 16:00:00,-4.149
2025-07-11 17:00:00,-4.154
2025-07-11 18:00:00,-4.155
2025-07-11 19:00:00,-4.159
2025-07-11 20:00:00,-4.159
2025-07-11 21:00:00,-4.158
2025-07-11 22:00:00,-4.163
2025-07-11 23:00:00,-4.162
2025-07-12 00:00:00,-4.159
2025-07-12 01:00:00,-4.161
2025-07-12 02:00:00,-4.16
2025-07-12 03:00:00,-4.161
2025-07-12 04:00:00,-4.16
2025-07-12 05:00:00,-4.162
2025-07-12 06:00:00,-4.16
2025-07-12 07:00:00,-4.154
2025-07-12 08:00:00,-4.16
2025-07-12 09:00:00,-4.162
2025-07-12 10:00:00,-4.162
2025-07-12 11:00:00,-4.162
2025-07-12 12:00:00,-4.159
2025-07-12 13:00:00,-4.159
2025-07-12 14:00:00,-4.166
2025-07-12 15:00:00,-4.166
2025-07-12 16:00:00,-4.163
2025-07-12 17:00:00,-4.16
2025-07-12 18:00:00,-4.165
2025-07-12 19:00:00,-4.167
2025-07-12 20:00:00,-4.165
2025-07-12 21:00:00,-4.175
2025-07-12 22:00:00,-4.17
2025-07-12 23:00:00,-4.17
2025-07-13 00:00:00,-4.173
2025-07-13 01:00:00,-4.169
2025-07-13 02:00:00,-4.17
2025-07-13 03:00:00,-4.171
2025-07-13 04:00:00,-4.169
2025-07-13 05:00:00,-4.17
2025-07-13 06:00:00,-4.163
2025-07-13 07:00:00,-4.166
2025-07-13 08:00:00,-4.169
2025-07-13 09:00:00,-4.168
2025-07-13 10:00:00,-4.168
2025-07-13 11:00:00,-4.169
2025-07-13 12:00:00,-4.168
2025-07-13 13:00:00,-4.169
2025-07-13 14:00:00,-4.174
2025-07-13 15:00:00,-4.17
2025-07-13 16:00:00,-4.172
2025-07-13 17:00:00,-4.163
2025-07-13 18:00:00,-4.163
2025-07-13 19:00:00,-4.169
2025-07-13 20:00:00,-4.165
2025-07-13 21:00:00,-4.163
2025-07-13 22:00:00,-4.167
2025-07-13 23:00:00,-4.167
2025-07-14 00:00:00,-4.167
2025-07-14 01:00:00,-4.164
2025-07-14 02:00:00,-4.167
2025-07-14 03:00:00,-4.169
2025-07-14 04:00:00,-4.168
2025-07-14 05:00:00,-4.164
2025-07-14 06:00:00,-4.158
2025-07-14 07:00:00,-4.168
2025-07-14 08:00:00,-4.167
2025-07-14 09:00:00,-4.166
2025-07-14 10:00:00,-4.167
2025-07-14 11:00:00,-4.161
2025-07-14 12:00:00,-4.163
2025-07-14 13:00:00,-4.165
2025-07-14 14:00:00,-4.173
2025-07-14 15:00:00,-4.17
2025-07-14 16:00:00,-4.177
2025-07-14 17:00:00,-4.176
2025-07-14 18:00:00,-4.177
2025-07-14 19:00:00,-4.174
2025-07-14 20:00:00,-4.182
2025-07-14 21:00:00,-4.187
2025-07-14 22:00:00,-4.188
2025-07-14 23:00:00,-4.189
2025-07-15 00:00:00,-4.187
2025-07-15 01:00:00,-4.184
2025-07-15 02:00:00,-4.189
2025-07-15 03:00:00,-4.191
2025-07-15 04:00:00,-4.192
2025-07-15 05:00:00,-4.189
2025-07-15 06:00:00,-4.187
2025-07-15 07:00:00,-4.184
2025-07-15 08:00:00,-4.175
2025-07-15 09:00:00,-4.186
2025-07-15 10:00:00,-4.181
2025-07-15 11:00:00,-4.182
2025-07-15 12:00:00,-4.182
2025-07-15 13:00:00,-4.184
2025-07-15 14:00:00,-4.188
2025-07-15 15:00:00,-4.189
2025-07-15 16:00:00,-4.193
2025-07-15 17:00:00,-4.186
2025-07-15 18:00:00,-4.187
2025-07-15 19:00:00,-4.195
2025-07-15 20:00:00,-4.199
2025-07-15 21:00:00,-4.202
2025-07-15 22:00:00,-4.2
2025-07-15 23:00:00,-4.202
2025-07-16 00:00:00,-4.196
2025-07-16 01:00:00,-4.203
2025-07-16 02:00:00,-4.203
2025-07-16 03:00:00,-4.174
2025-07-16 04:00:00,-4.181
2025-07-16 05:00:00,-4.181
2025-07-16 06:00:00,-4.172
2025-07-16 07:00:00,-4.169
2025-07-16 08:00:00,-4.161
2025-07-16 09:00:00,-4.158
2025-07-16 10:00:00,-4.155
2025-07-16 11:00:00,-4.157
2025-07-16 12:00:00,-4.15
2025-07-16 13:00:00,-4.144
2025-07-16 14:00:00,-4.149
2025-07-16 15:00:00,-4.148
2025-07-16 16:00:00,-4.138
2025-07-16 17:00:00,-4.147
2025-07-16 18:00:00,-4.144
2025-07-16 19:00:00,-4.149
2025-07-16 20:00:00,-4.143
2025-07-16 21:00:00,-4.15
2025-07-16 22:00:00,-4.148
2025-07-16 23:00:00,-4.15
2025-07-17 00:00:00,-4.151
2025-07-17 01:00:00,-4.15
2025-07-17 02:00:00,-4.144
2025-07-17 03:00:00,-4.148
2025-07-17 04:00:00,-4.153
2025-07-17 05:00:00,-4.152
2025-07-17 06:00:00,-4.15
2025-07-17 07:00:00,-4.154
2025-07-17 08:00:00,-4.153
2025-07-17 09:00:00,-4.151
2025-07-17 10:00:00,-4.154
2025-07-17 11:00:00,-4.154
2025-07-17 12:00:00,-4.153
2025-07-17 13:00:00,-4.145
2025-07-17 14:00:00,-4.15
2025-07-17 15:00:00,-4.155
2025-07-17 16:00:00,-4.153
2025-07-17 17:00:00,-4.154
2025-07-17 18:00:00,-4.157
2025-07-17 23:00:00,-4.157
2025-07-18 00:00:00,-4.159
2025-07-18 01:00:00,-4.157
2025-07-18 02:00:00,-4.152
2025-07-18 03:00:00,-4.158
2025-07-18 04:00:00,-4.156
2025-07-18 05:00:00,-4.155
2025-07-18 06:00:00,-4.157
2025-07-18 07:00:00,-4.152
2025-07-18 08:00:00,-4.157
2025-07-18 09:00:00,-4.157
2025-07-18 10:00:00,-4.156
2025-07-18 11:00:00,-4.146
2025-07-18 12:00:00,-4.153
2025-07-18 13:00:00,-4.154
2025-07-18 14:00:00,-4.152
2025-07-18 15:00:00,-4.159
2025-07-18 16:00:00,-4.153
2025-07-18 17:00:00,-4.156
2025-07-18 18:00:00,-4.157
2025-07-18 19:00:00,-4.158
2025-07-18 20:00:00,-4.161
2025-07-18 21:00:00,-4.164
2025-07-18 22:00:00,-4.172
2025-07-18 23:00:00,-4.157
2025-07-19 00:00:00,-4.167
2025-07-19 01:00:00,-4.157
2025-07-19 02:00:00,-4.164
2025-07-19 03:00:00,-4.161
2025-07-19 04:00:00,-4.16
2025-07-19 05:00:00,-4.159
2025-07-19 06:00:00,-4.153
2025-07-19 07:00:00,-4.153
2025-07-19 08:00:00,-4.15
2025-07-19 09:00:00,-4.149
2025-07-19 10:00:00,-4.147
2025-07-19 11:00:00,-4.153
2025-07-19 12:00:00,-4.154
2025-07-19 13:00:00,-4.153
2025-07-19 14:00:00,-4.156
2025-07-19 15:00:00,-4.158
2025-07-19 16:00:00,-4.16
2025-07-19 17:00:00,-4.16
2025-07-19 18:00:00,-4.161
2025-07-19 19:00:00,-4.163
2025-07-19 20:00:00,-4.159
2025-07-19 21:00:00,-4.16
2025-07-19 22:00:00,-4.164
2025-07-19 23:00:00,-4.164
2025-07-20 00:00:00,-4.163
2025-07-20 01:00:00,-4.167
2025-07-20 02:00:00,-4.161
2025-07-20 03:00:00,-4.163
2025-07-20 04:00:00,-4.158
2025-07-20 05:00:00,-4.161
2025-07-20 06:00:00,-4.156
2025-07-20 07:00:00,-4.159
2025-07-20 08:00:00,-4.159
2025-07-20 09:00:00,-4.154
2025-07-20 10:00:00,-4.156
2025-07-20 11:00:00,-4.154
2025-07-20 12:00:00,-4.154
2025-07-20 13:00:00,-4.154
2025-07-20 14:00:00,-4.156
2025-07-20 15:00:00,-4.157
2025-07-20 16:00:00,-4.16
2025-07-20 17:00:00,-4.148
2025-07-20 18:00:00,-4.144
2025-07-20 19:00:00,-4.151
2025-07-20 20:00:00,-4.144
2025-07-20 21:00:00,-4.141
2025-07-20 22:00:00,-4.139
2025-07-20 23:00:00,-4.136
2025-07-21 00:00:00,-4.143
2025-07-21 01:00:00,-4.139
2025-07-21 02:00:00,-4.138
2025-07-21 03:00:00,-4.136
2025-07-21 04:00:00,-4.139
2025-07-21 05:00:00,-4.137
2025-07-21 06:00:00,-4.132
2025-07-21 07:00:00,-4.133
2025-07-21 08:00:00,-4.134
2025-07-21 09:00:00,-4.128
2025-07-21 10:00:00,-4.13
2025-07-21 11:00:00,-4.126
2025-07-21 12:00:00,-4.13
2025-07-21 13:00:00,-4.129
2025-07-21 14:00:00,-4.134
2025-07-21 15:00:00,-4.13
2025-07-21 16:00:00,-4.134
2025-07-21 17:00:00,-4.133
2025-07-21 18:00:00,-4.13
2025-07-21 19:00:00,-4.13
2025-07-21 20:00:00,-4.139
2025-07-21 21:00:00,-4.135
2025-07-21 22:00:00,-4.135
2025-07-21 23:00:00,-4.133
2025-07-22 00:00:00,-4.143
2025-07-22 01:00:00,-4.132
2025-07-22 02:00:00,-4.133
2025-07-22 03:00:00,-4.133
2025-07-22 04:00:00,-4.132
2025-07-22 05:00:00,-4.133
2025-07-22 06:00:00,-4.13
2025-07-22 07:00:00,-4.128
2025-07-22 08:00:00,-4.126
2025-07-22 09:00:00,-4.129
2025-07-22 10:00:00,-4.131
2025-07-22 11:00:00,-4.13
2025-07-22 12:00:00,-4.128
2025-07-22 13:00:00,-4.129
2025-07-22 14:00:00,-4.131
2025-07-22 15:00:00,-4.129
2025-07-22 16:00:00,-4.13
2025-07-22 17:00:00,-4.137
2025-07-22 18:00:00,-4.135
2025-07-22 19:00:00,-4.138
2025-07-22 20:00:00,-4.136
2025-07-22 21:00:00,-4.136
2025-07-22 22:00:00,-4.139
2025-07-22 23:00:00,-4.142
2025-07-23 00:00:00,-4.145
2025-07-23 01:00:00,-4.144
2025-07-23 02:00:00,-4.153
2025-07-23 03:00:00,-4.162
2025-07-23 04:00:00,-4.161
2025-07-23 05:00:00,-4.166
2025-07-23 06:00:00,-4.159
2025-07-23 07:00:00,-4.169
2025-07-23 08:00:00,-4.167
2025-07-23 09:00:00,-4.169
2025-07-23 10:00:00,-4.163
2025-07-23 11:00:00,-4.165
2025-07-23 12:00:00,-4.172
2025-07-23 13:00:00,-4.173
2025-07-23 14:00:00,-4.175
2025-07-23 15:00:00,-4.176
2025-07-23 16:00:00,-4.176
2025-07-23 17:00:00,-4.178
2025-07-23 18:00:00,-4.185
2025-07-23 19:00:00,-4.182
2025-07-23 20:00:00,-4.188
2025-07-23 21:00:00,-4.191
2025-07-23 22:00:00,-4.186
2025-07-23 23:00:00,-4.182
2025-07-24 00:00:00,-4.192
2025-07-24 01:00:00,-4.189
2025-07-24 02:00:00,-4.193
2025-07-24 03:00:00,-4.187
2025-07-24 04:00:00,-4.191
2025-07-24 05:00:00,-4.192
2025-07-24 06:00:00,-4.19
2025-07-24 07:00:00,-4.19
2025-07-24 08:00:00,-4.189
2025-07-24 09:00:00,-4.184
2025-07-24 10:00:00,-4.191
2025-07-24 11:00:00,-4.187
2025-07-24 12:00:00,-4.19
2025-07-24 13:00:00,-4.188
2025-07-24 14:00:00,-4.19
2025-07-24 15:00:00,-4.192
2025-07-24 16:00:00,-4.188
2025-07-24 17:00:00,-4.199
2025-07-24 18:00:00,-4.201
2025-07-24 19:00:00,-4.199
2025-07-24 20:00:00,-4.206
2025-07-24 21:00:00,-4.205
2025-07-24 22:00:00,-4.212
2025-07-24 23:00:00,-4.208
2025-07-25 00:00:00,-4.206
2025-07-25 01:00:00,-4.206
2025-07-25 02:00:00,-4.204
2025-07-25 03:00:00,-4.208
2025-07-25 04:00:00,-4.208
2025-07-25 05:00:00,-4.207
2025-07-25 06:00:00,-4.209
2025-07-25 07:00:00,-4.205
2025-07-25 08:00:00,-4.201
2025-07-25 09:00:00,-4.209
2025-07-25 10:00:00,-4.21
2025-07-25 11:00:00,-4.207
2025-07-25 12:00:00,-4.206
2025-07-25 13:00:00,-4.196
2025-07-25 14:00:00,-4.194
2025-07-25 15:00:00,-4.2
2025-07-25 16:00:00,-4.197
2025-07-25 17:00:00,-4.204
2025-07-25 18:00:00,-4.206
2025-07-25 19:00:00,-4.207
2025-07-25 20:00:00,-4.213
2025-07-25 21:00:00,-4.214
2025-07-25 22:00:00,-4.212
2025-07-25 23:00:00,-4.222
2025-07-26 00:00:00,-4.22
2025-07-26 01:00:00,-4.217
2025-07-26 02:00:00,-4.219
2025-07-26 03:00:00,-4.211
2025-07-26 04:00:00,-4.214
2025-07-26 05:00:00,-4.215
2025-07-26 06:00:00,-4.218
2025-07-26 07:00:00,-4.209
2025-07-26 08:00:00,-4.214
2025-07-26 09:00:00,-4.214
2025-07-26 10:00:00,-4.209
2025-07-26 11:00:00,-4.207
2025-07-26 12:00:00,-4.211
2025-07-26 13:00:00,-4.211
2025-07-26 14:00:00,-4.213
2025-07-26 15:00:00,-4.218
2025-07-26 16:00:00,-4.219
2025-07-26 17:00:00,-4.219
2025-07-26 18:00:00,-4.221
2025-07-26 19:00:00,-4.223
2025-07-26 20:00:00,-4.225
2025-07-26 21:00:00,-4.228
2025-07-26 22:00:00,-4.223
2025-07-26 23:00:00,-4.218
2025-07-27 00:00:00,-4.222
2025-07-27 01:00:00,-4.219
2025-07-27 02:00:00,-4.219
2025-07-27 03:00:00,-4.222
2025-07-27 04:00:00,-4.218
2025-07-27 05:00:00,-4.216
2025-07-27 06:00:00,-4.212
2025-07-27 07:00:00,-4.216
2025-07-27 08:00:00,-4.212
2025-07-27 09:00:00,-4.209
2025-07-27 10:00:00,-4.214
2025-07-27 11:00:00,-4.213
2025-07-27 12:00:00,-4.21
2025-07-27 13:00:00,-4.216
2025-07-27 14:00:00,-4.208
2025-07-27 15:00:00,-4.214
2025-07-27 16:00:00,-4.22
2025-07-27 17:00:00,-4.222
2025-07-27 18:00:00,-4.216
2025-07-27 19:00:00,-4.222
2025-07-27 20:00:00,-4.221
2025-07-27 21:00:00,-4.226
2025-07-27 22:00:00,-4.229
2025-07-27 23:00:00,-4.231
2025-07-28 00:00:00,-4.23
2025-07-28 01:00:00,-4.232
2025-07-28 02:00:00,-4.23
2025-07-28 03:00:00,-4.228
2025-07-28 04:00:00,-4.226
2025-07-28 05:00:00,-4.23
2025-07-28 06:00:00,-4.222
2025-07-28 07:00:00,-4.225
2025-07-28 08:00:00,-4.223
2025-07-28 09:00:00,-4.221
2025-07-28 10:00:00,-4.222
2025-07-28 11:00:00,-4.22
2025-07-28 12:00:00,-4.225
2025-07-28 13:00:00,-4.225
2025-07-28 14:00:00,-4.227
2025-07-28 15:00:00,-4.228
2025-07-28 16:00:00,-4.23
2025-07-28 17:00:00,-4.226
2025-07-28 18:00:00,-4.215
2025-07-28 19:00:00,-4.212
2025-07-28 20:00:00,-4.212
2025-07-28 21:00:00,-4.213
2025-07-28 22:00:00,-4.209
2025-07-28 23:00:00,-4.207
2025-07-29 00:00:00,-4.205
2025-07-29 01:00:00,-4.204
2025-07-29 02:00:00,-4.203
2025-07-29 03:00:00,-4.194
2025-07-29 04:00:00,-4.199
2025-07-29 05:00:00,-4.196
2025-07-29 06:00:00,-4.196
2025-07-29 07:00:00,-4.19
2025-07-29 08:00:00,-4.189
2025-07-29 09:00:00,-4.185
2025-07-29 10:00:00,-4.187
2025-07-29 11:00:00,-4.192
2025-07-29 12:00:00,-4.188
2025-07-29 13:00:00,-4.189
2025-07-29 14:00:00,-4.192
2025-07-29 15:00:00,-4.193
2025-07-29 16:00:00,-4.194
2025-07-29 17:00:00,-4.201
2025-07-29 18:00:00,-4.197
2025-07-29 19:00:00,-4.201
2025-07-29 20:00:00,-4.205
2025-07-29 21:00:00,-4.207
2025-07-29 22:00:00,-4.207
2025-07-29 23:00:00,-4.208
2025-07-30 00:00:00,-4.199
2025-07-30 01:00:00,-4.208
2025-07-30 02:00:00,-4.199
2025-07-30 03:00:00,-4.206
2025-07-30 04:00:00,-4.198
2025-07-30 05:00:00,-4.199
2025-07-30 06:00:00,-4.2
2025-07-30 07:00:00,-4.198
2025-07-30 08:00:00,-4.197
2025-07-30 09:00:00,-4.187
2025-07-30 10:00:00,-4.196
2025-07-30 11:00:00,-4.196
2025-07-30 12:00:00,-4.198
2025-07-30 13:00:00,-4.199
2025-07-30 14:00:00,-4.201
2025-07-30 15:00:00,-4.198
2025-07-30 16:00:00,-4.203
2025-07-30 17:00:00,-4.204
2025-07-30 18:00:00,-4.209
2025-07-30 19:00:00,-4.21
2025-07-30 20:00:00,-4.211
2025-07-30 21:00:00,-4.215
2025-07-30 22:00:00,-4.214
2025-07-30 23:00:00,-4.216
2025-07-31 00:00:00,-4.213
2025-07-31 01:00:00,-4.207
2025-07-31 02:00:00,-4.215
2025-07-31 03:00:00,-4.205
2025-07-31 04:00:00,-4.205
2025-07-31 05:00:00,-4.209
2025-07-31 06:00:00,-4.204
2025-07-31 07:00:00,-4.207
2025-07-31 08:00:00,-4.204
2025-07-31 09:00:00,-4.203
2025-07-31 10:00:00,-4.202
2025-07-31 11:00:00,-4.199
2025-07-31 12:00:00,-4.202
2025-07-31 13:00:00,-4.203
2025-07-31 14:00:00,-4.209
2025-07-31 15:00:00,-4.209
2025-07-31 16:00:00,-4.211
2025-07-31 17:00:00,-4.213
2025-07-31 18:00:00,-4.212
2025-07-31 19:00:00,-4.213
2025-07-31 20:00:00,-4.211
2025-07-31 21:00:00,-4.212
2025-07-31 22:00:00,-4.212
2025-07-31 23:00:00,-4.21
2025-08-01 00:00:00,-4.21
2025-08-01 01:00:00,-4.209
2025-08-01 02:00:00,-4.21
2025-08-01 03:00:00,-4.208
2025-08-01 04:00:00,-4.202
2025-08-01 05:00:00,-4.199
2025-08-01 06:00:00,-4.204
2025-08-01 07:00:00,-4.201
2025-08-01 08:00:00,-4.199
2025-08-01 09:00:00,-4.195
2025-08-01 10:00:00,-4.189
2025-08-01 11:00:00,-4.199
2025-08-01 12:00:00,-4.187
2025-08-01 13:00:00,-4.185
2025-08-01 14:00:00,-4.187
2025-08-01 15:00:00,-4.186
2025-08-01 16:00:00,-4.182
2025-08-01 17:00:00,-4.182
2025-08-01 18:00:00,-4.187
2025-08-01 19:00:00,-4.186
2025-08-01 20:00:00,-4.188
2025-08-01 21:00:00,-4.185
2025-08-01 22:00:00,-4.189
2025-08-01 23:00:00,-4.186
2025-08-02 00:00:00,-4.187
2025-08-02 01:00:00,-4.184
2025-08-02 02:00:00,-4.191
2025-08-02 03:00:00,-4.18
2025-08-02 04:00:00,-4.173
2025-08-02 05:00:00,-4.169
2025-08-02 06:00:00,-4.165
2025-08-02 10:00:00,-4.154
2025-08-02 11:00:00,-4.138
2025-08-02 12:00:00,-4.135
2025-08-02 13:00:00,-4.133
2025-08-02 14:00:00,-4.125
2025-08-02 15:00:00,-4.123
2025-08-02 16:00:00,-4.122
2025-08-02 17:00:00,-4.116
2025-08-02 18:00:00,-4.12
2025-08-02 19:00:00,-4.115
2025-08-02 20:00:00,-4.114
2025-08-02 21:00:00,-4.115
2025-08-02 22:00:00,-4.119
2025-08-02 23:00:00,-4.118
2025-08-03 00:00:00,-4.121
2025-08-03 01:00:00,-4.118
2025-08-03 02:00:00,-4.118
2025-08-03 03:00:00,-4.123
2025-08-03 04:00:00,-4.119
2025-08-03 05:00:00,-4.121
2025-08-03 06:00:00,-4.121
2025-08-03 07:00:00,-4.124
2025-08-03 08:00:00,-4.122
2025-08-03 09:00:00,-4.118
2025-08-03 10:00:00,-4.12
2025-08-03 11:00:00,-4.122
2025-08-03 12:00:00,-4.122
2025-08-03 13:00:00,-4.123
2025-08-03 14:00:00,-4.122
2025-08-03 15:00:00,-4.122
2025-08-03 16:00:00,-4.126
2025-08-03 17:00:00,-4.125
2025-08-03 18:00:00,-4.129
2025-08-03 19:00:00,-4.132
2025-08-03 20:00:00,-4.132
2025-08-03 21:00:00,-4.13
2025-08-03 22:00:00,-4.13
2025-08-03 23:00:00,-4.129
2025-08-04 00:00:00,-4.127
2025-08-04 01:00:00,-4.129
2025-08-04 02:00:00,-4.132
2025-08-04 03:00:00,-4.127
2025-08-04 04:00:00,-4.128
2025-08-04 05:00:00,-4.126
2025-08-04 06:00:00,-4.124
2025-08-04 07:00:00,-4.126
2025-08-04 08:00:00,-4.127
2025-08-04 09:00:00,-4.123
2025-08-04 10:00:00,-4.127
2025-08-04 11:00:00,-4.131
2025-08-04 12:00:00,-4.129
2025-08-04 13:00:00,-4.127
2025-08-04 14:00:00,-4.134
2025-08-04 15:00:00,-4.134
2025-08-04 16:00:00,-4.132
2025-08-04 17:00:00,-4.133
2025-08-04 18:00:00,-4.131
2025-08-04 19:00:00,-4.14
2025-08-04 20:00:00,-4.135
2025-08-04 21:00:00,-4.139
2025-08-04 22:00:00,-4.129
2025-08-04 23:00:00,-4.134
2025-08-05 00:00:00,-4.128
2025-08-05 01:00:00,-4.134
2025-08-05 02:00:00,-4.126
2025-08-05 03:00:00,-4.129
2025-08-05 04:00:00,-4.131
2025-08-05 05:00:00,-4.127
2025-08-05 06:00:00,-4.131
2025-08-05 07:00:00,-4.129
2025-08-05 08:00:00,-4.131
2025-08-05 09:00:00,-4.13
2025-08-05 10:00:00,-4.125
2025-08-05 11:00:00,-4.13
2025-08-05 12:00:00,-4.132
2025-08-05 13:00:00,-4.133
2025-08-05 14:00:00,-4.133
2025-08-05 15:00:00,-4.133
2025-08-05 16:00:00,-4.136
2025-08-05 17:00:00,-4.142
2025-08-05 18:00:00,-4.142
2025-08-05 19:00:00,-4.139
2025-08-05 20:00:00,-4.137
2025-08-05 21:00:00,-4.135
2025-08-05 22:00:00,-4.135
2025-08-05 23:00:00,-4.129
2025-08-06 00:00:00,-4.133
2025-08-06 01:00:00,-4.133
2025-08-06 02:00:00,-4.126
2025-08-06 03:00:00,-4.131
2025-08-06 04:00:00,-4.128
2025-08-06 05:00:00,-4.126
2025-08-06 06:00:00,-4.124
2025-08-06 11:00:00,-4.125
2025-08-06 12:00:00,-4.126
2025-08-06 13:00:00,-4.123
2025-08-06 14:00:00,-4.128
2025-08-06 15:00:00,-4.125
2025-08-06 16:00:00,-4.129
2025-08-06 17:00:00,-4.133
2025-08-06 18:00:00,-4.13
2025-08-06 19:00:00,-4.128
2025-08-06 20:00:00,-4.13
2025-08-06 21:00:00,-4.129
2025-08-06 22:00:00,-4.134
2025-08-06 23:00:00,-4.133
2025-08-07 00:00:00,-4.135
2025-08-07 01:00:00,-4.137
2025-08-07 02:00:00,-4.133
2025-08-07 03:00:00,-4.133
2025-08-07 04:00:00,-4.133
2025-08-07 05:00:00,-4.133
2025-08-07 06:00:00,-4.13
2025-08-07 07:00:00,-4.128
2025-08-07 08:00:00,-4.124
2025-08-07 09:00:00,-4.131
2025-08-07 10:00:00,-4.129
2025-08-07 11:00:00,-4.13
2025-08-07 12:00:00,-4.124
2025-08-07 13:00:00,-4.132
2025-08-07 14:00:00,-4.135
2025-08-07 15:00:00,-4.131
2025-08-07 16:00:00,-4.134
2025-08-07 17:00:00,-4.14
2025-08-07 18:00:00,-4.138
2025-08-07 19:00:00,-4.136
2025-08-07 20:00:00,-4.147
2025-08-07 21:00:00,-4.139
2025-08-07 22:00:00,-4.146
2025-08-07 23:00:00,-4.141
2025-08-08 00:00:00,-4.144
2025-08-08 01:00:00,-4.144
2025-08-08 02:00:00,-4.14
2025-08-08 03:00:00,-4.141
2025-08-08 04:00:00,-4.136
2025-08-08 05:00:00,-4.136
2025-08-08 06:00:00,-4.142
2025-08-08 07:00:00,-4.139
2025-08-08 08:00:00,-4.135
2025-08-08 09:00:00,-4.139
2025-08-08 10:00:00,-4.139
2025-08-08 11:00:00,-4.133
2025-08-08 12:00:00,-4.136
2025-08-08 13:00:00,-4.144
2025-08-08 14:00:00,-4.144
2025-08-08 15:00:00,-4.143
2025-08-08 16:00:00,-4.149
2025-08-08 17:00:00,-4.149
2025-08-08 18:00:00,-4.144
2025-08-08 19:00:00,-4.151
2025-08-08 20:00:00,-4.152
2025-08-08 21:00:00,-4.148
2025-08-08 22:00:00,-4.154
2025-08-08 23:00:00,-4.158
2025-08-09 00:00:00,-4.149
2025-08-09 01:00:00,-4.156
2025-08-09 02:00:00,-4.151
2025-08-09 03:00:00,-4.155
2025-08-09 04:00:00,-4.153
2025-08-09 05:00:00,-4.154
2025-08-09 06:00:00,-4.153
2025-08-09 07:00:00,-4.153
2025-08-09 08:00:00,-4.15
2025-08-09 09:00:00,-4.152
2025-08-09 10:00:00,-4.147
2025-08-09 11:00:00,-4.146
2025-08-09 12:00:00,-4.146
2025-08-09 13:00:00,-4.148
2025-08-09 14:00:00,-4.148
2025-08-09 15:00:00,-4.151
2025-08-09 16:00:00,-4.151
2025-08-09 17:00:00,-4.154
2025-08-09 18:00:00,-4.158
2025-08-09 19:00:00,-4.159
2025-08-09 20:00:00,-4.158
2025-08-09 21:00:00,-4.156
2025-08-09 22:00:00,-4.164
2025-08-09 23:00:00,-4.167
2025-08-10 00:00:00,-4.159
2025-08-10 01:00:00,-4.168
2025-08-10 02:00:00,-4.167
2025-08-10 03:00:00,-4.164
2025-08-10 04:00:00,-4.158
2025-08-10 05:00:00,-4.163
2025-08-10 06:00:00,-4.161
2025-08-10 07:00:00,-4.16
2025-08-10 08:00:00,-4.16
2025-08-10 09:00:00,-4.157
2025-08-10 10:00:00,-4.16
2025-08-10 11:00:00,-4.159
2025-08-10 12:00:00,-4.163
2025-08-10 13:00:00,-4.165
2025-08-10 14:00:00,-4.168
2025-08-10 15:00:00,-4.169
2025-08-10 16:00:00,-4.171
2025-08-10 17:00:00,-4.175
2025-08-10 18:00:00,-4.17
2025-08-10 19:00:00,-4.171
2025-08-10 20:00:00,-4.171
2025-08-10 21:00:00,-4.176
2025-08-10 22:00:00,-4.175
2025-08-10 23:00:00,-4.171
2025-08-11 00:00:00,-4.179
2025-08-11 01:00:00,-4.174
2025-08-11 02:00:00,-4.172
2025-08-11 03:00:00,-4.172
2025-08-11 04:00:00,-4.173
2025-08-11 05:00:00,-4.169
2025-08-11 06:00:00,-4.167
2025-08-11 07:00:00,-4.17
2025-08-11 08:00:00,-4.166
2025-08-11 09:00:00,-4.168
2025-08-11 10:00:00,-4.168
2025-08-11 11:00:00,-4.166
2025-08-11 12:00:00,-4.166
2025-08-11 13:00:00,-4.165
2025-08-11 14:00:00,-4.17
2025-08-11 15:00:00,-4.168
2025-08-11 16:00:00,-4.168
2025-08-11 17:00:00,-4.174
2025-08-11 18:00:00,-4.169
2025-08-11 19:00:00,-4.175
2025-08-11 20:00:00,-4.176
2025-08-11 21:00:00,-4.174
2025-08-11 22:00:00,-4.178
2025-08-11 23:00:00,-4.18
2025-08-12 00:00:00,-4.177
2025-08-12 01:00:00,-4.176
2025-08-12 02:00:00,-4.176
2025-08-12 03:00:00,-4.176
2025-08-12 04:00:00,-4.174
2025-08-12 05:00:00,-4.176
2025-08-12 06:00:00,-4.169
2025-08-12 07:00:00,-4.17
2025-08-12 08:00:00,-4.169
2025-08-12 09:00:00,-4.166
2025-08-12 10:00:00,-4.17
2025-08-12 11:00:00,-4.168
2025-08-12 12:00:00,-4.164
2025-08-12 13:00:00,-4.169
2025-08-12 14:00:00,-4.167
2025-08-12 15:00:00,-4.172
2025-08-12 16:00:00,-4.171
2025-08-12 17:00:00,-4.176
2025-08-12 18:00:00,-4.178
2025-08-12 19:00:00,-4.177
2025-08-12 20:00:00,-4.178
2025-08-12 21:00:00,-4.179
2025-08-12 22:00:00,-4.185
2025-08-12 23:00:00,-4.184
2025-08-13 00:00:00,-4.186
2025-08-13 01:00:00,-4.18
2025-08-13 02:00:00,-4.18
2025-08-13 03:00:00,-4.183
2025-08-13 04:00:00,-4.173
2025-08-13 05:00:00,-4.179
2025-08-13 06:00:00,-4.178
2025-08-13 07:00:00,-4.182
2025-08-13 08:00:00,-4.18
2025-08-13 09:00:00,-4.179
2025-08-13 10:00:00,-4.179
2025-08-13 11:00:00,-4.179
2025-08-13 12:00:00,-4.18
2025-08-13 13:00:00,-4.18
2025-08-13 14:00:00,-4.183
2025-08-13 15:00:00,-4.183
2025-08-13 16:00:00,-4.191
2025-08-13 17:00:00,-4.192
2025-08-13 18:00:00,-4.196
2025-08-13 19:00:00,-4.193
2025-08-13 20:00:00,-4.197
2025-08-13 21:00:00,-4.198
2025-08-13 22:00:00,-4.197
2025-08-13 23:00:00,-4.201
2025-08-14 00:00:00,-4.203
2025-08-14 01:00:00,-4.2
2025-08-14 02:00:00,-4.191
2025-08-14 03:00:00,-4.191
2025-08-14 04:00:00,-4.186
2025-08-14 05:00:00,-4.19
2025-08-14 06:00:00,-4.189
2025-08-14 07:00:00,-4.188
2025-08-14 08:00:00,-4.188
2025-08-14 09:00:00,-4.192
2025-08-14 10:00:00,-4.189
2025-08-14 11:00:00,-4.19
2025-08-14 12:00:00,-4.188
2025-08-14 13:00:00,-4.184
2025-08-14 14:00:00,-4.192
2025-08-14 15:00:00,-4.197
2025-08-14 16:00:00,-4.198
2025-08-14 17:00:00,-4.2
2025-08-14 18:00:00,-4.203
2025-08-14 19:00:00,-4.203
2025-08-14 20:00:00,-4.208
2025-08-14 21:00:00,-4.205
2025-08-14 22:00:00,-4.208
2025-08-14 23:00:00,-4.206
2025-08-15 00:00:00,-4.213
2025-08-15 01:00:00,-4.211
2025-08-15 02:00:00,-4.211
2025-08-15 03:00:00,-4.208
2025-08-15 04:00:00,-4.207
2025-08-15 05:00:00,-4.207
2025-08-15 06:00:00,-4.204
2025-08-15 07:00:00,-4.203
2025-08-15 08:00:00,-4.21
2025-08-15 09:00:00,-4.198
2025-08-15 10:00:00,-4.201
2025-08-15 11:00:00,-4.2
2025-08-15 12:00:00,-4.2
2025-08-15 13:00:00,-4.205
2025-08-15 14:00:00,-4.199
2025-08-15 15:00:00,-4.201
2025-08-15 16:00:00,-4.213
2025-08-15 17:00:00,-4.212
2025-08-15 18:00:00,-4.213
2025-08-15 19:00:00,-4.215
2025-08-15 20:00:00,-4.223
2025-08-15 21:00:00,-4.222
2025-08-15 22:00:00,-4.22
2025-08-15 23:00:00,-4.222
2025-08-16 00:00:00,-4.219
2025-08-16 01:00:00,-4.224
2025-08-16 02:00:00,-4.221
2025-08-16 03:00:00,-4.221
2025-08-16 04:00:00,-4.22
2025-08-16 05:00:00,-4.22
2025-08-16 06:00:00,-4.217
2025-08-16 07:00:00,-4.212
2025-08-16 08:00:00,-4.213
2025-08-16 09:00:00,-4.216
2025-08-16 10:00:00,-4.21
2025-08-16 11:00:00,-4.217
2025-08-16 12:00:00,-4.213
2025-08-16 13:00:00,-4.213
2025-08-16 14:00:00,-4.213
2025-08-16 15:00:00,-4.213
2025-08-16 16:00:00,-4.216
2025-08-16 17:00:00,-4.219
2025-08-16 18:00:00,-4.218
2025-08-16 19:00:00,-4.22
2025-08-16 20:00:00,-4.219
2025-08-16 21:00:00,-4.23
2025-08-16 22:00:00,-4.225
2025-08-16 23:00:00,-4.23
2025-08-17 00:00:00,-4.23
2025-08-17 01:00:00,-4.229
2025-08-17 02:00:00,-4.228
2025-08-17 03:00:00,-4.226
2025-08-17 04:00:00,-4.228
2025-08-17 05:00:00,-4.226
2025-08-17 06:00:00,-4.223
2025-08-17 07:00:00,-4.223
2025-08-17 08:00:00,-4.222
2025-08-17 09:00:00,-4.222
2025-08-17 10:00:00,-4.222
2025-08-17 11:00:00,-4.22
2025-08-17 12:00:00,-4.218
2025-08-17 13:00:00,-4.216
2025-08-17 14:00:00,-4.221
2025-08-17 15:00:00,-4.219
2025-08-17 16:00:00,-4.223
2025-08-17 17:00:00,-4.225
2025-08-17 18:00:00,-4.226
2025-08-17 19:00:00,-4.225
2025-08-17 20:00:00,-4.225
2025-08-17 21:00:00,-4.223
2025-08-17 22:00:00,-4.223
2025-08-17 23:00:00,-4.227
2025-08-18 00:00:00,-4.223
2025-08-18 01:00:00,-4.231
2025-08-18 02:00:00,-4.221
2025-08-18 03:00:00,-4.219
2025-08-18 04:00:00,-4.221
2025-08-18 05:00:00,-4.219
2025-08-18 06:00:00,-4.216
2025-08-18 07:00:00,-4.213
2025-08-18 08:00:00,-4.214
2025-08-18 09:00:00,-4.21
2025-08-18 10:00:00,-4.214
2025-08-18 11:00:00,-4.211
2025-08-18 12:00:00,-4.214
2025-08-18 13:00:00,-4.213
2025-08-18 14:00:00,-4.213
2025-08-18 15:00:00,-4.218
2025-08-18 16:00:00,-4.219
2025-08-18 17:00:00,-4.223
2025-08-18 18:00:00,-4.222
2025-08-18 19:00:00,-4.226
2025-08-18 20:00:00,-4.227
2025-08-18 21:00:00,-4.23
2025-08-18 22:00:00,-4.23
2025-08-18 23:00:00,-4.227
2025-08-19 00:00:00,-4.228
2025-08-19 01:00:00,-4.229
2025-08-19 02:00:00,-4.23
2025-08-19 03:00:00,-4.229
2025-08-19 04:00:00,-4.229
2025-08-19 05:00:00,-4.227
2025-08-19 06:00:00,-4.223
2025-08-19 07:00:00,-4.22
2025-08-19 08:00:00,-4.223
2025-08-19 09:00:00,-4.22
2025-08-19 10:00:00,-4.222
2025-08-19 11:00:00,-4.222
2025-08-19 12:00:00,-4.22
2025-08-19 13:00:00,-4.22
2025-08-19 14:00:00,-4.22
2025-08-19 15:00:00,-4.222
2025-08-19 16:00:00,-4.225
2025-08-19 17:00:00,-4.227
2025-08-19 18:00:00,-4.228
2025-08-19 19:00:00,-4.233
2025-08-19 20:00:00,-4.235
2025-08-19 21:00:00,-4.238
2025-08-19 22:00:00,-4.24
2025-08-19 23:00:00,-4.242
2025-08-20 00:00:00,-4.244
2025-08-20 01:00:00,-4.239
2025-08-20 02:00:00,-4.243
2025-08-20 03:00:00,-4.242
2025-08-20 04:00:00,-4.239
2025-08-20 05:00:00,-4.236
2025-08-20 06:00:00,-4.234
2025-08-20 07:00:00,-4.234
2025-08-20 08:00:00,-4.234
2025-08-20 09:00:00,-4.237
2025-08-20 10:00:00,-4.236
2025-08-20 11:00:00,-4.234
2025-08-20 12:00:00,-4.233
2025-08-20 13:00:00,-4.238
2025-08-20 14:00:00,-4.238
2025-08-20 15:00:00,-4.238
2025-08-20 16:00:00,-4.241
2025-08-20 17:00:00,-4.244
2025-08-20 18:00:00,-4.242
2025-08-20 19:00:00,-4.245
2025-08-20 20:00:00,-4.245
2025-08-20 21:00:00,-4.246
2025-08-20 22:00:00,-4.248
2025-08-20 23:00:00,-4.25
2025-08-21 00:00:00,-4.252
2025-08-21 01:00:00,-4.254
2025-08-21 02:00:00,-4.251
2025-08-21 03:00:00,-4.251
2025-08-21 04:00:00,-4.247
2025-08-21 05:00:00,-4.248
2025-08-21 06:00:00,-4.245
2025-08-21 07:00:00,-4.243
2025-08-21 08:00:00,-4.243
2025-08-21 09:00:00,-4.238
2025-08-21 10:00:00,-4.238
2025-08-21 11:00:00,-4.242
2025-08-21 12:00:00,-4.24
2025-08-21 13:00:00,-4.243
2025-08-21 14:00:00,-4.244
2025-08-21 15:00:00,-4.251
2025-08-21 16:00:00,-4.253
2025-08-21 17:00:00,-4.258
2025-08-21 18:00:00,-4.261
2025-08-21 19:00:00,-4.254
2025-08-21 20:00:00,-4.266
2025-08-21 21:00:00,-4.27
2025-08-21 22:00:00,-4.265
2025-08-21 23:00:00,-4.268
2025-08-22 00:00:00,-4.271
2025-08-22 01:00:00,-4.267
2025-08-22 02:00:00,-4.271
2025-08-22 03:00:00,-4.261
2025-08-22 04:00:00,-4.271
2025-08-22 05:00:00,-4.27
2025-08-22 06:00:00,-4.268
2025-08-22 07:00:00,-4.265
2025-08-22 08:00:00,-4.26
2025-08-22 09:00:00,-4.265
2025-08-22 10:00:00,-4.26
2025-08-22 11:00:00,-4.26
2025-08-22 12:00:00,-4.261
2025-08-22 13:00:00,-4.259
2025-08-22 14:00:00,-4.261
2025-08-22 15:00:00,-4.259
2025-08-22 16:00:00,-4.263
2025-08-22 17:00:00,-4.264
2025-08-22 18:00:00,-4.268
2025-08-22 19:00:00,-4.27
2025-08-22 20:00:00,-4.272
2025-08-22 21:00:00,-4.276
2025-08-22 22:00:00,-4.274
2025-08-22 23:00:00,-4.272
2025-08-23 00:00:00,-4.272
2025-08-23 01:00:00,-4.266
2025-08-23 02:00:00,-4.266
2025-08-23 03:00:00,-4.26
2025-08-23 04:00:00,-4.257
2025-08-23 05:00:00,-4.261
2025-08-23 06:00:00,-4.258
2025-08-23 07:00:00,-4.258
2025-08-23 08:00:00,-4.259
2025-08-23 09:00:00,-4.259
2025-08-23 10:00:00,-4.257
2025-08-23 11:00:00,-4.255
2025-08-23 12:00:00,-4.259
2025-08-23 13:00:00,-4.257
2025-08-23 14:00:00,-4.255
2025-08-23 15:00:00,-4.262
2025-08-23 16:00:00,-4.265
2025-08-23 17:00:00,-4.27
2025-08-23 18:00:00,-4.268
2025-08-23 19:00:00,-4.268
2025-08-23 20:00:00,-4.272
2025-08-23 21:00:00,-4.272
2025-08-23 22:00:00,-4.279
2025-08-23 23:00:00,-4.274
2025-08-24 00:00:00,-4.28
2025-08-24 01:00:00,-4.273
2025-08-24 02:00:00,-4.267
2025-08-24 03:00:00,-4.274
2025-08-24 04:00:00,-4.277
2025-08-24 05:00:00,-4.27
2025-08-24 06:00:00,-4.267
2025-08-24 07:00:00,-4.265
2025-08-24 08:00:00,-4.262
2025-08-24 09:00:00,-4.268
2025-08-24 10:00:00,-4.257
2025-08-24 11:00:00,-4.262
2025-08-24 12:00:00,-4.26
2025-08-24 13:00:00,-4.256
2025-08-24 14:00:00,-4.256
2025-08-24 15:00:00,-4.261
2025-08-24 16:00:00,-4.264
2025-08-24 17:00:00,-4.27
2025-08-24 18:00:00,-4.276
2025-08-24 19:00:00,-4.271
2025-08-24 20:00:00,-4.279
2025-08-24 21:00:00,-4.279
2025-08-24 22:00:00,-4.282
2025-08-24 23:00:00,-4.284
2025-08-25 00:00:00,-4.283
2025-08-25 01:00:00,-4.284
2025-08-25 02:00:00,-4.284
2025-08-25 03:00:00,-4.278
2025-08-25 04:00:00,-4.272
2025-08-25 05:00:00,-4.278
2025-08-25 06:00:00,-4.27
2025-08-25 07:00:00,-4.267
2025-08-25 08:00:00,-4.272
2025-08-25 09:00:00,-4.272
2025-08-25 10:00:00,-4.27
2025-08-25 11:00:00,-4.266
2025-08-25 12:00:00,-4.269
2025-08-25 13:00:00,-4.272
2025-08-25 14:00:00,-4.271
2025-08-26 07:00:00,-4.269
2025-08-26 08:00:00,-4.267
2025-08-26 09:00:00,-4.268
2025-08-26 10:00:00,-4.261
2025-08-26 11:00:00,-4.262
2025-08-26 12:00:00,-4.259
2025-08-26 13:00:00,-4.265
2025-08-26 14:00:00,-4.265
2025-08-26 15:00:00,-4.265
2025-08-26 16:00:00,-4.273
2025-08-26 17:00:00,-4.275
2025-08-26 18:00:00,-4.283
2025-08-26 19:00:00,-4.283
2025-08-26 20:00:00,-4.288
2025-08-26 21:00:00,-4.289
2025-08-26 22:00:00,-4.289
2025-08-26 23:00:00,-4.294
2025-08-27 00:00:00,-4.289
2025-08-27 01:00:00,-4.288
2025-08-27 02:00:00,-4.287
2025-08-27 03:00:00,-4.284
2025-08-27 04:00:00,-4.283
2025-08-27 05:00:00,-4.283
2025-08-27 06:00:00,-4.281
2025-08-27 07:00:00,-4.275
2025-08-27 08:00:00,-4.275
2025-08-27 09:00:00,-4.279
2025-08-27 10:00:00,-4.272
2025-08-27 11:00:00,-4.271
2025-08-27 12:00:00,-4.268
2025-08-27 13:00:00,-4.267
2025-08-27 14:00:00,-4.268
2025-08-27 15:00:00,-4.272
2025-08-27 16:00:00,-4.276
2025-08-27 17:00:00,-4.272
2025-08-27 18:00:00,-4.277
2025-08-27 19:00:00,-4.281
2025-08-27 20:00:00,-4.284
2025-08-27 21:00:00,-4.289
2025-08-27 22:00:00,-4.288
2025-08-27 23:00:00,-4.288
2025-08-28 00:00:00,-4.283
2025-08-28 01:00:00,-4.281
2025-08-28 02:00:00,-4.28
2025-08-28 03:00:00,-4.283
2025-08-28 04:00:00,-4.28
2025-08-28 05:00:00,-4.278
2025-08-28 06:00:00,-4.271
2025-08-28 07:00:00,-4.273
2025-08-28 08:00:00,-4.269
2025-08-28 09:00:00,-4.269
2025-08-28 10:00:00,-4.273
2025-08-28 11:00:00,-4.267
2025-08-28 12:00:00,-4.264
2025-08-28 13:00:00,-4.26
2025-08-28 14:00:00,-4.265
2025-08-28 15:00:00,-4.264
2025-08-28 16:00:00,-4.265
2025-08-28 17:00:00,-4.265
2025-08-28 18:00:00,-4.263
2025-08-28 19:00:00,-4.264
2025-08-28 20:00:00,-4.264
2025-08-28 21:00:00,-4.264
2025-08-28 22:00:00,-4.266
2025-08-28 23:00:00,-4.264
2025-08-29 00:00:00,-4.264
2025-08-29 01:00:00,-4.262
2025-08-29 02:00:00,-4.257
2025-08-29 03:00:00,-4.261
2025-08-29 04:00:00,-4.258
2025-08-29 05:00:00,-4.255
2025-08-29 06:00:00,-4.25
2025-08-29 07:00:00,-4.248
2025-08-29 08:00:00,-4.247
2025-08-29 09:00:00,-4.244
2025-08-29 10:00:00,-4.245
2025-08-29 11:00:00,-4.247
2025-08-29 12:00:00,-4.248
2025-08-29 13:00:00,-4.242
2025-08-29 14:00:00,-4.244
2025-08-29 15:00:00,-4.249
2025-08-29 16:00:00,-4.251
2025-08-29 17:00:00,-4.253
2025-08-29 18:00:00,-4.251
2025-08-29 19:00:00,-4.256
2025-08-29 20:00:00,-4.256
2025-08-29 21:00:00,-4.258
2025-08-29 22:00:00,-4.262
2025-08-29 23:00:00,-4.266
2025-08-30 00:00:00,-4.259
2025-08-30 01:00:00,-4.265
2025-08-30 02:00:00,-4.26
2025-08-30 03:00:00,-4.258
2025-08-30 04:00:00,-4.239
2025-08-30 05:00:00,-4.245
2025-08-30 06:00:00,-4.243
2025-08-30 07:00:00,-4.234
2025-08-30 08:00:00,-4.232
2025-08-30 09:00:00,-4.227
2025-08-30 10:00:00,-4.227
2025-08-30 11:00:00,-4.225
2025-08-30 12:00:00,-4.219
2025-08-30 13:00:00,-4.224
2025-08-30 14:00:00,-4.22
2025-08-30 15:00:00,-4.221
2025-08-30 16:00:00,-4.225
2025-08-30 17:00:00,-4.224
2025-08-30 18:00:00,-4.225
2025-08-30 19:00:00,-4.228
2025-08-30 20:00:00,-4.229
2025-08-30 21:00:00,-4.232
2025-08-30 22:00:00,-4.23
2025-08-30 23:00:00,-4.225
2025-08-31 00:00:00,-4.227
2025-08-31 01:00:00,-4.226
2025-08-31 02:00:00,-4.229
2025-08-31 03:00:00,-4.23
2025-08-31 04:00:00,-4.224
2025-08-31 05:00:00,-4.226
2025-08-31 06:00:00,-4.225
2025-08-31 07:00:00,-4.22
2025-08-31 08:00:00,-4.221
2025-08-31 09:00:00,-4.224
2025-08-31 10:00:00,-4.223
2025-08-31 11:00:00,-4.22
2025-08-31 12:00:00,-4.217
2025-08-31 13:00:00,-4.221
2025-08-31 14:00:00,-4.213
2025-08-31 15:00:00,-4.214
2025-08-31 16:00:00,-4.222
2025-08-31 17:00:00,-4.222
2025-08-31 18:00:00,-4.227
2025-08-31 19:00:00,-4.227
2025-08-31 20:00:00,-4.225
2025-08-31 21:00:00,-4.225
2025-08-31 22:00:00,-4.227
2025-08-31 23:00:00,-4.227
2025-09-01 00:00:00,-4.226
2025-09-01 01:00:00,-4.228
2025-09-01 02:00:00,-4.227
2025-09-01 03:00:00,-4.216
2025-09-01 04:00:00,-4.219
2025-09-01 05:00:00,-4.219
2025-09-01 06:00:00,-4.217
2025-09-01 07:00:00,-4.213
2025-09-01 08:00:00,-4.216
2025-09-01 09:00:00,-4.215
2025-09-01 10:00:00,-4.214
2025-09-01 11:00:00,-4.213
2025-09-01 12:00:00,-4.216
2025-09-01 13:00:00,-4.206
2025-09-01 14:00:00,-4.217
2025-09-01 15:00:00,-4.216
2025-09-01 16:00:00,-4.217
2025-09-01 17:00:00,-4.217
2025-09-01 18:00:00,-4.219
2025-09-01 19:00:00,-4.222
2025-09-01 20:00:00,-4.227
2025-09-01 21:00:00,-4.22
2025-09-01 22:00:00,-4.229
2025-09-01 23:00:00,-4.224
2025-09-02 00:00:00,-4.224
2025-09-02 01:00:00,-4.227
2025-09-02 02:00:00,-4.227
2025-09-02 03:00:00,-4.222
2025-09-02 04:00:00,-4.219
2025-09-02 05:00:00,-4.225
2025-09-02 06:00:00,-4.229
2025-09-02 07:00:00,-4.223
2025-09-02 08:00:00,-4.222
2025-09-02 09:00:00,-4.224
2025-09-02 10:00:00,-4.22
2025-09-02 11:00:00,-4.215
2025-09-02 12:00:00,-4.215
2025-09-02 13:00:00,-4.22
2025-09-02 14:00:00,-4.223
2025-09-02 15:00:00,-4.223
2025-09-02 16:00:00,-4.229
2025-09-02 17:00:00,-4.227
2025-09-02 18:00:00,-4.224
2025-09-02 19:00:00,-4.235
2025-09-02 20:00:00,-4.224
2025-09-02 21:00:00,-4.223
2025-09-02 22:00:00,-4.226
2025-09-02 23:00:00,-4.222
2025-09-03 00:00:00,-4.226
2025-09-03 01:00:00,-4.227
2025-09-03 02:00:00,-4.224
2025-09-03 03:00:00,-4.224
2025-09-03 04:00:00,-4.223
2025-09-03 05:00:00,-4.224
2025-09-03 06:00:00,-4.223
2025-09-03 07:00:00,-4.224
2025-09-03 08:00:00,-4.228
2025-09-03 09:00:00,-4.217
2025-09-03 10:00:00,-4.212
2025-09-03 11:00:00,-4.214
2025-09-03 12:00:00,-4.217
2025-09-03 13:00:00,-4.219
2025-09-03 14:00:00,-4.213
2025-09-03 15:00:00,-4.218
2025-09-03 16:00:00,-4.208
2025-09-03 17:00:00,-4.157
2025-09-03 18:00:00,-4.178
2025-09-03 19:00:00,-4.187
2025-09-03 20:00:00,-4.187
2025-09-03 21:00:00,-4.18
2025-09-03 22:00:00,-4.177
2025-09-03 23:00:00,-4.178
2025-09-04 00:00:00,-4.175
2025-09-04 01:00:00,-4.172
2025-09-04 02:00:00,-4.176
2025-09-04 03:00:00,-4.172
2025-09-04 04:00:00,-4.177
2025-09-04 05:00:00,-4.177
2025-09-04 06:00:00,-4.18
2025-09-04 07:00:00,-4.178
2025-09-04 08:00:00,-4.171
2025-09-04 09:00:00,-4.176
2025-09-04 10:00:00,-4.175
2025-09-04 11:00:00,-4.176
2025-09-04 12:00:00,-4.181
2025-09-04 13:00:00,-4.181
2025-09-04 14:00:00,-4.185
2025-09-04 15:00:00,-4.187
2025-09-04 16:00:00,-4.19
2025-09-04 17:00:00,-4.184
2025-09-04 18:00:00,-4.184
2025-09-04 19:00:00,-4.191
2025-09-04 20:00:00,-4.19
2025-09-04 21:00:00,-4.182
2025-09-04 22:00:00,-4.187
2025-09-04 23:00:00,-4.192
2025-09-05 00:00:00,-4.194
2025-09-05 01:00:00,-4.19
2025-09-05 02:00:00,-4.19
2025-09-05 03:00:00,-4.19
2025-09-05 04:00:00,-4.189
2025-09-05 05:00:00,-4.189
2025-09-05 06:00:00,-4.19
2025-09-05 07:00:00,-4.19
2025-09-05 08:00:00,-4.187
2025-09-05 09:00:00,-4.188
2025-09-05 10:00:00,-4.191
2025-09-05 11:00:00,-4.187
2025-09-05 12:00:00,-4.191
2025-09-05 13:00:00,-4.192
2025-09-05 14:00:00,-4.2
2025-09-05 15:00:00,-4.189
2025-09-05 16:00:00,-4.202
2025-09-05 17:00:00,-4.199
2025-09-05 18:00:00,-4.202
2025-09-05 19:00:00,-4.206
2025-09-05 20:00:00,-4.197
2025-09-05 21:00:00,-4.209
2025-09-05 22:00:00,-4.208
2025-09-05 23:00:00,-4.209
2025-09-06 00:00:00,-4.212
2025-09-06 01:00:00,-4.207
2025-09-06 02:00:00,-4.21
2025-09-06 03:00:00,-4.206
2025-09-06 04:00:00,-4.21
2025-09-06 05:00:00,-4.209
2025-09-06 06:00:00,-4.209
2025-09-06 07:00:00,-4.207
2025-09-06 08:00:00,-4.213
2025-09-06 09:00:00,-4.213
2025-09-06 10:00:00,-4.213
2025-09-06 11:00:00,-4.208
2025-09-06 12:00:00,-4.208
2025-09-06 13:00:00,-4.205
2025-09-06 14:00:00,-4.212
2025-09-06 15:00:00,-4.209
2025-09-06 16:00:00,-4.212
2025-09-06 17:00:00,-4.209
2025-09-06 18:00:00,-4.212
2025-09-06 19:00:00,-4.217
2025-09-06 20:00:00,-4.216
2025-09-06 21:00:00,-4.217
2025-09-06 22:00:00,-4.214
2025-09-06 23:00:00,-4.22
2025-09-07 00:00:00,-4.212
2025-09-07 01:00:00,-4.215
2025-09-07 02:00:00,-4.211
2025-09-07 03:00:00,-4.211
2025-09-07 04:00:00,-4.208
2025-09-07 05:00:00,-4.212
2025-09-07 06:00:00,-4.201
2025-09-07 07:00:00,-4.209
2025-09-07 08:00:00,-4.208
2025-09-07 09:00:00,-4.205
2025-09-07 10:00:00,-4.21
2025-09-07 11:00:00,-4.211
2025-09-07 12:00:00,-4.208
2025-09-07 13:00:00,-4.211
2025-09-07 14:00:00,-4.212
2025-09-07 15:00:00,-4.213
2025-09-07 16:00:00,-4.216
2025-09-07 17:00:00,-4.219
2025-09-07 18:00:00,-4.225
2025-09-07 19:00:00,-4.222
2025-09-07 20:00:00,-4.225
2025-09-07 21:00:00,-4.226
2025-09-07 22:00:00,-4.224
2025-09-07 23:00:00,-4.218
2025-09-08 00:00:00,-4.229
2025-09-08 01:00:00,-4.229
2025-09-08 02:00:00,-4.222
2025-09-08 03:00:00,-4.228
2025-09-08 04:00:00,-4.216
2025-09-08 05:00:00,-4.226
2025-09-08 06:00:00,-4.221
2025-09-08 07:00:00,-4.223
2025-09-08 08:00:00,-4.226
2025-09-08 09:00:00,-4.217
2025-09-08 10:00:00,-4.224
2025-09-08 11:00:00,-4.225
2025-09-08 12:00:00,-4.225
2025-09-08 13:00:00,-4.224
2025-09-08 14:00:00,-4.224
2025-09-08 15:00:00,-4.225
2025-09-08 16:00:00,-4.225
2025-09-08 17:00:00,-4.226
2025-09-08 18:00:00,-4.227
2025-09-08 19:00:00,-4.224
2025-09-08 20:00:00,-4.227
2025-09-08 21:00:00,-4.23
2025-09-08 22:00:00,-4.225
2025-09-08 23:00:00,-4.228
2025-09-09 00:00:00,-4.231
2025-09-09 01:00:00,-4.228
2025-09-09 02:00:00,-4.23
2025-09-09 03:00:00,-4.226
2025-09-09 04:00:00,-4.224
2025-09-09 05:00:00,-4.22
2025-09-09 06:00:00,-4.223
2025-09-09 07:00:00,-4.222
2025-09-09 08:00:00,-4.22
2025-09-09 09:00:00,-4.215
2025-09-09 10:00:00,-4.223
2025-09-09 11:00:00,-4.216
2025-09-09 12:00:00,-4.219
2025-09-09 13:00:00,-4.218
2025-09-09 14:00:00,-4.214
2025-09-09 15:00:00,-4.216
2025-09-09 16:00:00,-4.21
2025-09-09 17:00:00,-4.204
2025-09-09 18:00:00,-4.195
2025-09-09 19:00:00,-4.187
2025-09-09 20:00:00,-4.181
2025-09-09 21:00:00,-4.181
2025-09-09 22:00:00,-4.175
2025-09-09 23:00:00,-4.179
2025-09-10 00:00:00,-4.178
2025-09-10 01:00:00,-4.174
2025-09-10 02:00:00,-4.173
2025-09-10 03:00:00,-4.172
2025-09-10 04:00:00,-4.172
2025-09-10 05:00:00,-4.17
2025-09-10 06:00:00,-4.167
2025-09-10 07:00:00,-4.167
2025-09-10 08:00:00,-4.172
2025-09-10 09:00:00,-4.167
2025-09-10 10:00:00,-4.161
2025-09-10 11:00:00,-4.168
2025-09-10 12:00:00,-4.167
2025-09-10 13:00:00,-4.166
2025-09-10 14:00:00,-4.164
2025-09-10 15:00:00,-4.164
2025-09-10 16:00:00,-4.166
2025-09-10 17:00:00,-4.165
2025-09-10 18:00:00,-4.162
2025-09-10 19:00:00,-4.168
2025-09-10 20:00:00,-4.171
2025-09-10 21:00:00,-4.164
2025-09-10 22:00:00,-4.166
2025-09-10 23:00:00,-4.171
2025-09-11 00:00:00,-4.166
2025-09-11 01:00:00,-4.173
2025-09-11 02:00:00,-4.176
2025-09-11 03:00:00,-4.173
2025-09-11 04:00:00,-4.172
2025-09-11 05:00:00,-4.175
2025-09-11 06:00:00,-4.169
2025-09-11 07:00:00,-4.171
2025-09-11 08:00:00,-4.17
2025-09-11 09:00:00,-4.175
2025-09-11 10:00:00,-4.174
2025-09-11 15:00:00,-4.179
2025-09-11 16:00:00,-4.176
2025-09-11 17:00:00,-4.181
2025-09-11 18:00:00,-4.182
2025-09-11 19:00:00,-4.185
2025-09-11 20:00:00,-4.189
2025-09-11 21:00:00,-4.192
2025-09-11 22:00:00,-4.19
2025-09-11 23:00:00,-4.187
2025-09-12 00:00:00,-4.179
2025-09-12 01:00:00,-4.175
2025-09-12 02:00:00,-4.171
2025-09-12 03:00:00,-4.167
2025-09-12 04:00:00,-4.167
2025-09-12 05:00:00,-4.136
2025-09-12 06:00:00,-4.139
2025-09-12 07:00:00,-4.137
2025-09-12 08:00:00,-4.127
2025-09-12 09:00:00,-4.12
2025-09-12 10:00:00,-4.113
2025-09-12 15:00:00,-4.099
2025-09-12 16:00:00,-4.096
2025-09-12 17:00:00,-4.1
2025-09-12 18:00:00,-4.091
2025-09-12 19:00:00,-4.102
2025-09-12 20:00:00,-4.103
2025-09-12 21:00:00,-4.104
2025-09-12 22:00:00,-4.102
2025-09-12 23:00:00,-4.104
2025-09-13 00:00:00,-4.097
2025-09-13 01:00:00,-4.102
2025-09-13 02:00:00,-4.096
2025-09-13 03:00:00,-4.096
2025-09-13 04:00:00,-4.095
2025-09-13 05:00:00,-4.093
2025-09-13 06:00:00,-4.092
2025-09-13 07:00:00,-4.09
2025-09-13 08:00:00,-4.086
2025-09-13 09:00:00,-4.091
2025-09-13 10:00:00,-4.089
2025-09-13 11:00:00,-4.087
2025-09-13 12:00:00,-4.088
2025-09-13 13:00:00,-4.086
2025-09-13 14:00:00,-4.091
2025-09-13 15:00:00,-4.092
2025-09-13 16:00:00,-4.092
2025-09-13 17:00:00,-4.094
2025-09-13 18:00:00,-4.089
2025-09-13 19:00:00,-4.093
2025-09-13 20:00:00,-4.092
2025-09-13 21:00:00,-4.091
2025-09-13 22:00:00,-4.098
2025-09-13 23:00:00,-4.099
2025-09-14 00:00:00,-4.101
2025-09-14 01:00:00,-4.104
2025-09-14 02:00:00,-4.102
2025-09-14 03:00:00,-4.101
2025-09-14 04:00:00,-4.104
2025-09-14 05:00:00,-4.1
2025-09-14 06:00:00,-4.103
2025-09-14 07:00:00,-4.104
2025-09-14 08:00:00,-4.097
2025-09-14 09:00:00,-4.1
2025-09-14 10:00:00,-4.105
2025-09-14 11:00:00,-4.105
2025-09-14 12:00:00,-4.106
2025-09-14 13:00:00,-4.108
2025-09-14 14:00:00,-4.11
2025-09-14 15:00:00,-4.112
2025-09-14 16:00:00,-4.112
2025-09-14 17:00:00,-4.11
2025-09-14 18:00:00,-4.116
2025-09-14 19:00:00,-4.11
2025-09-14 20:00:00,-4.11
2025-09-14 21:00:00,-4.112
2025-09-14 22:00:00,-4.103
2025-09-14 23:00:00,-4.105
2025-09-15 00:00:00,-4.103
2025-09-15 01:00:00,-4.104
2025-09-15 02:00:00,-4.098
2025-09-15 03:00:00,-4.09
2025-09-15 04:00:00,-4.082
2025-09-15 05:00:00,-4.075
2025-09-15 06:00:00,-4.068
2025-09-15 07:00:00,-4.069
2025-09-15 08:00:00,-4.067
2025-09-15 09:00:00,-4.065
2025-09-15 10:00:00,-4.058
2025-09-15 11:00:00,-4.054
2025-09-15 12:00:00,-4.06
2025-09-15 13:00:00,-4.06
2025-09-15 14:00:00,-4.059
2025-09-15 15:00:00,-4.062
2025-09-15 16:00:00,-4.061
2025-09-15 17:00:00,-4.066
2025-09-15 18:00:00,-4.063
2025-09-15 19:00:00,-4.07
2025-09-15 20:00:00,-4.068
2025-09-15 21:00:00,-4.065
2025-09-15 22:00:00,-4.072
2025-09-15 23:00:00,-4.072
2025-09-16 00:00:00,-4.072
2025-09-16 01:00:00,-4.076
2025-09-16 02:00:00,-4.078
2025-09-16 03:00:00,-4.075
2025-09-16 04:00:00,-4.079
2025-09-16 05:00:00,-4.083
2025-09-16 06:00:00,-4.083
2025-09-16 07:00:00,-4.078
2025-09-16 08:00:00,-4.085
2025-09-16 09:00:00,-4.078
2025-09-16 10:00:00,-4.077
2025-09-16 11:00:00,-4.08
2025-09-16 12:00:00,-4.076
2025-09-16 13:00:00,-4.078
2025-09-16 14:00:00,-4.079
2025-09-16 15:00:00,-4.073
2025-09-16 16:00:00,-4.07
2025-09-16 17:00:00,-4.066
2025-09-16 18:00:00,-4.066
2025-09-16 19:00:00,-4.056
2025-09-16 20:00:00,-4.031
2025-09-16 21:00:00,-3.762
2025-09-16 22:00:00,-3.658
2025-09-16 23:00:00,-3.666
2025-09-17 00:00:00,-3.682
2025-09-17 01:00:00,-3.691
2025-09-17 02:00:00,-3.702
2025-09-17 03:00:00,-3.701
2025-09-17 04:00:00,-3.703
2025-09-17 05:00:00,-3.711
2025-09-17 06:00:00,-3.714
2025-09-17 07:00:00,-3.711
2025-09-17 08:00:00,-3.724
2025-09-17 09:00:00,-3.727
2025-09-17 10:00:00,-3.733
2025-09-17 11:00:00,-3.734
2025-09-17 12:00:00,-3.721
2025-09-17 13:00:00,-3.702
2025-09-17 14:00:00,-3.702
2025-09-17 15:00:00,-3.694
2025-09-17 16:00:00,-3.688
2025-09-17 17:00:00,-3.682
2025-09-17 18:00:00,-3.673
2025-09-17 19:00:00,-3.637
2025-09-17 20:00:00,-3.617
2025-09-17 21:00:00,-3.616
2025-09-17 22:00:00,-3.615
2025-09-17 23:00:00,-3.617
2025-09-18 00:00:00,-3.617
2025-09-18 01:00:00,-3.614
2025-09-18 02:00:00,-3.614
2025-09-18 03:00:00,-3.622
2025-09-18 04:00:00,-3.611
2025-09-18 05:00:00,-3.6
2025-09-18 06:00:00,-3.605
2025-09-18 07:00:00,-3.612
2025-09-18 08:00:00,-3.612
2025-09-18 09:00:00,-3.617
2025-09-18 10:00:00,-3.626
2025-09-18 15:00:00,-3.658
2025-09-18 16:00:00,-3.66
2025-09-18 17:00:00,-3.667
2025-09-18 18:00:00,-3.671
2025-09-18 19:00:00,-3.674
2025-09-18 20:00:00,-3.68
2025-09-18 21:00:00,-3.683
2025-09-18 22:00:00,-3.684
2025-09-18 23:00:00,-3.693
2025-09-19 00:00:00,-3.698
2025-09-19 01:00:00,-3.704
2025-09-19 02:00:00,-3.706
2025-09-19 03:00:00,-3.709
2025-09-19 04:00:00,-3.718
2025-09-19 05:00:00,-3.719
2025-09-19 06:00:00,-3.722
2025-09-19 07:00:00,-3.726
2025-09-19 08:00:00,-3.728
2025-09-19 09:00:00,-3.735
2025-09-19 10:00:00,-3.731
2025-09-19 11:00:00,-3.739
2025-09-19 12:00:00,-3.741
2025-09-19 13:00:00,-3.748
2025-09-19 14:00:00,-3.727
2025-09-19 15:00:00,-3.746
2025-09-19 16:00:00,-3.75
2025-09-19 17:00:00,-3.754
2025-09-19 18:00:00,-3.757
2025-09-19 19:00:00,-3.761
2025-09-19 20:00:00,-3.762
2025-09-19 21:00:00,-3.765
2025-09-19 22:00:00,-3.769
2025-09-19 23:00:00,-3.77
2025-09-20 00:00:00,-3.771
2025-09-20 01:00:00,-3.778
2025-09-20 02:00:00,-3.781
2025-09-20 03:00:00,-3.782
2025-09-20 04:00:00,-3.784
2025-09-20 05:00:00,-3.786
2025-09-20 06:00:00,-3.787
2025-09-20 07:00:00,-3.791
2025-09-20 08:00:00,-3.797
2025-09-20 09:00:00,-3.794
2025-09-20 10:00:00,-3.796
2025-09-20 11:00:00,-3.8
2025-09-20 12:00:00,-3.804
2025-09-20 13:00:00,-3.804
2025-09-20 14:00:00,-3.804
2025-09-20 15:00:00,-3.798
2025-09-20 16:00:00,-3.781
2025-09-20 17:00:00,-3.763
2025-09-20 18:00:00,-3.763
2025-09-20 19:00:00,-3.768
2025-09-20 20:00:00,-3.767
2025-09-20 21:00:00,-3.776
2025-09-20 22:00:00,-3.785
2025-09-20 23:00:00,-3.784
2025-09-21 00:00:00,-3.785
2025-09-21 01:00:00,-3.796
2025-09-21 02:00:00,-3.8
2025-09-21 03:00:00,-3.803
2025-09-21 04:00:00,-3.809
2025-09-21 05:00:00,-3.814
2025-09-21 06:00:00,-3.815
2025-09-21 07:00:00,-3.821
2025-09-21 08:00:00,-3.825
2025-09-21 09:00:00,-3.826
2025-09-21 10:00:00,-3.826
2025-09-21 11:00:00,-3.834
2025-09-21 12:00:00,-3.836
2025-09-21 13:00:00,-3.837
2025-09-21 14:00:00,-3.845
2025-09-21 15:00:00,-3.854
2025-09-21 16:00:00,-3.857
2025-09-21 17:00:00,-3.858
2025-09-21 18:00:00,-3.86
2025-09-21 19:00:00,-3.862
2025-09-21 20:00:00,-3.871
2025-09-21 21:00:00,-3.868
2025-09-21 22:00:00,-3.879
2025-09-21 23:00:00,-3.88
2025-09-22 00:00:00,-3.878
2025-09-22 01:00:00,-3.887
2025-09-22 02:00:00,-3.887
2025-09-22 03:00:00,-3.891
2025-09-22 04:00:00,-3.894
2025-09-22 05:00:00,-3.894
2025-09-22 06:00:00,-3.901
2025-09-22 07:00:00,-3.905
2025-09-22 08:00:00,-3.911
2025-09-22 09:00:00,-3.909
2025-09-22 10:00:00,-3.909
2025-09-22 11:00:00,-3.911
2025-09-22 12:00:00,-3.918
2025-09-22 13:00:00,-3.923
2025-09-22 14:00:00,-3.923
2025-09-22 15:00:00,-3.922
2025-09-22 16:00:00,-3.932
2025-09-22 17:00:00,-3.937
2025-09-22 18:00:00,-3.94
2025-09-22 19:00:00,-3.946
2025-09-22 20:00:00,-3.946
2025-09-22 21:00:00,-3.95
2025-09-22 22:00:00,-3.96
2025-09-22 23:00:00,-3.962
2025-09-23 00:00:00,-3.965
2025-09-23 01:00:00,-3.969
2025-09-23 02:00:00,-3.969
2025-09-23 03:00:00,-3.969
2025-09-23 04:00:00,-3.968
2025-09-23 05:00:00,-3.974
2025-09-23 06:00:00,-3.975
2025-09-23 07:00:00,-3.976
2025-09-23 08:00:00,-3.971
2025-09-23 09:00:00,-3.978
2025-09-23 10:00:00,-3.98
2025-09-23 11:00:00,-3.977
2025-09-23 12:00:00,-3.986
2025-09-23 13:00:00,-3.986
2025-09-23 14:00:00,-3.99
2025-09-23 15:00:00,-3.99
2025-09-23 16:00:00,-3.994
2025-09-23 17:00:00,-4.003
2025-09-23 18:00:00,-4.004
2025-09-23 19:00:00,-4.007
2025-09-23 20:00:00,-4.004
2025-09-23 21:00:00,-4.013
2025-09-23 22:00:00,-4.02
2025-09-23 23:00:00,-4.019
2025-09-24 00:00:00,-4.022
2025-09-24 01:00:00,-4.025
2025-09-24 02:00:00,-4.028
2025-09-24 03:00:00,-4.026
2025-09-24 04:00:00,-4.024
2025-09-24 05:00:00,-4.027
2025-09-24 06:00:00,-4.031
2025-09-24 11:00:00,-4.042
2025-09-24 12:00:00,-4.042
2025-09-24 13:00:00,-4.046
2025-09-24 14:00:00,-4.052
2025-09-24 15:00:00,-4.05
2025-09-24 16:00:00,-4.056
2025-09-24 17:00:00,-4.055
2025-09-24 18:00:00,-4.052
2025-09-24 19:00:00,-4.061
2025-09-24 20:00:00,-4.062
2025-09-24 21:00:00,-4.065
2025-09-24 22:00:00,-4.062
2025-09-24 23:00:00,-4.065
2025-09-25 00:00:00,-4.066
2025-09-25 01:00:00,-4.066
2025-09-25 02:00:00,-4.066
2025-09-25 03:00:00,-4.068
2025-09-25 04:00:00,-4.067
2025-09-25 05:00:00,-4.066
2025-09-25 06:00:00,-4.068
2025-09-25 07:00:00,-4.068
2025-09-25 08:00:00,-4.069
2025-09-25 09:00:00,-4.067
2025-09-25 10:00:00,-4.068
2025-09-25 11:00:00,-4.068
2025-09-25 12:00:00,-4.07
2025-09-25 13:00:00,-4.063
2025-09-25 14:00:00,-4.07
2025-09-25 15:00:00,-4.073
2025-09-25 16:00:00,-4.073
2025-09-25 17:00:00,-4.078
2025-09-25 18:00:00,-4.082
2025-09-25 19:00:00,-4.079
2025-09-25 20:00:00,-4.082
2025-09-25 21:00:00,-4.083
2025-09-25 22:00:00,-4.082
2025-09-25 23:00:00,-4.086
2025-09-26 00:00:00,-4.083
2025-09-26 01:00:00,-4.088
2025-09-26 02:00:00,-4.089
2025-09-26 03:00:00,-4.089
2025-09-26 04:00:00,-4.093
2025-09-26 05:00:00,-4.093
2025-09-26 06:00:00,-4.084
2025-09-26 07:00:00,-4.087
2025-09-26 08:00:00,-4.088
2025-09-26 09:00:00,-4.09
2025-09-26 10:00:00,-4.094
2025-09-26 11:00:00,-4.096
2025-09-26 12:00:00,-4.096
2025-09-26 13:00:00,-4.097
2025-09-26 14:00:00,-4.097
2025-09-26 15:00:00,-4.098
2025-09-26 16:00:00,-4.099
2025-09-26 17:00:00,-4.103
2025-09-26 18:00:00,-4.099
2025-09-26 19:00:00,-4.104
2025-09-26 20:00:00,-4.101
2025-09-26 21:00:00,-4.102
2025-09-26 22:00:00,-4.1
2025-09-26 23:00:00,-4.102
2025-09-27 00:00:00,-4.101
2025-09-27 01:00:00,-4.105
2025-09-27 02:00:00,-4.104
2025-09-27 03:00:00,-4.101
2025-09-27 04:00:00,-4.104
2025-09-27 05:00:00,-4.098
2025-09-27 06:00:00,-4.106
2025-09-27 07:00:00,-4.103
2025-09-27 08:00:00,-4.101
2025-09-27 09:00:00,-4.105
2025-09-27 10:00:00,-4.102
2025-09-27 11:00:00,-4.108
2025-09-27 12:00:00,-4.104
2025-09-27 13:00:00,-4.105
2025-09-27 14:00:00,-4.107
2025-09-27 15:00:00,-4.105
2025-09-27 16:00:00,-4.109
2025-09-27 17:00:00,-4.11
2025-09-27 18:00:00,-4.111
2025-09-27 19:00:00,-4.107
2025-09-27 20:00:00,-4.114
2025-09-27 21:00:00,-4.113
2025-09-27 22:00:00,-4.11
2025-09-27 23:00:00,-4.11
2025-09-28 00:00:00,-4.111
2025-09-28 01:00:00,-4.113
2025-09-28 02:00:00,-4.115
2025-09-28 03:00:00,-4.116
2025-09-28 04:00:00,-4.11
2025-09-28 05:00:00,-4.105
2025-09-28 06:00:00,-4.111
2025-09-28 07:00:00,-4.115
2025-09-28 08:00:00,-4.108
2025-09-28 09:00:00,-4.115
2025-09-28 10:00:00,-4.109
2025-09-28 11:00:00,-4.116
2025-09-28 12:00:00,-4.115
2025-09-28 13:00:00,-4.115
2025-09-28 14:00:00,-4.117
2025-09-28 15:00:00,-4.115
2025-09-28 16:00:00,-4.118
2025-09-28 17:00:00,-4.121
2025-09-28 18:00:00,-4.117
2025-09-28 19:00:00,-4.12
2025-09-28 20:00:00,-4.115
2025-09-28 21:00:00,-4.118
2025-09-28 22:00:00,-4.12
2025-09-28 23:00:00,-4.122
2025-09-29 00:00:00,-4.121
2025-09-29 01:00:00,-4.122
2025-09-29 02:00:00,-4.124
2025-09-29 03:00:00,-4.128
2025-09-29 04:00:00,-4.127
2025-09-29 05:00:00,-4.124
2025-09-29 06:00:00,-4.128
2025-09-29 07:00:00,-4.125
2025-09-29 08:00:00,-4.122
2025-09-29 09:00:00,-4.119
2025-09-29 10:00:00,-4.127
2025-09-29 11:00:00,-4.126
2025-09-29 12:00:00,-4.126
2025-09-29 13:00:00,-4.127
2025-09-29 14:00:00,-4.132
2025-09-29 15:00:00,-4.128
2025-09-29 16:00:00,-4.132
2025-09-29 17:00:00,-4.133
2025-09-29 18:00:00,-4.133
2025-09-29 19:00:00,-4.14
2025-09-29 20:00:00,-4.136
2025-09-29 21:00:00,-4.134
2025-09-29 22:00:00,-4.134
2025-09-29 23:00:00,-4.136
2025-09-30 00:00:00,-4.133
2025-09-30 01:00:00,-4.137
2025-09-30 02:00:00,-4.136
2025-09-30 03:00:00,-4.138
2025-09-30 04:00:00,-4.137
2025-09-30 05:00:00,-4.139
2025-09-30 06:00:00,-4.136
2025-09-30 07:00:00,-4.141
2025-09-30 08:00:00,-4.14
2025-09-30 09:00:00,-4.141
2025-09-30 10:00:00,-4.136
2025-09-30 11:00:00,-4.134
2025-09-30 12:00:00,-4.142
2025-09-30 13:00:00,-4.14
2025-09-30 14:00:00,-4.143
2025-09-30 15:00:00,-4.142
2025-09-30 16:00:00,-4.137
2025-09-30 17:00:00,-4.139
2025-09-30 18:00:00,-4.138
2025-09-30 19:00:00,-4.14
2025-09-30 20:00:00,-4.142
2025-09-30 21:00:00,-4.142
2025-09-30 22:00:00,-4.135
2025-09-30 23:00:00,-4.139
2025-10-01 00:00:00,-4.147
2025-10-01 01:00:00,-4.147
2025-10-01 02:00:00,-4.145
2025-10-01 03:00:00,-4.146
2025-10-01 04:00:00,-4.147
2025-10-01 05:00:00,-4.149
2025-10-01 06:00:00,-4.142
2025-10-01 11:00:00,-4.141
2025-10-01 12:00:00,-4.145
2025-10-01 13:00:00,-4.147
2025-10-01 14:00:00,-4.149
2025-10-01 15:00:00,-4.148
2025-10-01 16:00:00,-4.145
2025-10-01 17:00:00,-4.15
2025-10-01 18:00:00,-4.151
2025-10-01 19:00:00,-4.15
2025-10-01 20:00:00,-4.152
2025-10-01 21:00:00,-4.146
2025-10-01 22:00:00,-4.148
2025-10-01 23:00:00,-4.154
2025-10-02 00:00:00,-4.15
2025-10-02 01:00:00,-4.152
2025-10-02 02:00:00,-4.148
2025-10-02 03:00:00,-4.15
2025-10-02 04:00:00,-4.149
2025-10-02 05:00:00,-4.147
2025-10-02 06:00:00,-4.153
2025-10-02 07:00:00,-4.155
2025-10-02 08:00:00,-4.153
2025-10-02 09:00:00,-4.153
2025-10-02 10:00:00,-4.152
2025-10-02 11:00:00,-4.147
2025-10-02 12:00:00,-4.154
2025-10-02 13:00:00,-4.15
2025-10-02 14:00:00,-4.157
2025-10-02 15:00:00,-4.155
2025-10-02 16:00:00,-4.139
2025-10-02 17:00:00,-4.151
2025-10-02 18:00:00,-4.153
2025-10-02 19:00:00,-4.152
2025-10-02 20:00:00,-4.152
2025-10-02 21:00:00,-4.155
2025-10-02 22:00:00,-4.154
2025-10-02 23:00:00,-4.151
2025-10-03 00:00:00,-4.156
2025-10-03 01:00:00,-4.154
2025-10-03 02:00:00,-4.152
2025-10-03 03:00:00,-4.149
2025-10-03 04:00:00,-4.151
2025-10-03 05:00:00,-4.155
2025-10-03 06:00:00,-4.151
2025-10-03 07:00:00,-4.15
2025-10-03 08:00:00,-4.157
2025-10-03 09:00:00,-4.149
2025-10-03 10:00:00,-4.148
2025-10-03 11:00:00,-4.143
2025-10-03 12:00:00,-4.152
2025-10-03 13:00:00,-4.15
2025-10-03 14:00:00,-4.153
2025-10-03 15:00:00,-4.152
2025-10-03 16:00:00,-4.148
2025-10-03 17:00:00,-4.146
2025-10-03 18:00:00,-4.146
2025-10-03 19:00:00,-4.145
2025-10-03 20:00:00,-4.151
2025-10-03 21:00:00,-4.133
2025-10-03 22:00:00,-4.142
2025-10-03 23:00:00,-4.138
2025-10-04 00:00:00,-4.142
2025-10-04 01:00:00,-4.137
2025-10-04 02:00:00,-4.133
2025-10-04 03:00:00,-4.116
2025-10-04 04:00:00,-4.062
2025-10-04 05:00:00,-3.893
2025-10-04 06:00:00,-3.691
2025-10-04 07:00:00,-3.557
2025-10-04 08:00:00,-3.486
2025-10-04 09:00:00,-3.443
2025-10-04 10:00:00,-3.439
2025-10-04 11:00:00,-3.44
2025-10-04 12:00:00,-3.45
2025-10-04 13:00:00,-3.46
2025-10-04 14:00:00,-3.465
2025-10-04 15:00:00,-3.47
2025-10-04 16:00:00,-3.484
2025-10-04 17:00:00,-3.489
2025-10-04 18:00:00,-3.495
2025-10-04 19:00:00,-3.498
2025-10-04 20:00:00,-3.508
2025-10-04 21:00:00,-3.523
2025-10-04 22:00:00,-3.531
2025-10-04 23:00:00,-3.532
2025-10-05 00:00:00,-3.542
2025-10-05 01:00:00,-3.555
2025-10-05 02:00:00,-3.56
2025-10-05 03:00:00,-3.572
2025-10-05 04:00:00,-3.575
2025-10-05 05:00:00,-3.58
2025-10-05 06:00:00,-3.586
2025-10-05 07:00:00,-3.588
2025-10-05 08:00:00,-3.591
2025-10-05 09:00:00,-3.592
2025-10-05 10:00:00,-3.595
2025-10-05 11:00:00,-3.596
2025-10-05 12:00:00,-3.597
2025-10-05 13:00:00,-3.594
2025-10-05 14:00:00,-3.61
2025-10-05 15:00:00,-3.612
2025-10-05 16:00:00,-3.614
2025-10-05 17:00:00,-3.614
2025-10-05 18:00:00,-3.624
2025-10-05 19:00:00,-3.628
2025-10-05 20:00:00,-3.63
2025-10-05 21:00:00,-3.638
2025-10-05 22:00:00,-3.636
2025-10-05 23:00:00,-3.649
2025-10-06 00:00:00,-3.649
