DATE,ET
2020-01-01,0.09670053537455855
2020-01-02,0.0837910290073182
2020-01-03,0.1021506604658995
2020-01-04,0.12959864428467394
2020-01-05,0.11135642764558937
2020-01-06,0.20952327832445114
2020-01-07,0.411978890898547
2020-01-08,0.27530054820646116
2020-01-09,0.10323029656709765
2020-01-10,0.2833176405016163
2020-01-11,0.302795409427501
2020-01-12,0.14069885038440302
2020-01-13,0.39634456260769013
2020-01-14,0.3281138438704895
2020-01-15,0.09733883790361206
2020-01-16,0.6106056905031858
2020-01-17,0.16634377957676658
2020-01-18,0.37182232767373313
2020-01-19,0.5015139530290957
2020-01-20,0.2935212390230387
2020-01-21,0.24113050143174597
2020-01-22,0.15825450618083697
2020-01-23,0.28545019369177377
2020-01-24,0.15994586024618326
2020-01-25,0.11435189827661008
2020-01-26,0.4087160611862774
2020-01-27,0.32385003175826965
2020-01-28,0.28624168921564586
2020-01-29,0.37671235083387766
2020-01-30,0.4704014309031543
2020-01-31,0.3148592826834033
2020-02-01,0.5594343025741417
2020-02-02,0.17333301401276516
2020-02-03,0.589934653614431
2020-02-04,0.3185235639798875
2020-02-05,0.6604704639400376
2020-02-06,0.4945921667404771
2020-02-07,0.8845056736812013
2020-02-08,0.31118953316231807
2020-02-09,0.1622797323985268
2020-02-10,0.6301144198482129
2020-02-11,0.41130777909223765
2020-02-12,0.5996210552826892
2020-02-13,0.304935493925812
2020-02-14,0.6621048019504611
2020-02-15,0.49576843311764923
2020-02-16,0.1427747845139765
2020-02-17,0.7936410649526694
2020-02-18,0.7808529987343156
2020-02-19,0.6470184255176447
2020-02-20,0.3693789748141757
2020-02-21,0.6795217352765426
2020-02-22,0.47268904718304167
2020-02-23,0.39134663147762794
2020-02-24,0.15073857888610268
2020-02-25,0.8382033476020782
2020-02-26,0.6892547198653909
2020-02-27,0.296917868989999
2020-02-28,0.5931965066809063
2020-02-29,0.8017425172012989
2020-03-01,1.1200929973319713
2020-03-02,0.32002946888715444
2020-03-03,1.2835575109788688
2020-03-04,1.3770487168721703
2020-03-05,0.6136379647554154
2020-03-06,0.7753210171824223
2020-03-07,1.2330270365648741
2020-03-08,0.5403068966139684
2020-03-09,1.2976635590885028
2020-03-10,0.4487202798376361
2020-03-11,1.923877501650579
2020-03-12,1.6234199016895232
2020-03-13,1.1341689204053678
2020-03-14,1.4220636314859905
2020-03-15,0.533204835023731
2020-03-16,1.503884268053404
2020-03-17,1.411618769350281
2020-03-18,0.8947861475328347
2020-03-19,0.8443795895666404
2020-03-20,0.7776639810406744
2020-03-21,2.1031533530473885
2020-03-22,2.216585924815616
2020-03-23,2.2516502473954327
2020-03-24,2.30369876558088
2020-03-25,2.38046694171175
2020-03-26,2.2932698369366986
2020-03-27,2.2665918987015785
2020-03-28,2.171276369621658
2020-03-29,2.313150747105639
2020-03-30,1.3579075583244802
2020-03-31,2.2817839093353345
2020-04-01,1.4795872086672759
2020-04-02,1.8522447300279952
2020-04-03,1.2223011821236212
2020-04-04,2.807839705136703
2020-04-05,3.159691084989678
2020-04-06,2.5569607780279693
2020-04-07,2.9498779891639124
2020-04-08,2.9690063149511863
2020-04-09,2.999652444981242
2020-04-10,2.883844675204029
2020-04-11,3.25371751640351
2020-04-12,2.5661336330248927
2020-04-13,1.8021707390512551
2020-04-14,1.5349435415334924
2020-04-15,2.9478458167916672
2020-04-16,3.178837595034957
2020-04-17,3.1854534720638275
2020-04-18,2.3639976786431562
2020-04-19,3.578386898064762
2020-04-20,3.695506547884248
2020-04-21,3.77645111695365
2020-04-22,3.9325751141008327
2020-04-23,3.8697186130606442
2020-04-24,3.592535473356839
2020-04-25,1.8622275862329765
2020-04-26,3.2522013915254284
2020-04-27,3.5039130515262196
2020-04-28,0.5199990420382955
2020-04-29,1.4073903877459235
2020-04-30,2.9092330796423522
2020-05-01,1.851079689822427
2020-05-02,2.2418693199911344
2020-05-03,2.2155563816983284
2020-05-04,3.5991326364101837
2020-05-05,3.802143533183236
2020-05-06,3.7882186527188897
2020-05-07,3.7663601859236335
2020-05-08,3.7146694759719123
2020-05-09,4.384314034377901
2020-05-10,2.2919462057211946
2020-05-11,3.391018345267047
2020-05-12,2.511665455251749
2020-05-13,2.40573446790869
2020-05-14,2.5013073238376626
2020-05-15,3.10954240079664
2020-05-16,2.8928640493352744
2020-05-17,4.2987938631735805
2020-05-18,3.955736925717315
2020-05-19,3.943300605324141
2020-05-20,3.6007416447665426
2020-05-21,4.88541345745601
2020-05-22,2.7126280096117688
2020-05-23,4.194183905769594
2020-05-24,1.3886413554524695
2020-05-25,4.090684655450956
2020-05-26,4.543870237264721
2020-05-27,4.508952649561559
2020-05-28,4.694108585747494
2020-05-29,4.7288451196685815
2020-05-30,4.963083928463009
2020-05-31,4.830599141871595
2020-06-01,4.038706846017016
2020-06-02,4.785154586959705
2020-06-03,3.7199963048053224
2020-06-04,1.555921273826422
2020-06-05,1.7825544444225934
2020-06-06,2.584913709845561
2020-06-07,2.3542492023228596
2020-06-08,3.326706386557019
2020-06-09,2.262545132640228
2020-06-10,3.250096814762845
2020-06-11,1.793753934817765
2020-06-12,4.362487970074354
2020-06-13,4.799684523064526
2020-06-14,3.3414133010379987
2020-06-15,4.255019018499441
2020-06-16,2.2819821468850137
2020-06-17,4.63633822809091
2020-06-18,3.1478576090789505
2020-06-19,3.9730858262695
2020-06-20,5.060336064769484
2020-06-21,3.359938889396424
2020-06-22,5.130809495019331
2020-06-23,5.24716328091866
2020-06-24,5.529907025067565
2020-06-25,5.729413386682465
2020-06-26,5.43220735420095
2020-06-27,2.755714332652387
2020-06-28,4.768905947455783
2020-06-29,2.688073728210849
2020-06-30,0.9787971715696651
2020-07-01,2.9700482419462335
2020-07-02,3.4668393097051236
2020-07-03,3.5099022454867863
2020-07-04,0.8747939925465136
2020-07-05,3.499368375426101
2020-07-06,2.8037369722605607
2020-07-07,2.834730044487978
2020-07-08,1.4884824644575123
2020-07-09,0.9598906844284701
2020-07-10,2.8587439295928507
2020-07-11,3.827837089652906
2020-07-12,3.1937027995913114
2020-07-13,4.5859295586973445
2020-07-14,1.6124476796927527
2020-07-15,3.9683686105765825
2020-07-16,2.833719839669154
2020-07-17,3.216845706201865
2020-07-18,2.7627514986711024
2020-07-19,3.164428904633363
2020-07-20,3.9559713455124106
2020-07-21,3.6870942921995407
2020-07-22,3.026143864965383
2020-07-23,3.4733111945000252
2020-07-24,2.7542927288395056
2020-07-25,1.555860014764301
2020-07-26,4.0879994410599
2020-07-27,1.769795500215499
2020-07-28,2.7804779851052897
2020-07-29,2.57538051894225
2020-07-30,4.307934509195488
2020-07-31,5.004926366090832
2020-08-01,3.0235982690476644
2020-08-02,3.800408641034419
2020-08-03,1.8955581972683617
2020-08-04,4.3040570413159704
2020-08-05,4.5334087854286516
2020-08-06,4.483544808898125
2020-08-07,4.779721143901084
2020-08-08,3.778393396972976
2020-08-09,4.282437667477323
2020-08-10,4.493029247704729
2020-08-11,4.245403573083471
2020-08-12,4.377232402086138
2020-08-13,4.227629043943333
2020-08-14,2.788833703102789
2020-08-15,2.8351699837335294
2020-08-16,3.4152803403272496
2020-08-17,2.2376100626814153
2020-08-18,3.828346960454901
2020-08-19,3.2510371579732262
2020-08-20,2.8272975741449544
2020-08-21,3.938021621130472
2020-08-22,2.8765473564008888
2020-08-23,2.1949350111286674
2020-08-24,2.689055463469828
2020-08-25,1.0742900952720542
2020-08-26,1.1272439845644862
2020-08-27,1.6057361388823772
2020-08-28,1.9521945137541343
2020-08-29,1.920412544260517
2020-08-30,1.3479057938878265
2020-08-31,1.6788206696865415
2020-09-01,1.2147352517578647
2020-09-02,3.0983461320518777
2020-09-03,0.4862133463870111
2020-09-04,2.1991366694006746
2020-09-05,2.489600432399092
2020-09-06,1.5753834541138008
2020-09-07,1.9320112395235227
2020-09-08,0.8306846468402787
2020-09-09,0.8832319106094337
2020-09-10,1.8792549435895818
2020-09-11,2.1208502728344896
2020-09-12,1.8204379497181535
2020-09-13,2.6794630829370556
2020-09-14,2.866426783957653
2020-09-15,2.74393812884746
2020-09-16,2.0781643349187093
2020-09-17,2.4628335052660533
2020-09-18,2.7420083901015753
2020-09-19,2.6047412148525693
2020-09-20,2.6505995573320207
2020-09-21,2.5141415204229145
2020-09-22,2.3701527203472135
2020-09-23,1.5092228118686
2020-09-24,1.3863356141234622
2020-09-25,1.5081797409493385
2020-09-26,1.4038216036231987
2020-09-27,1.3106525647196454
2020-09-28,0.41677660235622493
2020-09-29,1.672851546986134
2020-09-30,1.0477531318198323
2020-10-01,0.3551492780644981
2020-10-02,1.2338109524113152
2020-10-03,0.27201915776690067
2020-10-04,1.0816820659321245
2020-10-05,0.3096803835840309
2020-10-06,0.8836555629949598
2020-10-07,1.0187026847540157
2020-10-08,0.3257110730752359
2020-10-09,0.7834850408426016
2020-10-10,0.8091736448788887
2020-10-11,1.013866826974548
2020-10-12,0.9722980912187926
2020-10-13,1.0968818731621819
2020-10-14,0.974211082761179
2020-10-15,1.085245710415148
2020-10-16,1.3693492247518033
2020-10-17,0.8992946367512816
2020-10-18,0.8881917496455083
2020-10-19,0.2876580582823162
2020-10-20,0.34036808448845945
2020-10-21,0.33185473911690483
2020-10-22,1.0557199211298058
2020-10-23,1.0522090172133893
2020-10-24,0.6990563109141945
2020-10-25,0.37103187588381614
2020-10-26,0.6460658612404787
2020-10-27,0.527045969293653
2020-10-28,0.6721396772450505
2020-10-29,0.6102725288806101
2020-10-30,0.3803171054561045
2020-10-31,0.5525931623433631
2020-11-01,0.53353263269773
2020-11-02,0.512178304423008
2020-11-03,0.7311843631431252
2020-11-04,0.8572379981536532
2020-11-05,0.591841511369892
2020-11-06,0.7577190134505559
2020-11-07,0.8011446184574351
2020-11-08,0.7753406004937086
2020-11-09,0.7861245344759829
2020-11-10,0.5755334795096628
2020-11-11,0.5858512008994252
2020-11-12,0.4649568689107085
2020-11-13,0.3478119670920292
2020-11-14,0.22828149459374444
2020-11-15,0.2775646659985878
2020-11-16,0.2518448829369558
2020-11-17,0.2826830195498658
2020-11-18,0.767955536443802
2020-11-19,0.41516052549831667
2020-11-20,0.33471014273214206
2020-11-21,0.1280810037110274
2020-11-22,0.4536302710853089
2020-11-23,0.6462189825582687
2020-11-24,0.23838186530921224
2020-11-25,0.5059154458265545
2020-11-26,0.1477515899256703
2020-11-27,0.13753509332421826
2020-11-28,0.17186785875387253
2020-11-29,0.2014433866209168
2020-11-30,0.08740177603941714
2020-12-01,0.35064309257692267
2020-12-02,0.14402259772630402
2020-12-03,0.06098254137960621
2020-12-04,0.32956522362595697
2020-12-05,0.3725088398328385
2020-12-06,0.17558919591524955
2020-12-07,0.1319678818250363
2020-12-08,0.16206274124155326
2020-12-09,0.12108755861066518
2020-12-10,0.3322555752116196
2020-12-11,0.08194162476044979
2020-12-12,0.09645679354592628
2020-12-13,0.30515168412754123
2020-12-14,0.313571159687862
2020-12-15,0.16306822716655073
2020-12-16,0.331729399750231
2020-12-17,0.3157750809283468
2020-12-18,0.3752768608357631
2020-12-19,0.2052410445372104
2020-12-20,0.2793727741777348
2020-12-21,0.08631022040810925
2020-12-22,0.1118670226653452
2020-12-23,0.08125115624690847
2020-12-24,0.22406476400504866
2020-12-25,0.2894532425126693
2020-12-26,0.13193092124508926
2020-12-27,0.06426553380531823
2020-12-28,0.25809445630634115
2020-12-29,0.17089651500151426
2020-12-30,0.19846605543727824
2020-12-31,0.3139872274336611
2021-01-01,0.3226352142288274
2021-01-02,0.3276743016343814
2021-01-03,0.23546958100527024
2021-01-04,0.11829397170916293
2021-01-05,0.1270146851476612
2021-01-06,0.13083013609499103
2021-01-07,0.14632432992937464
2021-01-08,0.3725670660804266
2021-01-09,0.37530454845833533
2021-01-10,0.15961619134443492
2021-01-11,0.12766750078454076
2021-01-12,0.42981611289167365
2021-01-13,0.3981725237210395
2021-01-14,0.34980850265303276
2021-01-15,0.10795584807861286
2021-01-16,0.12925163702321613
2021-01-17,0.2662640057947944
2021-01-18,0.21456451591743206
2021-01-19,0.180688858920923
2021-01-20,0.23947709209615126
2021-01-21,0.45090003938282036
2021-01-22,0.6073188532887668
2021-01-23,0.43816697529633813
2021-01-24,0.43726062831629087
2021-01-25,0.5658378220170219
2021-01-26,0.4837610101283657
2021-01-27,0.18030249559080375
2021-01-28,0.1651176159850094
2021-01-29,0.2846235666312353
2021-01-30,0.30419265729632755
2021-01-31,0.662684823325115
2021-02-01,0.19570436693190307
2021-02-02,0.20063569873730677
2021-02-03,0.1867803117928285
2021-02-04,0.3195579868116741
2021-02-05,0.3453282411311982
2021-02-06,0.1592714700286847
2021-02-07,0.17645209561149322
2021-02-08,0.27497364805918584
2021-02-09,0.6580140460240663
2021-02-10,0.4470602203639974
2021-02-11,0.9332796355620888
2021-02-12,0.8398627034991534
2021-02-13,0.814112890923443
2021-02-14,0.8067142992194217
2021-02-15,0.16975086372129347
2021-02-16,0.5551550433341356
2021-02-17,0.3718272719951253
2021-02-18,0.649678200563121
2021-02-19,0.9449901145757473
2021-02-20,1.221851576945925
2021-02-21,1.0735917406325315
2021-02-22,0.9535466825762872
2021-02-23,1.0517680448607352
2021-02-24,1.119706765691661
2021-02-25,1.0736328538920794
2021-02-26,1.452927941646516
2021-02-27,0.908639921310868
2021-02-28,1.178207958223263
2021-03-01,1.2453668071255852
2021-03-02,1.4905197870868765
2021-03-03,0.4927026335843206
2021-03-04,0.4163334729238917
2021-03-05,1.3450071051521917
2021-03-06,0.7952196967860758
2021-03-07,0.5587632597492578
2021-03-08,0.7766391281103232
2021-03-09,0.4601412220460786
2021-03-10,0.40484684656581305
2021-03-11,1.0220724752327461
2021-03-12,0.8789777639692127
2021-03-13,0.9943855314521933
2021-03-14,1.027989355275521
2021-03-15,0.9230591335851572
2021-03-16,0.7100987819956275
2021-03-17,0.828212919285418
2021-03-18,0.879132335480523
2021-03-19,2.011489185216929
2021-03-20,1.0754379379007515
2021-03-21,0.842120185674985
2021-03-22,1.004653875634193
2021-03-23,1.382254950206281
2021-03-24,2.0795508515307226
2021-03-25,1.4978654521696537
2021-03-26,1.5312706738866733
2021-03-27,1.502752873818032
2021-03-28,0.757573161919056
2021-03-29,2.370040237638852
2021-03-30,2.809989396260261
2021-03-31,2.702795003625775
2021-04-01,2.4454562448964285
2021-04-02,0.855053080194904
2021-04-03,1.6131320672046663
2021-04-04,1.300648958668546
2021-04-05,1.804111716003531
2021-04-06,1.378026802198244
2021-04-07,1.5609434928798418
2021-04-08,1.6477682867683596
2021-04-09,1.214535802350846
2021-04-10,0.7541524675401136
2021-04-11,1.6095888344275855
2021-04-12,1.8194707062644282
2021-04-13,2.3423675978563794
2021-04-14,1.8760044123942727
2021-04-15,1.714323407173139
2021-04-16,2.7790701310082144
2021-04-17,2.7574094634865225
2021-04-18,2.947387056642754
2021-04-19,3.0545921641906095
2021-04-20,2.9775433042765407
2021-04-21,2.651760380878899
2021-04-22,2.273822408672667
2021-04-23,2.852439484559677
2021-04-24,2.7009655634729404
2021-04-25,1.9975874171825228
2021-04-26,3.0414245523185297
2021-04-27,3.390011875269379
2021-04-28,2.9204023674155257
2021-04-29,0.23016058775495796
2021-04-30,0.8672122145767167
2021-05-01,1.5936542988720197
2021-05-02,2.5379989563075025
2021-05-03,2.53807387787478
2021-05-04,1.2001929895886603
2021-05-05,2.607144406819472
2021-05-06,2.7518366944886985
2021-05-07,2.654448160239348
2021-05-08,1.0063439820426572
2021-05-09,2.855844979558463
2021-05-10,2.724027873365399
2021-05-11,1.6482369721111663
2021-05-12,3.9834830352822896
2021-05-13,3.3131254248705444
2021-05-14,1.9688703741560258
2021-05-15,1.522329600117929
2021-05-16,2.779865192989615
2021-05-17,1.813375048456309
2021-05-18,3.0637768776342993
2021-05-19,1.7269826559540602
2021-05-20,2.087094903204202
2021-05-21,2.429408500991556
2021-05-22,1.9249826001960626
2021-05-23,2.5064562158963697
2021-05-24,1.9340499680365055
2021-05-25,2.420585311826384
2021-05-26,2.3340825711696183
2021-05-27,1.5976741608220475
2021-05-28,4.133416928777399
2021-05-29,2.801774322673633
2021-05-30,4.411190373749614
2021-05-31,4.74488105453168
2021-06-01,5.242501605470671
2021-06-02,5.170571329656017
2021-06-03,4.872539688985488
2021-06-04,4.44042747121581
2021-06-05,0.9397075550046848
2021-06-06,5.0807410251665575
2021-06-07,5.097020857834668
2021-06-08,5.171322619017885
2021-06-09,5.131818256497056
2021-06-10,4.947710375794429
2021-06-11,3.736347551647224
2021-06-12,4.407504199942171
2021-06-13,5.0225923703226645
2021-06-14,5.207452282787619
2021-06-15,4.872684941877866
2021-06-16,5.496692481038517
2021-06-17,4.262029912151877
2021-06-18,3.1068416538400174
2021-06-19,1.629483216508652
2021-06-20,3.012408769831279
2021-06-21,0.9567213900146928
2021-06-22,3.215325757668802
2021-06-23,2.537851764985758
2021-06-24,3.7247039470617116
2021-06-25,1.6643706324527945
2021-06-26,4.188486336619084
2021-06-27,4.819641308408834
2021-06-28,2.7707106080256207
2021-06-29,0.9196958157946037
2021-06-30,0.757083552002873
2021-07-01,2.689649979758047
2021-07-02,3.9361569505893232
2021-07-03,2.704512949776356
2021-07-04,2.8983216953629354
2021-07-05,2.6726956369270263
2021-07-06,2.574248000313453
2021-07-07,4.2289433970142785
2021-07-08,4.943704421459684
2021-07-09,4.656291704830488
2021-07-10,2.6746424510143454
2021-07-11,2.70217472248417
2021-07-12,3.37517260871235
2021-07-13,1.5682523197872487
2021-07-14,2.2794778616408764
2021-07-15,2.1533242771906824
2021-07-16,3.58224792874049
2021-07-17,5.101980369061402
2021-07-18,4.923351862064549
2021-07-19,3.977456918751241
2021-07-20,4.6590601651316055
2021-07-21,4.429053759204136
2021-07-22,4.594184692752898
2021-07-23,2.105264892229755
2021-07-24,2.7899804140139026
2021-07-25,2.9770289229661206
2021-07-26,3.0945727472448623
2021-07-27,2.148067993357019
2021-07-28,2.308328364934521
2021-07-29,4.039439849621751
2021-07-30,2.054540383082726
2021-07-31,2.873815825219449
2021-08-01,2.279904069867427
2021-08-02,3.287333331549142
2021-08-03,2.356867710463097
2021-08-04,4.160759743582473
2021-08-05,3.6757100394539175
2021-08-06,2.827655725397882
2021-08-07,2.7417825042476687
2021-08-08,3.164835149292305
2021-08-09,2.0491283405175147
2021-08-10,3.2841807914437418
2021-08-11,3.6865306658917625
2021-08-12,3.895384453578509
2021-08-13,3.1673459996622966
2021-08-14,3.5721479457809386
2021-08-15,4.032973279395502
2021-08-16,2.432846946009288
2021-08-17,0.8883485349027105
2021-08-18,1.567962195686668
2021-08-19,0.8577540670341615
2021-08-20,2.447214012111861
2021-08-21,1.9452424052135342
2021-08-22,1.211388391159509
2021-08-23,3.328979761320013
2021-08-24,3.632341350963715
2021-08-25,2.0848680284923375
2021-08-26,1.9399625114666068
2021-08-27,2.4530681661923044
2021-08-28,2.6693960287320007
2021-08-29,0.6352475664767849
2021-08-30,2.099765566214969
2021-08-31,1.146471670769425
2021-09-01,1.4675237899356743
2021-09-02,1.600286046150171
2021-09-03,3.0978773645837663
2021-09-04,2.521194758796139
2021-09-05,3.226094239581731
2021-09-06,2.4799975365368816
2021-09-07,3.1156840707374784
2021-09-08,3.3595536322751824
2021-09-09,3.0515623655642803
2021-09-10,1.7335338074843902
2021-09-11,1.343976454848274
2021-09-12,2.1571240893730397
2021-09-13,1.8452395566625428
2021-09-14,2.3720810877774285
2021-09-15,0.8954882561799132
2021-09-16,2.1773420136270785
2021-09-17,1.9466462755026677
2021-09-18,2.276984739131591
2021-09-19,2.104445385710696
2021-09-20,2.4750580343325557
2021-09-21,1.8266402745393622
2021-09-22,2.207343018050622
2021-09-23,1.1981614216979486
2021-09-24,2.0981107293569594
2021-09-25,1.1639565211523606
2021-09-26,1.7668257710551445
2021-09-27,1.097194519891445
2021-09-28,1.8336675983701591
2021-09-29,0.49780321636523456
2021-09-30,1.1554262350880418
2021-10-01,0.6879334029615483
2021-10-02,0.968232399725547
2021-10-03,0.4734726818361967
2021-10-04,1.6545945120309922
2021-10-05,1.1806126380327404
2021-10-06,1.506905718823663
2021-10-07,1.408198361173155
2021-10-08,1.6001175257208518
2021-10-09,1.3705100118020506
2021-10-10,1.14247090829733
2021-10-11,1.3064052380458118
2021-10-12,1.1782742737407574
2021-10-13,0.986479231005854
2021-10-14,0.8271407987922824
2021-10-15,1.5302311315159465
2021-10-16,0.7628051428968784
2021-10-17,0.6980881388736068
2021-10-18,0.8560796677547262
2021-10-19,0.6450329244652309
2021-10-20,0.4989763063087854
2021-10-21,0.6365801772814332
2021-10-22,0.5946234629402403
2021-10-23,0.34351813482926324
2021-10-24,1.2870653968195562
2021-10-25,0.3193033337236404
2021-10-26,0.5720807337717979
2021-10-27,0.405881801824415
2021-10-28,1.2695185019127535
2021-10-29,1.0930410089261478
2021-10-30,0.22285736413722673
2021-10-31,0.3877462568905887
2021-11-01,1.0589250899578033
2021-11-02,0.34867425439027033
2021-11-03,0.631794719439939
2021-11-04,0.7382087729669005
2021-11-05,0.6835471278406626
2021-11-06,0.37130832061567876
2021-11-07,0.7243201589175341
2021-11-08,0.5087086335773677
2021-11-09,0.3279679311950167
2021-11-10,0.3442304748804674
2021-11-11,0.28337104697905907
2021-11-12,0.5145703748059746
2021-11-13,0.5256558212437895
2021-11-14,0.23744294942076344
2021-11-15,0.081613577507359
2021-11-16,0.06683615515753097
2021-11-17,0.6141006514733354
2021-11-18,0.4964162790800137
2021-11-19,0.6467975680156093
2021-11-20,0.07735480108263172
2021-11-21,0.5702077039245642
2021-11-22,0.5793720118218174
2021-11-23,0.44122066673943855
2021-11-24,0.26695372601755074
2021-11-25,0.3612707531803347
2021-11-26,0.1879028445699862
2021-11-27,0.13709045585999208
2021-11-28,0.19043083949975734
2021-11-29,0.42546160634366526
2021-11-30,0.1568004769677181
2021-12-01,0.1918081733160567
2021-12-02,0.23890414409969557
2021-12-03,0.11912786688382743
2021-12-04,0.07024433556820693
2021-12-05,0.14062916070006282
2021-12-06,0.12191826021592674
2021-12-07,0.34616900544606033
2021-12-08,0.41236998757791443
2021-12-09,0.23948385610666337
2021-12-10,0.13202844956100604
2021-12-11,0.3168555634642008
2021-12-12,0.12282741278095975
2021-12-13,0.22845603766795777
2021-12-14,0.09128234947417133
2021-12-15,0.22397939977704426
2021-12-16,0.4251552307002961
2021-12-17,0.09701587541653986
2021-12-18,0.17820255317842149
2021-12-19,0.09071783585006318
2021-12-20,0.1670246381051601
2021-12-21,0.4121119015267038
2021-12-22,0.2923320756009774
2021-12-23,0.09562216487523664
2021-12-24,0.1042578113500726
2021-12-25,0.3924743833048859
2021-12-26,0.3203031338111799
2021-12-27,0.13193261548390714
2021-12-28,0.12405558022060996
2021-12-29,0.10434498267941715
2021-12-30,0.18642450952073494
2021-12-31,0.1405442934457925
2022-01-01,0.29427339932611885
2022-01-02,0.3346607673555178
2022-01-03,0.422541655195126
2022-01-04,0.172096249696814
2022-01-05,0.24187335561599696
2022-01-06,0.4097300628495592
2022-01-07,0.3634774557183634
2022-01-08,0.13632157962994687
2022-01-09,0.30941335072524406
2022-01-10,0.4347031336443771
2022-01-11,0.31474639314989833
2022-01-12,0.5172521569834064
2022-01-13,0.27587948424680103
2022-01-14,0.1853970021175936
2022-01-15,0.1027938272408794
2022-01-16,0.19092031533907725
2022-01-17,0.3301330452738211
2022-01-18,0.22870379655322015
2022-01-19,0.16784264581630828
2022-01-20,0.41662355045732996
2022-01-21,0.2292414703753832
2022-01-22,0.15825450618083697
2022-01-23,0.20888018092972083
2022-01-24,0.15032227565598896
2022-01-25,0.09681744193617711
2022-01-26,0.1370539637841747
2022-01-27,0.3360380310151761
2022-01-28,0.671584248918678
2022-01-29,0.5804875347526107
2022-01-30,0.5635747584174384
2022-01-31,0.15228232502272585
2022-02-01,0.24869299857914728
2022-02-02,0.8656012956966156
2022-02-03,0.1964812088221992
2022-02-04,0.2375252888893903
2022-02-05,0.6476465925215765
2022-02-06,0.2789234953001942
2022-02-07,0.7809171231577534
2022-02-08,0.8760495411325084
2022-02-09,0.3449317897051038
2022-02-10,0.5837661150800745
2022-02-11,0.7720432934999113
2022-02-12,0.9335113845944978
2022-02-13,0.6828354373767708
2022-02-14,0.8029559694774547
2022-02-15,0.5537849979503856
2022-02-16,0.33654020987822714
2022-02-17,1.1633582685908657
2022-02-18,0.29540881046694284
2022-02-19,0.7486580080006975
2022-02-20,0.1708696559972742
2022-02-21,0.45866380961177383
2022-02-22,0.36475794230669945
2022-02-23,1.4782337749261887
2022-02-24,0.3287256339743041
2022-02-25,0.9280864372709117
2022-02-26,1.3724098404399374
2022-02-27,1.5208337449157097
2022-02-28,1.523265726647355
2022-03-01,0.34073049148690837
2022-03-02,1.485362279173081
2022-03-03,1.5989894807538378
2022-03-04,1.5981906562131134
2022-03-05,1.5030435170345362
2022-03-06,1.3901072218737527
2022-03-07,1.595785678356608
2022-03-08,1.7561083892051732
2022-03-09,1.8040086039381984
2022-03-10,1.915370568937973
2022-03-11,1.9304367701407161
2022-03-12,1.4902651108939486
2022-03-13,1.5284416405338324
2022-03-14,1.5721124082300235
2022-03-15,1.383268409757637
2022-03-16,1.5678557984393098
2022-03-17,1.9303349294448557
2022-03-18,2.173063478246415
2022-03-19,2.2691837742527388
2022-03-20,1.080485598012783
2022-03-21,2.1596590529877786
2022-03-22,2.2197549110227057
2022-03-23,2.3880586511462187
2022-03-24,2.229333739200609
2022-03-25,2.308608865823194
2022-03-26,2.438527951384735
2022-03-27,2.554308000659157
2022-03-28,1.783444818539962
2022-03-29,2.308977834913649
2022-03-30,1.4538270145047092
2022-03-31,0.5133587534176755
2022-04-01,1.8658274921280553
2022-04-02,2.2073655120929807
2022-04-03,1.8565510987938516
2022-04-04,0.3959310110784694
2022-04-05,0.8453416056101349
2022-04-06,1.1642471150386309
2022-04-07,1.4663595858582594
2022-04-08,1.8029320931137165
2022-04-09,1.7886132332791327
2022-04-10,2.639948861139255
2022-04-11,2.768674386921399
2022-04-12,2.465986804542534
2022-04-13,1.9256925246088936
2022-04-14,3.1652230638588024
2022-04-15,1.142233139679196
2022-04-16,3.1715468443879002
2022-04-17,3.6514552691251394
2022-04-18,3.481978442288108
2022-04-19,3.4902481582228817
2022-04-20,3.735479442344515
2022-04-21,3.7286987890578005
2022-04-22,3.759862986434237
2022-04-23,3.7726028864306262
2022-04-24,3.821578240651688
2022-04-25,0.8857809789558356
2022-04-26,2.6928835133476707
2022-04-27,1.9374972641196389
2022-04-28,2.2745206168575782
2022-04-29,1.7781624022774376
2022-04-30,1.238239136254844
2022-05-01,3.0272333440751558
2022-05-02,3.905911726434521
2022-05-03,1.2474832454845994
2022-05-04,3.3693591534369673
2022-05-05,2.5125441388007315
2022-05-06,3.8299324364143756
2022-05-07,2.9075671401350336
2022-05-08,3.941844301426907
2022-05-09,4.151407101699876
2022-05-10,2.299743403439727
2022-05-11,2.709445839543291
2022-05-12,4.476160720830926
2022-05-13,3.7266932988736015
2022-05-14,4.232242363733249
2022-05-15,4.614493019881893
2022-05-16,2.5014029164032188
2022-05-17,3.5678428164802094
2022-05-18,3.7581922232837033
2022-05-19,1.9002112882658482
2022-05-20,1.6323937408532692
2022-05-21,3.5146199115037535
2022-05-22,4.579278392834657
2022-05-23,1.7164765622535756
2022-05-24,2.9722016882219715
2022-05-25,3.204409848190583
2022-05-26,3.483799055455177
2022-05-27,3.6706836864595163
2022-05-28,3.51308960251232
2022-05-29,2.094934118170023
2022-05-30,2.139943744143644
2022-05-31,3.0222593633287627
2022-06-01,2.9881864714775115
2022-06-02,4.152608185507159
2022-06-03,4.965116151820138
2022-06-04,3.203188034746673
2022-06-05,1.343191025927888
2022-06-06,1.7254199735532105
2022-06-07,2.0623116780676183
2022-06-08,1.6255947956443992
2022-06-09,4.932832880488865
2022-06-10,3.6270062524783855
2022-06-11,5.192850818241591
2022-06-12,4.990439763611128
2022-06-13,4.109343283059333
2022-06-14,3.4326897363150124
2022-06-15,5.085730989348847
2022-06-16,4.720791844076614
2022-06-17,4.953986836293858
2022-06-18,4.138032768874949
2022-06-19,2.454314186121421
2022-06-20,4.374444528150058
2022-06-21,4.38927767881459
2022-06-22,5.201411403171101
2022-06-23,5.504062527505593
2022-06-24,3.0170476934791264
2022-06-25,2.7804075941795134
2022-06-26,3.1888121924223283
2022-06-27,1.3146567284840416
2022-06-28,4.8259342239078995
2022-06-29,4.959425751036446
2022-06-30,3.8263958048137465
2022-07-01,4.288612452553609
2022-07-02,3.6152240482395546
2022-07-03,3.9835068670382263
2022-07-04,4.906927281595911
2022-07-05,3.5982266824937827
2022-07-06,3.3308034167405753
2022-07-07,2.444649017485996
2022-07-08,4.5859295586973445
2022-07-09,3.1588558389896915
2022-07-10,2.804833905850878
2022-07-11,3.2509886485584976
2022-07-12,3.83017575025474
2022-07-13,4.821463479035832
2022-07-14,3.872559047586757
2022-07-15,3.7278656121409712
2022-07-16,4.188590655160517
2022-07-17,4.657716071772881
2022-07-18,5.077155490416538
2022-07-19,5.320547301180503
2022-07-20,4.1384623417371476
2022-07-21,0.9233736962711865
2022-07-22,2.2465461995368203
2022-07-23,4.056580145611958
2022-07-24,4.750169366701943
2022-07-25,2.9177998099944125
2022-07-26,2.605534136297829
2022-07-27,2.8470508063841393
2022-07-28,3.2432343289943764
2022-07-29,4.286895534878396
2022-07-30,3.4885574205584264
2022-07-31,1.0206683486386472
2022-08-01,3.7525550972599366
2022-08-02,3.936396716237269
2022-08-03,4.436145820569672
2022-08-04,3.817555199026204
2022-08-05,3.051186725136955
2022-08-06,3.723952974139293
2022-08-07,4.020212945415022
2022-08-08,2.223366482668747
2022-08-09,4.333349074314996
2022-08-10,4.512697716866935
2022-08-11,4.619815586395096
2022-08-12,4.587264750773253
2022-08-13,4.614702742574167
2022-08-14,4.307050198068199
2022-08-15,2.8842521200349167
2022-08-16,3.006264805966288
2022-08-17,0.8300723393815176
2022-08-18,2.543868803859781
2022-08-19,3.0254142439840295
2022-08-20,3.8004133111841045
2022-08-21,3.3415674517889355
2022-08-22,3.9575929874455027
2022-08-23,3.0634551378379524
2022-08-24,2.8565207678140068
2022-08-25,3.8001699419679773
2022-08-26,1.5043528460618896
2022-08-27,2.318747741635202
2022-08-28,2.9375378037651414
2022-08-29,2.0258233032010318
2022-08-30,3.539591000430998
2022-08-31,3.7021759135100987
2022-09-01,3.629092904532664
2022-09-02,3.3584980013040098
2022-09-03,3.5324118732004512
2022-09-04,2.7754945994456097
2022-09-05,2.86497205952863
2022-09-06,2.874777010436291
2022-09-07,2.4759128464694427
2022-09-08,1.9855095108910465
2022-09-09,1.3736412003192005
2022-09-10,2.4603121087415647
2022-09-11,2.2012856849035116
2022-09-12,2.7101927717267658
2022-09-13,2.6367267675899377
2022-09-14,1.5038469081136487
2022-09-15,1.9504549265951534
2022-09-16,2.0541632753956915
2022-09-17,1.9881015953586558
2022-09-18,0.5423258458785017
2022-09-19,1.4275492487268222
2022-09-20,1.367306096929044
2022-09-21,2.0875182326405666
2022-09-22,2.123082430740271
2022-09-23,0.4729687873659334
2022-09-24,1.7469505029118553
2022-09-25,1.8178091580845908
2022-09-26,0.7749713081729726
2022-09-27,0.614886796071284
2022-09-28,1.7720879620938446
2022-09-29,1.746589548193223
2022-09-30,1.787469755114446
2022-10-01,1.600366375602172
2022-10-02,1.717439307625582
2022-10-03,1.4576630704244236
2022-10-04,1.7333750058946051
2022-10-05,0.8339472113969351
2022-10-06,2.048045109964153
2022-10-07,1.2068765275782987
2022-10-08,1.7090674561918333
2022-10-09,1.7898975608733645
2022-10-10,0.8133055072057155
2022-10-11,1.663580852798402
2022-10-12,1.378763281147294
2022-10-13,0.5498216315022212
2022-10-14,0.44234657829895846
2022-10-15,0.6812137717381928
2022-10-16,1.5628447289115415
2022-10-17,0.43981516314716523
2022-10-18,1.5729968896916846
2022-10-19,1.2226116866444185
2022-10-20,0.36949868631404836
2022-10-21,0.9229246998783914
2022-10-22,0.8528801555894047
2022-10-23,0.5797849039543636
2022-10-24,0.6009304597168851
2022-10-25,1.029505904664034
2022-10-26,1.1466138745714218
2022-10-27,0.9030512209563563
2022-10-28,0.8271157994625068
2022-10-29,0.7342876302293994
2022-10-30,0.9791357649191846
2022-10-31,0.8951328098608475
2022-11-01,0.9673939127777866
2022-11-02,1.0496662921933475
2022-11-03,0.5177048826490515
2022-11-04,0.6180031011357284
2022-11-05,0.5015885634799284
2022-11-06,0.17166906937805165
2022-11-07,0.4355607207670193
2022-11-08,0.6141719515851495
2022-11-09,0.4970631784138024
2022-11-10,0.40001068134571705
2022-11-11,0.38076006277992963
2022-11-12,0.6181965017710764
2022-11-13,0.9459796862635139
2022-11-14,0.7389808670609497
2022-11-15,0.7129338656630864
2022-11-16,0.7878723369031387
2022-11-17,0.1830577224903508
2022-11-18,0.3182799236851059
2022-11-19,0.6403476168079065
2022-11-20,0.2160076900885389
2022-11-21,0.21156599397354578
2022-11-22,0.19608337086274294
2022-11-23,0.48924641051990164
2022-11-24,0.6174935961302496
2022-11-25,0.5437624391206908
2022-11-26,0.4671748236064644
2022-11-27,0.09930435806675074
2022-11-28,0.26774497015481996
2022-11-29,0.4441111964003093
2022-11-30,0.30515168412754123
2022-12-01,0.507607273274721
2022-12-02,0.20346563133976026
2022-12-03,0.1569611767998
2022-12-04,0.050056747723300904
2022-12-05,0.14524010640001925
2022-12-06,0.3375147803099088
2022-12-07,0.3585763153107294
2022-12-08,0.23575169946322036
2022-12-09,0.2587403107429107
2022-12-10,0.12158003096582387
2022-12-11,0.22872094404236756
2022-12-12,0.36860226808216245
2022-12-13,0.36008650868455927
2022-12-14,0.4767062398433184
2022-12-15,0.41947097066932565
2022-12-16,0.4067255715135312
2022-12-17,0.3439707401573493
2022-12-18,0.13675367973748564
2022-12-19,0.11339881374908968
2022-12-20,0.09459796862635139
2022-12-21,0.2810771309158637
2022-12-22,0.4055210355682593
2022-12-23,0.065760167929988
2022-12-24,0.28036122529300517
2022-12-25,0.08317290078023419
2022-12-26,0.331729399750231
2022-12-27,0.2885886663714138
2022-12-28,0.11673113665190969
2022-12-29,0.3343410333733709
2022-12-30,0.14859144940529273
2022-12-31,0.1186130048402183
2023-01-01,0.29828781960249273
2023-01-02,0.2000205107870468
2023-01-03,0.16009167502389127
2023-01-04,0.2216415190999449
2023-01-05,0.3063404944935922
2023-01-06,0.38499689618592825
2023-01-07,0.3380162634303246
2023-01-08,0.5031489763798009
2023-01-09,0.3328037946020836
2023-01-10,0.15572494120215483
2023-01-11,0.4821694248973785
2023-01-12,0.16172897311194373
2023-01-13,0.23739539073159027
2023-01-14,0.07922511506532778
2023-01-15,0.2732520605873077
2023-01-16,0.07319519149013
2023-01-17,0.5021560143538242
2023-01-18,0.30786639017140416
2023-01-19,0.6125797615195123
2023-01-20,0.1929365163630781
2023-01-21,0.40051602080340093
2023-01-22,0.20437714076591035
2023-01-23,0.20464857105685189
2023-01-24,0.12719379827982585
2023-01-25,0.1425620541866973
2023-01-26,0.5006505371406749
2023-01-27,0.2374953682443327
2023-01-28,0.6203960639851956
2023-01-29,0.1829476241388186
2023-01-30,0.5735772072855746
2023-01-31,0.5696940405013791
2023-02-01,0.24987295959498101
2023-02-02,0.24671787825784455
2023-02-03,0.23957348691692876
2023-02-04,0.5521442240878295
2023-02-05,0.7071617813899107
2023-02-06,0.6944175292667164
2023-02-07,0.8749955448847765
2023-02-08,0.9080756037015698
2023-02-09,0.32312140132264033
2023-02-10,0.8378233478680682
2023-02-11,0.7478921763928058
2023-02-12,0.26373376357573175
2023-02-13,0.6223790663246361
2023-02-14,1.038225552506262
2023-02-15,0.9065559044041114
2023-02-16,0.5158646545391296
2023-02-17,0.6205564199585596
2023-02-18,0.7029416543629469
2023-02-19,0.35474735810024705
2023-02-20,0.5991268276542294
2023-02-21,0.27552907348830985
2023-02-22,0.4535793652238075
2023-02-23,0.3107358204506146
2023-02-24,0.6889265223930116
2023-02-25,1.2072442592453851
2023-02-26,1.2562819795513107
2023-02-27,1.2018816606365093
2023-02-28,0.9121860100159157
2023-03-01,1.3790179255145385
2023-03-02,0.9562216487523664
2023-03-03,0.9088105308663124
2023-03-04,0.6973346767316542
2023-03-05,1.083288834053924
2023-03-06,0.929578931924651
2023-03-07,0.5552436582705573
2023-03-08,0.7819446343976575
2023-03-09,0.5917052810218877
2023-03-10,0.22815411191871784
2023-03-11,1.4288926168287714
2023-03-12,0.875004585078898
2023-03-13,1.8765706826136792
2023-03-14,1.3820248448934984
2023-03-15,1.8655809211104157
2023-03-16,1.0092454525581973
2023-03-17,1.3427387194317233
2023-03-18,1.5824457098937383
2023-03-19,0.533015568525238
2023-03-20,0.44870885079110984
2023-03-21,0.8921504396423288
2023-03-22,0.43586455225405946
2023-03-23,2.3259308343886103
2023-03-24,2.2894045935801963
2023-03-25,1.5594331797798533
2023-03-26,1.5467130427237175
2023-03-27,1.7703481883201324
2023-03-28,1.149957653318617
2023-03-29,0.8809989016915617
2023-03-30,2.2654603775053253
2023-03-31,0.8613159582085339
2023-04-01,0.7137846723624696
2023-04-02,2.565480109508304
2023-04-03,2.630214786559264
2023-04-04,2.3304591973779423
2023-04-05,2.539420793953611
2023-04-06,0.8107291134684982
2023-04-07,0.5987265454277889
2023-04-08,2.4770015125067686
2023-04-09,1.9557709565291705
2023-04-10,1.0000488796096336
2023-04-11,2.463389105457299
2023-04-12,2.1569394364827463
2023-04-13,1.8848798652356316
2023-04-14,3.085900400795978
2023-04-15,2.288578222647798
2023-04-16,0.6157231336116312
2023-04-17,2.5366871476850252
2023-04-18,2.766000081685604
2023-04-19,3.484438865119424
2023-04-20,1.853096545982123
2023-04-21,1.1074259711909848
2023-04-22,1.3731038476370399
2023-04-23,2.0721963943248274
2023-04-24,1.4144223816032113
2023-04-25,2.6200369253910014
2023-04-26,2.1330914474058003
2023-04-27,2.870283971252201
2023-04-28,1.0180286726904673
2023-04-29,3.7069881303950227
2023-04-30,3.541052471481872
2023-05-01,1.7747620784645561
2023-05-02,2.226031029351844
2023-05-03,3.3673259142522842
2023-05-04,3.6410799859225116
2023-05-05,2.0813576739254267
2023-05-06,2.857642546255725
2023-05-07,2.475979457336581
2023-05-08,2.1598710168513513
2023-05-09,0.7533748635680992
2023-05-10,1.4529631377660284
2023-05-11,2.430072100290284
2023-05-12,3.3188838016857773
2023-05-13,4.395240710812326
2023-05-14,3.352939892012983
2023-05-15,1.0104786281467364
2023-05-16,3.056331734698897
2023-05-17,3.89724155612057
2023-05-18,2.9463158696794816
2023-05-19,4.216165106417442
2023-05-20,3.629967997278344
2023-05-21,3.4132841741109097
2023-05-22,4.098808064250038
2023-05-23,3.2764261105938646
2023-05-24,2.7126131124978596
2023-05-25,3.51197491421004
2023-05-26,4.409478894614409
2023-05-27,4.2222785247877
2023-05-28,4.353580261896487
2023-05-29,3.944763587770869
2023-05-30,1.378467217655908
2023-05-31,4.644305146073614
2023-06-01,1.4625873175073134
2023-06-02,3.036844285723152
2023-06-03,4.944863433533218
2023-06-04,4.668410536105137
2023-06-05,4.247523837342484
2023-06-06,4.686247032703261
2023-06-07,4.498916544631145
2023-06-08,4.705369881386705
2023-06-09,5.213664042303811
2023-06-10,5.585198982116902
2023-06-11,5.494065859210723
2023-06-12,5.570521204304343
2023-06-13,5.561959211038366
2023-06-14,5.476285423036767
2023-06-15,5.341584388571811
2023-06-16,5.306795276662102
2023-06-17,4.953687846716632
2023-06-18,2.665834318673746
2023-06-19,3.7154044856227633
2023-06-20,3.7924940659539836
2023-06-21,5.225673192396127
2023-06-22,2.9459329682973365
2023-06-23,5.104330590301947
2023-06-24,5.417824812124886
2023-06-25,5.692529604056776
2023-06-26,4.749722120562373
2023-06-27,3.6478715515141533
2023-06-28,2.3042122640359226
2023-06-29,1.6908857899754555
2023-06-30,4.110792883151355
2023-07-01,1.2623910650838825
2023-07-02,3.7517870043399815
2023-07-03,3.055642706127637
2023-07-04,3.323876784909224
2023-07-05,1.7534084909565284
2023-07-06,4.763941751584366
2023-07-07,5.413707055843834
2023-07-08,5.216659336078033
2023-07-09,3.1986540314466305
2023-07-10,5.096739266615032
2023-07-11,4.603412568372424
2023-07-12,4.544762485473768
2023-07-13,4.154962878212944
2023-07-14,2.7698765831293133
2023-07-15,3.540092310470255
2023-07-16,3.3264278218054617
2023-07-17,4.305526608348288
2023-07-18,3.90646573402735
2023-07-19,1.8966912999492993
2023-07-20,3.0364389257723343
2023-07-21,3.046443666878668
2023-07-22,1.6091148669890698
2023-07-23,2.4646691762496062
2023-07-24,2.265829555294201
2023-07-25,3.1452105803756147
2023-07-26,3.712305221315801
2023-07-27,1.3043901846836923
2023-07-28,2.2425164253431
2023-07-29,3.3536829445074865
2023-07-30,2.8539193365213222
2023-07-31,1.3350960937504475
2023-08-01,2.6861249761444133
2023-08-02,2.2242698343906073
2023-08-03,1.9419400498001183
2023-08-04,2.648387600940041
2023-08-05,1.8104381335988349
2023-08-06,1.3321929987795134
2023-08-07,3.8243687369438457
2023-08-08,3.066878026103376
2023-08-09,3.518324362780777
2023-08-10,2.7906674469129187
2023-08-11,3.52590016324049
2023-08-12,3.1605820926771404
2023-08-13,2.4747377619920763
2023-08-14,3.4897298649753727
2023-08-15,3.893412616762277
2023-08-16,3.6795211240973242
2023-08-17,2.8279024912551973
2023-08-18,3.0211588995621357
2023-08-19,2.2748316389481205
2023-08-20,4.142221462491344
2023-08-21,3.8690048748861035
2023-08-22,3.504614804774565
2023-08-23,3.606967726541545
2023-08-24,1.0928013899100404
2023-08-25,1.5314258024981646
2023-08-26,1.6857988764172593
2023-08-27,2.157544658563996
2023-08-28,2.9361268580065887
2023-08-29,1.8049249671761614
2023-08-30,1.9651445452891754
2023-08-31,3.0261240472656503
2023-09-01,1.9724946300150092
2023-09-02,2.597203734329718
2023-09-03,2.8641549918391895
2023-09-04,3.10000534399862
2023-09-05,3.660774661889014
2023-09-06,3.583914310338804
2023-09-07,3.615670754964532
2023-09-08,3.3612198830757105
2023-09-09,3.1421341701141245
2023-09-10,3.118108704659299
2023-09-11,2.201292742577929
2023-09-12,1.7240466278037754
2023-09-13,2.2577365763293464
2023-09-14,2.3609158335178444
2023-09-15,2.844501299657429
2023-09-16,2.6529444405404266
2023-09-17,0.8556435217388864
2023-09-18,1.499746491230594
2023-09-19,1.0525782349268185
2023-09-20,1.1249808081152954
2023-09-21,0.6767311086511419
2023-09-22,1.3966005394157965
2023-09-23,1.748233447375504
2023-09-24,2.357806100179916
2023-09-25,1.5874189222049762
2023-09-26,1.7429055188723295
2023-09-27,1.7702043971318884
2023-09-28,0.9406160295926226
2023-09-29,1.305974146116284
2023-09-30,1.8675516731823252
2023-10-01,1.8975710272736845
2023-10-02,1.5032961870678263
2023-10-03,0.9033551736089322
2023-10-04,1.5073809933543054
2023-10-05,1.378163990190857
2023-10-06,1.265084016192371
2023-10-07,1.273852027809971
2023-10-08,1.3236933961982897
2023-10-09,0.622724591941204
2023-10-10,1.4719178966137998
2023-10-11,0.9862167737825975
2023-10-12,0.3615822712860024
2023-10-13,0.4695041131882219
2023-10-14,1.5809314077790073
2023-10-15,1.1015033471133788
2023-10-16,1.0248113267854735
2023-10-17,1.4984741683910245
2023-10-18,1.046124703497646
2023-10-19,0.5039280296861121
2023-10-20,0.1600481338073004
2023-10-21,0.7575417242461944
2023-10-22,1.096062854727125
2023-10-23,0.5548909000928065
2023-10-24,0.3363347353681168
2023-10-25,0.29571115786757657
2023-10-26,0.6314774045326991
2023-10-27,0.3204904421300903
2023-10-28,0.44671912384560075
2023-10-29,0.8389314062204508
2023-10-30,0.8241659948863519
2023-10-31,0.75978413242996
2023-11-01,0.4606688293115683
2023-11-02,0.31536957364457546
2023-11-03,0.38524997709744413
2023-11-04,0.3084007807840577
2023-11-05,0.3684965368546109
2023-11-06,0.3359348561245445
2023-11-07,0.535993011451747
2023-11-08,0.42827133208407636
2023-11-09,0.5460244299114706
2023-11-10,0.1358005215190114
2023-11-11,0.6310958143455747
2023-11-12,0.4650539877303218
2023-11-13,0.23086530019806947
2023-11-14,0.4487886229522083
2023-11-15,0.47800956387164384
2023-11-16,0.3448358291530158
2023-11-17,0.4772795092101758
2023-11-18,0.08410836758790155
2023-11-19,0.4292936600365586
2023-11-20,0.5462193190487683
2023-11-21,0.36026417450151166
2023-11-22,0.3103991800279883
2023-11-23,0.5019402216039346
2023-11-24,0.4322223805592999
2023-11-25,0.4216615718225402
2023-11-26,0.2132873461798283
2023-11-27,0.07741300163491231
2023-11-28,0.47928183893004284
2023-11-29,0.28991018887203546
2023-11-30,0.5313789176178056
2023-12-01,0.49130553804509963
2023-12-02,0.32546487109327354
2023-12-03,0.3081679576783985
2023-12-04,0.16330117718915754
2023-12-05,0.12715876534591286
2023-12-06,0.26708695474975486
2023-12-07,0.11340403729648293
2023-12-08,0.10694000100240957
2023-12-09,0.08706368926791871
2023-12-10,0.20031639499525242
2023-12-11,0.2669887554551464
2023-12-12,0.13229861604060464
2023-12-13,0.2513455191333025
2023-12-14,0.28973065057745095
2023-12-15,0.2376753451959833
2023-12-16,0.1031977839560197
2023-12-17,0.3818981631204452
2023-12-18,0.19652386044953563
2023-12-19,0.07982569736538375
2023-12-20,0.2523062220298737
2023-12-21,0.1695243633091753
2023-12-22,0.17790903032213953
2023-12-23,0.17719987537065954
2023-12-24,0.08238532512648168
2023-12-25,0.31780425703949183
2023-12-26,0.22476359330015655
2023-12-27,0.0640144138919637
2023-12-28,0.26282791062189476
2023-12-29,0.22542442816270264
2023-12-30,0.204085645531159
2023-12-31,0.16493609137775256
2024-01-01,0.2624329432520284
2024-01-02,0.1248081777396379
2024-01-03,0.18776263469775806
2024-01-04,0.17874266459596977
2024-01-05,0.15692463638099802
2024-01-06,0.1477045352739547
2024-01-07,0.3537011951878049
2024-01-08,0.19021508817665336
2024-01-09,0.4326581007088563
2024-01-10,0.42603928447688455
2024-01-11,0.13509194042269315
2024-01-12,0.21798330608978797
2024-01-13,0.1651176159850094
2024-01-14,0.15819618872437743
2024-01-15,0.3714526776908301
2024-01-16,0.34518965294663256
2024-01-17,0.1618411071901841
2024-01-18,0.5267768852427159
2024-01-19,0.5640352376444677
2024-01-20,0.33421374608616033
2024-01-21,0.13464241200534938
2024-01-22,0.6326539381504733
2024-01-23,0.4598916258887076
2024-01-24,0.5491107865501731
2024-01-25,0.36719615880657613
2024-01-26,0.5820952524992392
2024-01-27,0.6267955938826772
2024-01-28,0.7037141002518879
2024-01-29,0.5622686631315755
2024-01-30,0.248613502620984
2024-01-31,0.20878955857471773
2024-02-01,0.7884176559861796
2024-02-02,0.3261433439242669
2024-02-03,0.6077516386679647
2024-02-04,0.30201093260259515
2024-02-05,0.3984581102746316
2024-02-06,0.4508488563254053
2024-02-07,0.597627192184549
2024-02-08,0.1470969907965404
2024-02-09,0.32863192446966305
2024-02-10,0.5623533234903576
2024-02-11,0.42551011762801744
2024-02-12,0.7726543537064394
2024-02-13,0.7470134980819858
2024-02-14,0.2252054110201996
2024-02-15,0.45533080040217777
2024-02-16,0.2981628175236924
2024-02-17,0.42110443868085684
2024-02-18,0.1638426826266815
2024-02-19,0.3145155496199368
2024-02-20,0.5775441241035907
2024-02-21,0.35019340995572906
2024-02-22,0.5317751780809218
2024-02-23,0.729632342667721
2024-02-24,0.5556255762505804
2024-02-25,0.5631153821010446
2024-02-26,0.5591028665933686
2024-02-27,1.0054923480878184
2024-02-28,0.8059448711339591
2024-02-29,0.26634316402835495
2024-03-01,1.0323266013196075
2024-03-02,1.5949558586876904
2024-03-03,1.0618462626197558
2024-03-04,1.1701810842460358
2024-03-05,0.44797573394361506
2024-03-06,1.4795845222500275
2024-03-07,1.5075936016259217
2024-03-08,1.689083841768
2024-03-09,1.6711848052221159
2024-03-10,0.9854752271457444
2024-03-11,0.274275137524731
2024-03-12,0.8195584175698196
2024-03-13,0.68058081460344
2024-03-14,2.0510223529562484
2024-03-15,1.4429041066728612
2024-03-16,0.9831957757976427
2024-03-17,0.9378234222922692
2024-03-18,2.0638990972359053
2024-03-19,1.5621172818756393
2024-03-20,1.1781270452606012
2024-03-21,0.6389720038799465
2024-03-22,0.5475794919365408
2024-03-23,1.3651957002775554
2024-03-24,0.9665898886231931
2024-03-25,1.8768764423155533
2024-03-26,1.7214719651254837
2024-03-27,1.245880140322767
2024-03-28,1.3186383505491408
2024-03-29,2.1181953547018963
2024-03-30,0.37042942510792554
2024-03-31,1.494446774173214
2024-04-01,1.1330602744254283
2024-04-02,1.1942167874144642
2024-04-03,0.9588453949464946
2024-04-04,1.706336078550261
2024-04-05,1.7697060322160572
2024-04-06,2.568222543985403
2024-04-07,3.1941759760223554
2024-04-08,2.157907297021157
2024-04-09,1.0135490116511
2024-04-10,3.098964270187574
2024-04-11,1.043044645786697
2024-04-12,2.899143950938889
2024-04-13,2.757175559663072
2024-04-14,2.9831086457027567
2024-04-15,0.8127749124147553
2024-04-16,1.6113692331173526
2024-04-17,1.694628950252898
2024-04-18,2.0006790711446536
2024-04-19,1.7515021496612484
2024-04-20,2.1064434675645187
2024-04-21,2.730834094115057
2024-04-22,2.216974766027344
2024-04-23,2.2317359733002857
2024-04-24,1.6866462872901609
2024-04-25,1.2925565640592793
2024-04-26,2.708092176830551
2024-04-27,1.5655316695378778
2024-04-28,1.671087093498324
2024-04-29,3.5586651238888662
2024-04-30,2.832906752862573
2024-05-01,4.023860980851007
2024-05-02,4.301527653006717
2024-05-03,0.6728134885329337
2024-05-04,2.7908081127093083
2024-05-05,3.4245749827900953
2024-05-06,3.411310019204679
2024-05-07,3.969825399239855
2024-05-08,1.5154300761331416
2024-05-09,3.1045073279692645
2024-05-10,3.602685469374998
2024-05-11,4.429616934847937
2024-05-12,4.636052242712468
2024-05-13,4.006031342232914
2024-05-14,4.538121365976044
2024-05-15,3.1122104596396936
2024-05-16,2.9290281345769453
2024-05-17,1.9385188627668797
2024-05-18,4.655331641871204
2024-05-19,4.677503605485006
2024-05-20,2.143061852717323
2024-05-21,3.7035673504033646
2024-05-22,1.5741086428364894
2024-05-23,3.5152144242514036
2024-05-24,2.7658128281208834
2024-05-25,3.2296035521229376
2024-05-26,2.5472379541660417
2024-05-27,3.908086118135143
2024-05-28,2.8146744399488424
2024-05-29,2.7146772699797803
2024-05-30,2.8142368371717428
2024-05-31,3.074790433346614
2024-06-01,0.9819394231388215
2024-06-02,2.6719269525699114
2024-06-03,2.3450948549855095
2024-06-04,1.9399625114666068
2024-06-05,4.284826662896121
2024-06-06,2.86692080700271
2024-06-07,4.104932335051724
2024-06-08,2.480170658880212
2024-06-09,2.6681470288209264
2024-06-10,0.8199949462292548
2024-06-11,3.381284145530336
2024-06-12,2.6115402981524367
2024-06-13,3.527942385418557
2024-06-14,1.590519574699779
2024-06-15,2.501198706932964
2024-06-16,3.0980967273087257
2024-06-17,4.8604408567742965
2024-06-18,2.2437189612542703
2024-06-19,3.7164863787187015
2024-06-20,3.214037480824864
2024-06-21,1.5756265242837824
2024-06-22,4.482893728341472
2024-06-23,5.085538848445328
2024-06-24,5.349157157001496
2024-06-25,5.536775339732429
2024-06-26,5.645320998323624
2024-06-27,5.003059823560376
2024-06-28,4.5651858388386914
2024-06-29,4.998137495376367
2024-06-30,3.308813493437927
2024-07-01,2.9490794532060964
2024-07-02,2.3162117032044116
2024-07-03,2.1389326699318385
2024-07-04,4.0788801415040306
2024-07-05,1.6713583782053507
2024-07-06,2.840659647991499
2024-07-07,3.07049473912478
2024-07-08,4.025770002414909
2024-07-09,3.1018100977475096
2024-07-10,3.9028368892765006
2024-07-11,4.030736437460748
2024-07-12,0.8144577475907795
2024-07-13,2.685926431618894
2024-07-14,4.0936717132923315
2024-07-15,4.2327620938083035
2024-07-16,2.2101471402304815
2024-07-17,3.269279617931915
2024-07-18,4.483265842424238
2024-07-19,3.619132764799774
2024-07-20,4.879853744313641
2024-07-21,2.2787677882770674
2024-07-22,3.6309098262608424
2024-07-23,3.3309769842133856
2024-07-24,4.254610709967145
2024-07-25,1.9380229726332427
2024-07-26,3.5212739897317977
2024-07-27,4.258506709843291
2024-07-28,4.406060524282699
2024-07-29,4.961808438068343
2024-07-30,4.661305457113362
2024-07-31,3.779821188663681
2024-08-01,2.5824118015651982
2024-08-02,4.081226763338186
2024-08-03,2.84075769910599
2024-08-04,3.0463606972768438
2024-08-05,4.061453004008305
2024-08-06,4.282841018805288
2024-08-07,4.302792952034591
2024-08-08,4.478895401160271
2024-08-09,2.0649091244559266
2024-08-10,3.4903485442015256
2024-08-11,3.5617531346440527
2024-08-12,4.668706159802901
2024-08-13,2.5319955690858724
2024-08-14,1.5256142140185043
2024-08-15,3.7909938348026007
2024-08-16,2.009323276856907
2024-08-17,3.8365047882355596
2024-08-18,3.0197612181408555
2024-08-19,3.4236031797187607
2024-08-20,1.7428108322782405
2024-08-21,2.8470913055877025
2024-08-22,1.9967657087540591
2024-08-23,2.0341050497013744
2024-08-24,1.6399605561029116
2024-08-25,3.4004638076029847
2024-08-26,2.557902776937994
2024-08-27,3.5678428164802094
2024-08-28,3.77916024731186
2024-08-29,2.6914896898408855
2024-08-30,2.4229804174127088
2024-08-31,3.3647100221488344
2024-09-01,3.2719668424949493
2024-09-02,3.237970634226201
2024-09-03,1.6787119523753327
2024-09-04,1.1311383151507626
2024-09-05,2.6967428091204866
2024-09-06,2.8024181814792715
2024-09-07,2.622777724225375
2024-09-08,2.4484512195678
2024-09-09,2.029734871496679
2024-09-10,0.7458517403914594
2024-09-11,1.2155126488838588
2024-09-12,1.5443330217571003
2024-09-13,2.244237282612121
2024-09-14,2.328914956477342
2024-09-15,2.3622282282855456
2024-09-16,1.9776038253519976
2024-09-17,1.7957193456470462
2024-09-18,2.533785736355808
2024-09-19,2.194768089124168
2024-09-20,2.6673304320588427
2024-09-21,2.5629968491150423
2024-09-22,2.180337091945696
2024-09-23,1.600262525917252
2024-09-24,0.9011433892378145
2024-09-25,0.5786721475258831
2024-09-26,1.7422644912201233
2024-09-27,0.2879615491857856
2024-09-28,1.6239746421181123
2024-09-29,1.7719102204418766
2024-09-30,0.6750066421774329
2024-10-01,0.29870088652753346
2024-10-02,1.0476562375798606
2024-10-03,1.6923898560606836
2024-10-04,1.8580459374614955
2024-10-05,1.9010003005772775
2024-10-06,1.5761188777213349
2024-10-07,1.6704273385273394
2024-10-08,1.395661384333577
2024-10-09,0.8813808515854341
2024-10-10,1.0905847785575171
2024-10-11,1.3824705714405223
2024-10-12,0.8626819462380351
2024-10-13,1.189533919523105
2024-10-14,0.8302221201160985
2024-10-15,1.5021031273841128
2024-10-16,1.0363489134026536
2024-10-17,0.6453058013585355
2024-10-18,0.5959913052534587
2024-10-19,0.5774171830728512
2024-10-20,0.768795087214869
2024-10-21,0.3487246424560464
2024-10-22,1.244884328039288
2024-10-23,0.4934340505706778
2024-10-24,0.9477155590192237
2024-10-25,1.1131487621844693
2024-10-26,1.2095980913872546
2024-10-27,1.1275911557600202
2024-10-28,0.3384217490976842
2024-10-29,0.7653221168026597
2024-10-30,0.5177048826490515
2024-10-31,0.33136731736123154
2024-11-01,0.2773174373228864
2024-11-02,1.001581974976262
2024-11-03,0.9331355508532208
2024-11-04,0.9611899451113316
2024-11-05,0.9071839598328981
2024-11-06,0.2810194030508936
2024-11-07,0.18714313109381764
2024-11-08,0.12436378195230666
2024-11-09,0.09575062558840557
2024-11-10,0.1439713470339957
2024-11-11,0.7656160561996602
2024-11-12,0.771762557883072
2024-11-13,0.32600839097918327
2024-11-14,0.3109031539010893
2024-11-15,0.21845691016890867
2024-11-16,0.11862140417374732
2024-11-17,0.4107437425370362
2024-11-18,0.4566428390049911
2024-11-19,0.22144337155125793
2024-11-20,0.2122915721877415
2024-11-21,0.14579604225049778
2024-11-22,0.1781174945086205
2024-11-23,0.14656421876458925
2024-11-24,0.5606357084152014
2024-11-25,0.17478361095353326
2024-11-26,0.20152699952458156
2024-11-27,0.04358428179878379
2024-11-28,0.5551389955003865
2024-11-29,0.5217261439222766
2024-11-30,0.3584176839081246
2024-12-01,0.46545442994363817
2024-12-02,0.24420979717626118
2024-12-03,0.3203103927792143
2024-12-04,0.1743933721392113
2024-12-05,0.0679002607595057
2024-12-06,0.19290287043356125
2024-12-07,0.2452306262389136
2024-12-08,0.3813093375343822
2024-12-09,0.1449532114194316
2024-12-10,0.06786570203552743
2024-12-11,0.19518717730701332
2024-12-12,0.07641382345846107
2024-12-13,0.062100447663482446
2024-12-14,0.14062916070006282
2024-12-15,0.10405849835130382
2024-12-16,0.11956033771989648
2024-12-17,0.33644986045006026
2024-12-18,0.11454460929543543
2024-12-19,0.10841331535255379
2024-12-20,0.3268036039274458
2024-12-21,0.11167873519140656
2024-12-22,0.1720275737803615
2024-12-23,0.3117000035294198
2024-12-24,0.10177842461125819
2024-12-25,0.0907908840625964
2024-12-26,0.06382624511393536
2024-12-27,0.14104269319097404
2024-12-28,0.10352645551864506
2024-12-29,0.06516362019210935
2024-12-30,0.15193323869715153
2024-12-31,0.08723864966679273
2025-01-01,0.053268632805670985
2025-01-02,0.37300948559541014
2025-01-03,0.23363463615854774
2025-01-04,0.15756449958489177
2025-01-05,0.06079169900509015
2025-01-06,0.16063280929742338
2025-01-07,0.23645611091161
2025-01-08,0.38208952862059625
2025-01-09,0.4082673957871745
2025-01-10,0.2731549228719339
2025-01-11,0.5205837285067232
2025-01-12,0.27645535086160106
2025-01-13,0.5144973769682082
2025-01-14,0.21239451192600248
2025-01-15,0.21144929817439564
2025-01-16,0.10146753606779257
2025-01-17,0.11360672122294237
2025-01-18,0.1496184915662034
2025-01-19,0.07792629769073094
2025-01-20,0.05921022484182699
2025-01-21,0.11142197658403963
2025-01-22,0.1661941871997882
2025-01-23,0.3671927491580544
2025-01-24,0.12567275956665125
2025-01-25,0.414821825520101
2025-01-26,0.6113762649349948
2025-01-27,0.6696123367900211
2025-01-28,0.32880083964993995
2025-01-29,0.3388107224431069
2025-01-30,0.41453413778694986
2025-01-31,0.7165733376159954
2025-02-01,0.7483237075666552
2025-02-02,0.8160021226301725
2025-02-03,0.5667187161787168
2025-02-04,0.2731937246855193
2025-02-05,0.8895817464139486
2025-02-06,0.6548655277655754
2025-02-07,0.37722414160287443
2025-02-08,0.38391541046114824
2025-02-09,0.3586419821862764
2025-02-10,0.26923676707004934
2025-02-11,0.0874858705258231
2025-02-12,0.14145101967793222
2025-02-13,0.29377045852041295
2025-02-14,0.28834909998974156
2025-02-15,0.37134860676240034
2025-02-16,0.918592932198741
2025-02-17,1.0231570929264435
2025-02-18,0.9717946861353838
2025-02-19,0.785052032098042
2025-02-20,0.4839299659636333
2025-02-21,1.16828192340716
2025-02-22,0.25432499587586965
2025-02-23,1.0213313887498399
2025-02-24,0.24099674461108625
2025-02-25,0.7917255007337805
2025-02-26,1.341950784685821
2025-02-27,0.6311989173294467
2025-02-28,0.9570518216764633
2025-03-01,1.0710529602466279
2025-03-02,1.4292731231726838
2025-03-03,1.4685605864123534
2025-03-04,1.5565242066306784
2025-03-05,1.781606743991559
2025-03-06,1.7190043290221568
2025-03-07,1.824740006073683
2025-03-08,2.001419434333394
2025-03-09,1.7252126247213153
2025-03-10,1.7288307397906562
2025-03-11,1.0709686548130775
2025-03-12,1.0674298758977292
2025-03-13,1.2545352880984015
2025-03-14,1.476694096483089
2025-03-15,1.7520904231583918
2025-03-16,1.5128911021691982
2025-03-17,2.038958575319546
2025-03-18,2.103885608948827
2025-03-19,2.2247767268869025
2025-03-20,2.3004506006862724
2025-03-21,2.457020062263496
2025-03-22,2.0398582111017607
2025-03-23,1.9057546352214192
2025-03-24,1.777490168357653
2025-03-25,1.4887069348677011
2025-03-26,1.4096791144294132
2025-03-27,2.433126213409556
2025-03-28,0.7192856205916001
2025-03-29,2.046203339479236
2025-03-30,2.135751954003042
2025-03-31,2.2393505998484984
2025-04-01,2.679042979595644
2025-04-02,2.8317449545466893
2025-04-03,3.0943612356649752
2025-04-04,3.058936608862884
2025-04-05,2.980264231323079
2025-04-06,2.9010787572315464
2025-04-07,2.777625421078936
2025-04-08,2.7462044781645036
2025-04-09,1.5531513872530704
2025-04-10,2.6268027885033667
2025-04-11,3.01339267579189
2025-04-12,3.502321551469799
2025-04-13,2.4395831456925943
2025-04-14,2.8105110780531963
2025-04-15,2.63984235392943
2025-04-16,1.0045001357503294
2025-04-17,1.0342606999309327
2025-04-18,2.3391780245820493
2025-04-19,2.905164783650182
2025-04-20,2.708053260997117
2025-04-21,0.7967748491845301
2025-04-22,1.6533837266651492
2025-04-23,1.9458015360248133
2025-04-24,0.8717334893415306
2025-04-25,2.8239571289707923
2025-04-26,3.378688546170205
2025-04-27,3.8731072939711124
2025-04-28,3.8498219871036565
2025-04-29,3.997507609059969
2025-04-30,4.188164692675826
2025-05-01,4.2539194153793325
2025-05-02,3.1403140408109413
2025-05-03,3.1227164711547037
2025-05-04,2.2971913258817356
2025-05-05,3.3138696829633214
2025-05-06,1.4354370936953829
2025-05-07,2.9065667986427983
2025-05-08,3.6205445042567868
2025-05-09,4.137826847286683
2025-05-10,4.49012678080608
2025-05-11,4.7223414740245655
2025-05-12,4.809808803994896
2025-05-13,4.763250907031285
2025-05-14,4.36978569876135
2025-05-15,4.391642806870342
2025-05-16,2.6361340338063783
2025-05-17,3.945090489694484
2025-05-18,3.4081186216685007
2025-05-19,4.58733447806438
2025-05-20,4.5853763750982
2025-05-21,3.8065071516772546
2025-05-22,3.5945922956724523
2025-05-23,2.9753722392029474
2025-05-24,1.273310451981941
2025-05-25,2.268769280794285
2025-05-26,3.8587170959457673
2025-05-27,1.9651445452891754
2025-05-28,2.8235446856925046
2025-05-29,1.1554516955110479
2025-05-30,3.495608590859726
2025-05-31,3.6757100394539175
2025-06-01,3.803606491006723
2025-06-02,4.210401782519884
2025-06-03,3.571769754528871
2025-06-04,3.5644231377727573
2025-06-05,2.5981077389132796
2025-06-06,3.5770191265032367
2025-06-07,1.9597201154459918
2025-06-08,2.630626918761897
2025-06-09,4.1998811387006025
2025-06-10,1.954857529798463
2025-06-11,3.963404630553876
2025-06-12,5.24210639588203
2025-06-13,5.20458901398643
2025-06-14,3.3919486388088904
2025-06-15,4.820234746882996
2025-06-16,4.60161231600312
2025-06-17,4.813003897024251
2025-06-18,4.92142957084572
2025-06-19,4.503842007040964
2025-06-20,5.13698329070105
2025-06-21,5.6035384262207355
2025-06-22,3.473660167531326
2025-06-23,3.4941515148674807
2025-06-24,2.403785552958129
2025-06-25,3.620318517073901
2025-06-26,2.0302803245671317
2025-06-27,3.1839334490653117
2025-06-28,3.3442134693380647
2025-06-29,4.77056615783076
2025-06-30,5.559708886806138
2025-07-01,5.686448941526534
2025-07-02,4.040600734668783
2025-07-03,4.782799345267429
2025-07-04,4.942123012457771
2025-07-05,2.0054775980889987
2025-07-06,2.0687536783557157
2025-07-07,2.994752504495943
2025-07-08,2.772819656382692
2025-07-09,4.732279272315356
2025-07-10,3.728313788526609
2025-07-11,4.109633685514555
2025-07-12,5.075446950429474
2025-07-13,2.5699628719682877
2025-07-14,3.310522308993329
2025-07-15,4.591786809705577
2025-07-16,3.419807865614981
2025-07-17,3.642993412028241
2025-07-18,4.779880873494492
2025-07-19,3.7305954329269846
2025-07-20,2.3520668044406334
2025-07-21,2.784126752045734
2025-07-22,3.495412810096815
2025-07-23,3.0811359867175283
2025-07-24,4.327306080259092
2025-07-25,2.7136672040067302
2025-07-26,2.507862168277901
2025-07-27,3.795142054547369
2025-07-28,3.651365169784688
2025-07-29,4.40290523923177
2025-07-30,3.2763343086547527
2025-07-31,2.484956312824575
2025-08-01,2.4317819698478065
2025-08-02,2.3358351414690923
2025-08-03,3.390655181263822
2025-08-04,2.1411247541343714
2025-08-05,3.397059939927707
2025-08-06,3.3477814787689
2025-08-07,3.251402965470332
2025-08-08,3.4437866857360357
2025-08-09,3.782881501499281
2025-08-10,4.331610170192077
2025-08-11,4.254906804139327
2025-08-12,3.443923528348255
2025-08-13,3.7875087582368803
2025-08-14,3.8844372031024714
2025-08-15,4.060886851434044
2025-08-16,2.43950904872737
2025-08-17,1.7989440663845622
2025-08-18,3.3797855841791433
2025-08-19,4.018043949399843
2025-08-20,3.048175451458117
2025-08-21,2.5711907171785344
2025-08-22,1.7022358769188994
2025-08-23,2.407363309130822
2025-08-24,2.8040849907033247
2025-08-25,3.2179699954757606
2025-08-26,2.7430899868876186
2025-08-27,2.7200009919218395
2025-08-28,1.7341088418664439
2025-08-29,2.471027465358689
2025-08-30,2.6716744827376853
2025-08-31,1.8884381854075172
2025-09-01,2.6671389146719164
2025-09-02,2.8065912543918157
2025-09-03,1.336460482717914
2025-09-04,2.3302858329240093
2025-09-05,2.932266001363417
2025-09-06,2.9311442798646894
2025-09-07,3.540995174759622
2025-09-08,2.3215368303200967
2025-09-09,0.5111213113207047
2025-09-10,2.1461657209211293
2025-09-11,2.1795728781694965
2025-09-12,1.7592680015484867
2025-09-13,1.8128034731326788
2025-09-14,2.4406968746296305
2025-09-15,2.0063923476435512
2025-09-16,1.3179954861496037
2025-09-17,0.7408125404981335
2025-09-18,0.8774250482010589
2025-09-19,2.8241558000029787
2025-09-20,1.1491984774083255
2025-09-21,1.479204922112413
2025-09-22,2.012612824448886
2025-09-23,2.2152498534009513
2025-09-24,2.2048238790481176
2025-09-25,1.9027136771469382
2025-09-26,1.5822972832875601
2025-09-27,1.156173800745241
2025-09-28,2.1276671179914106
2025-09-29,1.5119232814878396
2025-09-30,1.9445446608507209
2025-10-01,2.038723744078765
2025-10-02,1.1790384878486968
2025-10-03,0.5550146242559565
2025-10-04,1.2618777470243507
2025-10-05,0.7078139482693179
2025-10-06,0.47352876879515093
2025-10-07,0.8909549484832785
2025-10-08,0.49064115703869293
2025-10-09,1.2176253869077338
2025-10-10,0.9561804712504497
2025-10-11,0.4632899348077283
2025-10-12,0.6745211876904799
2025-10-13,0.8777362358176155
2025-10-14,0.8849808180629584
2025-10-15,0.6767587923785793
2025-10-16,0.9893006857406158
2025-10-17,0.7463594802028787
2025-10-18,0.9475067716100556
2025-10-19,0.9309266208562473
2025-10-20,0.7782936781043998
2025-10-21,0.7602230573854123
2025-10-22,1.0169010188922003
2025-10-23,0.6146882284772024
2025-10-24,1.018268449814035
2025-10-25,0.6236703633268718
2025-10-26,0.77144661084803
2025-10-27,0.7199035725826711
2025-10-28,0.8295752938834198
2025-10-29,0.46557334258197614
2025-10-30,0.7060697794202307
2025-10-31,0.6541183505611968
2025-11-01,0.2751135736590592
2025-11-02,0.7761647433590873
2025-11-03,0.33344179780988226
2025-11-04,0.8033046394653109
2025-11-05,0.8824807560112242
2025-11-06,0.7003309661361232
2025-11-07,0.6324338813127294
2025-11-08,0.5201090144700465
2025-11-09,0.7636313775782299
2025-11-10,0.44719039714275205
2025-11-11,0.5533843462065192
2025-11-12,0.5279295068406069
2025-11-13,0.5074749434143541
2025-11-14,0.05795704728518814
2025-11-15,0.13756288942741132
2025-11-16,0.333964289495807
2025-11-17,0.6168729832626172
2025-11-18,0.28780084752103297
2025-11-19,0.12777393430759065
2025-11-20,0.3381590058995691
2025-11-21,0.5770631499992647
2025-11-22,0.3593725543065441
2025-11-23,0.11391141464446605
2025-11-24,0.31504487624248223
2025-11-25,0.4422745378019461
2025-11-26,0.26966783875016453
2025-11-27,0.10064630885143656
2025-11-28,0.3274379251286971
2025-11-29,0.21929529090654185
2025-11-30,0.3866610475348647
2025-12-01,0.21215400836499415
2025-12-02,0.15888661017724334
2025-12-03,0.3844923017245306
2025-12-04,0.4321890805239854
2025-12-05,0.16800828933193343
2025-12-06,0.1459410014361301
2025-12-07,0.17565037269960096
2025-12-08,0.19632208535062023
2025-12-09,0.16956422057440804
2025-12-10,0.3785755286827125
2025-12-11,0.31032200895833767
2025-12-12,0.1074377705638848
2025-12-13,0.4671711930026231
2025-12-14,0.21808218251966419
2025-12-15,0.08964114250808283
2025-12-16,0.22323293767385824
2025-12-17,0.1362116013403881
2025-12-18,0.1529540471728844
2025-12-19,0.3110266544230038
2025-12-20,0.22673609911445006
2025-12-21,0.3714322087376098
2025-12-22,0.3013698806671022
2025-12-23,0.06386236162844357
2025-12-24,0.35725595085809
2025-12-25,0.384730278730908
2025-12-26,0.36683584716202855
2025-12-27,0.14668452491936204
2025-12-28,0.3854781841995088
2025-12-29,0.18038673078718678
2025-12-30,0.3589332792995426
2025-12-31,0.3197596632920892
2026-01-01,0.14029078368941586
2026-01-02,0.16561156039282812
2026-01-03,0.21414558976515788
2026-01-04,0.22587604291511776
2026-01-05,0.2805970058049507
2026-01-06,0.4496206596505229
2026-01-07,0.1699552750089478
2026-01-08,0.21465308639101197
2026-01-09,0.13826501266432373
2026-01-10,0.25151617705147217
2026-01-11,0.1752425879045392
2026-01-12,0.11659880756940098
2026-01-13,0.16447818501159522
2026-01-14,0.5856558731214033
2026-01-15,0.13443628450577666
2026-01-16,0.42650922825029697
2026-01-17,0.5586213250069498
2026-01-18,0.41162434347043225
2026-01-19,0.3116141009996029
2026-01-20,0.50715365591844
2026-01-21,0.255321404149577
2026-01-22,0.5015405402439327
2026-01-23,0.26848619233406845
2026-01-24,0.5249861279021288
2026-01-25,0.45847182743128323
2026-01-26,0.18024143270947587
2026-01-27,0.21982851103597598
2026-01-28,0.14690898913790618
2026-01-29,0.19752736988434982
2026-01-30,0.357927610218137
2026-01-31,0.19823787308092916
2026-02-01,0.3280378765221239
2026-02-02,0.6526574800056664
2026-02-03,0.3417747173377838
2026-02-04,0.4417453527092785
2026-02-05,0.1766005295546851
2026-02-06,0.33204854226148595
2026-02-07,0.802951804945916
2026-02-08,0.5025433262523372
2026-02-09,0.22987096128925158
2026-02-10,0.29365316662232027
2026-02-11,0.24691894438219106
2026-02-12,0.35272230838597185
2026-02-13,0.2513393467706756
2026-02-14,0.9535344252161234
2026-02-15,0.6039192287811792
2026-02-16,0.4858729255010775
2026-02-17,0.7702260371174843
2026-02-18,0.872784484410162
2026-02-19,0.5731694115334469
2026-02-20,0.35569611119999556
2026-02-21,0.6894417036216843
2026-02-22,0.41883606905792253
2026-02-23,1.0134327769822844
2026-02-24,0.4393385339768418
2026-02-25,1.6262982527298846
2026-02-26,1.1827763727631524
2026-02-27,0.4546620752712088
2026-02-28,0.4240964627521768
2026-03-01,1.1573720600096997
2026-03-02,1.7491234592355225
2026-03-03,1.5663536927084414
2026-03-04,1.5203671891052482
2026-03-05,1.8207310634958942
2026-03-06,1.4184082317234143
2026-03-07,0.5483690077503819
2026-03-08,1.1225392025232004
2026-03-09,1.0828965334949394
2026-03-10,0.5491353189760196
2026-03-11,0.6038698552702787
2026-03-12,1.549451523623126
2026-03-13,0.6222875437432344
2026-03-14,0.9555706919396624
2026-03-15,1.8362821996154306
2026-03-16,1.7273826337218254
2026-03-17,1.105395274939432
2026-03-18,2.330320835781996
2026-03-19,2.1404680210632416
2026-03-20,2.075486151427788
2026-03-21,1.541718347784738
2026-03-22,2.195077037571665
2026-03-23,1.7947936952059875
2026-03-24,0.908897200245128
2026-03-25,1.4132687801551085
2026-03-26,1.695476709687221
2026-03-27,1.5925512785368676
2026-03-28,1.7553608801582787
2026-03-29,1.5589059009926143
2026-03-30,2.084491045187956
2026-03-31,1.8847645896013125
2026-04-01,1.764718095327591
2026-04-02,0.8024865692421209
2026-04-03,1.0501031525294258
2026-04-04,2.3871761601285195
2026-04-05,2.2390788453866377
2026-04-06,2.7253796212301995
2026-04-07,2.9859817646205813
2026-04-08,3.034433529054515
2026-04-09,2.1732738744279056
2026-04-10,2.2734230487619644
2026-04-11,1.2319301308653674
2026-04-12,2.677234966555457
2026-04-13,1.4479333963926488
2026-04-14,3.0860385973268714
2026-04-15,2.574692958398339
2026-04-16,3.1938678366651536
2026-04-17,2.666263061114323
2026-04-18,1.7268852569314386
2026-04-19,2.3064264095493674
2026-04-20,2.2142993832341484
2026-04-21,3.4177356392033134
2026-04-22,3.51342421131517
2026-04-23,3.1982941255618824
2026-04-24,2.98504077490007
2026-04-25,3.4943916289552224
2026-04-26,3.384289772762371
2026-04-27,2.4892961125806323
2026-04-28,3.7117278233889834
2026-04-29,3.9935006158560866
2026-04-30,4.219726646476842
2026-05-01,4.431446259192331
2026-05-02,3.189698320090821
2026-05-03,1.3908323257781645
2026-05-04,1.2986739018360145
2026-05-05,3.414186735671798
2026-05-06,2.7447114146075373
2026-05-07,3.9901795040485006
2026-05-08,4.040749698223438
2026-05-09,3.8598162512750394
2026-05-10,2.984661678139756
2026-05-11,2.429071604701692
2026-05-12,2.217585685875933
2026-05-13,2.8452608913612916
2026-05-14,2.4084901866451163
2026-05-15,1.804496906386373
2026-05-16,1.7305344463532524
2026-05-17,1.3689291117166884
2026-05-18,3.124613939937807
2026-05-19,2.0383615025823456
2026-05-20,2.6809823316045414
2026-05-21,4.133908056303519
2026-05-22,4.992902934090974
2026-05-23,4.692089364518998
2026-05-24,4.9308857597239255
2026-05-25,5.162816744085592
2026-05-26,5.217823496464236
2026-05-27,4.068855345928594
2026-05-28,4.9019707225096205
2026-05-29,2.8931331690040114
2026-05-30,4.3597901148236975
2026-05-31,3.936139513061517
2026-06-01,4.087235266890951
2026-06-02,1.5971256063285426
2026-06-03,3.1586985107295065
2026-06-04,3.010602009205357
2026-06-05,4.068855345928594
2026-06-06,2.377672332075421
2026-06-07,2.895298558982293
2026-06-08,1.8200914260323822
2026-06-09,3.9940755626907976
2026-06-10,4.433485198743294
2026-06-11,2.91425576804293
2026-06-12,2.4725336135375104
2026-06-13,2.1245300373754805
2026-06-14,2.7832932608370995
2026-06-15,2.3650186491244187
2026-06-16,4.593519427788016
2026-06-17,2.509345512407501
2026-06-18,4.419391597999329
2026-06-19,5.379652036151667
2026-06-20,5.12052738073486
2026-06-21,4.490382417184811
2026-06-22,5.125544575080535
2026-06-23,5.356851254417795
