date,makkink_mm
2020-01-01,0.09248181915071765
2020-01-02,0.08294586068650961
2020-01-03,0.10678655899239262
2020-01-04,0.13394590931402095
2020-01-05,0.1129422849156918
2020-01-06,0.21042102092246834
2020-01-07,0.42574286059149813
2020-01-08,0.2834537931600962
2020-01-09,0.10567430459274761
2020-01-10,0.2934437334066121
2020-01-11,0.3048666729674944
2020-01-12,0.14773100746734447
2020-01-13,0.39588511765172996
2020-01-14,0.32246592743912056
2020-01-15,0.09915304003367519
2020-01-16,0.6215745131341205
2020-01-17,0.17151086910955732
2020-01-18,0.38775168176157215
2020-01-19,0.5559442285793147
2020-01-20,0.3224492005028419
2020-01-21,0.2489773437069994
2020-01-22,0.1654766949081093
2020-01-23,0.2930754318730682
2020-01-24,0.16247815181997677
2020-01-25,0.11486985884654943
2020-01-26,0.42381212811971575
2020-01-27,0.3343506033329121
2020-01-28,0.28549462798797315
2020-01-29,0.37541782795746187
2020-01-30,0.46821837716475917
2020-01-31,0.30993420779850156
2020-02-01,0.564715407371251
2020-02-02,0.16850091266967104
2020-02-03,0.6045517084322904
2020-02-04,0.3280493860026305
2020-02-05,0.7111485531428046
2020-02-06,0.5209030542929544
2020-02-07,0.9239150671017087
2020-02-08,0.32746645578438605
2020-02-09,0.16490031744089
2020-02-10,0.6434284601390138
2020-02-11,0.41741459410404363
2020-02-12,0.6170204819736251
2020-02-13,0.3258597991651719
2020-02-14,0.6774132139381744
2020-02-15,0.5021844539844613
2020-02-16,0.14450110703476418
2020-02-17,0.806100540768288
2020-02-18,0.7958378007478268
2020-02-19,0.6564577445170612
2020-02-20,0.3834006133689286
2020-02-21,0.6920530918293972
2020-02-22,0.48693891508129916
2020-02-23,0.4135010773004564
2020-02-24,0.1489923149997141
2020-02-25,0.8625726698815104
2020-02-26,0.7326435538396601
2020-02-27,0.29873934252250905
2020-02-28,0.6175882360581526
2020-02-29,0.8257024246063959
2020-03-01,1.176743146348258
2020-03-02,0.3351900756122827
2020-03-03,1.4096807667418847
2020-03-04,1.4817534088814308
2020-03-05,0.6241095305738595
2020-03-06,0.8098233063859624
2020-03-07,1.3199936614386196
2020-03-08,0.554865819558744
2020-03-09,1.3447760495497842
2020-03-10,0.45841720533959385
2020-03-11,1.9871760989701228
2020-03-12,1.6352235283658678
2020-03-13,1.2058436486461417
2020-03-14,1.4801925480216092
2020-03-15,0.5412856108704904
2020-03-16,1.643173363991634
2020-03-17,1.4907046400732438
2020-03-18,0.9162730560132928
2020-03-19,0.8629898466596438
2020-03-20,0.8055455380682461
2020-03-21,2.213284448793581
2020-03-22,2.3371062249911176
2020-03-23,2.361096855560885
2020-03-24,2.4618695686881287
2020-03-25,2.5293529398939003
2020-03-26,2.5201289508470723
2020-03-27,2.4922230485510926
2020-03-28,2.305528143955376
2020-03-29,2.4329401715716465
2020-03-30,1.5181073012546897
2020-03-31,2.552005171697295
2020-04-01,1.6192426884389943
2020-04-02,1.9667787880699488
2020-04-03,1.3060965018091073
2020-04-04,3.067528878240084
2020-04-05,3.3994355982165385
2020-04-06,2.8384183897183775
2020-04-07,3.261077662955521
2020-04-08,3.323503804158863
2020-04-09,3.3782924944042927
2020-04-10,3.1127793340711056
2020-04-11,3.5224092560208
2020-04-12,2.8823976570576217
2020-04-13,1.8393009319599418
2020-04-14,1.642887681198756
2020-04-15,3.3063677633007034
2020-04-16,3.556063618543794
2020-04-17,3.433022969900733
2020-04-18,2.574793798464788
2020-04-19,3.858790303984538
2020-04-20,3.909240230618738
2020-04-21,3.9676411918222527
2020-04-22,4.219123362825617
2020-04-23,4.2329937723273945
2020-04-24,3.9287153562791333
2020-04-25,2.004326068942476
2020-04-26,3.634920602290861
2020-04-27,3.88937048961084
2020-04-28,0.5331145033318367
2020-04-29,1.4668048482130587
2020-04-30,3.054862179004718
2020-05-01,1.922110061309522
2020-05-02,2.3363883945109403
2020-05-03,2.3643984508921037
2020-05-04,3.859622367152665
2020-05-05,4.155628296102072
2020-05-06,4.211772223476612
2020-05-07,4.199930048031775
2020-05-08,4.136317617990929
2020-05-09,4.779619655164853
2020-05-10,2.5000639920938252
2020-05-11,3.6339810704521924
2020-05-12,2.7533822378126933
2020-05-13,2.597200141058253
2020-05-14,2.7686357820347056
2020-05-15,3.4305200534755182
2020-05-16,3.1128661562852153
2020-05-17,4.645147977206537
2020-05-18,4.1785548828848595
2020-05-19,4.230402466734162
2020-05-20,3.7828688398271373
2020-05-21,5.10584106198838
2020-05-22,2.7755479110441663
2020-05-23,4.328519644800105
2020-05-24,1.4182576013236412
2020-05-25,4.341272983521419
2020-05-26,4.895436918266853
2020-05-27,4.786952430168859
2020-05-28,5.056728705320147
2020-05-29,5.058081702577182
2020-05-30,5.335168018369683
2020-05-31,5.096147691018268
2020-06-01,4.195787112191114
2020-06-02,5.170629196540224
2020-06-03,3.944509220368305
2020-06-04,1.6042127642678312
2020-06-05,1.854486092729169
2020-06-06,2.676013028116679
2020-06-07,2.4220896731714543
2020-06-08,3.4974752482945504
2020-06-09,2.391404744516378
2020-06-10,3.4347270202226206
2020-06-11,1.8628568172048403
2020-06-12,4.602912112667991
2020-06-13,5.0340707668998865
2020-06-14,3.512271534237237
2020-06-15,4.448527705664696
2020-06-16,2.362809598417747
2020-06-17,4.852975557658239
2020-06-18,3.275029873792107
2020-06-19,4.171693165611946
2020-06-20,5.32606584581727
2020-06-21,3.547251603749967
2020-06-22,5.450948519189013
2020-06-23,5.551501774301296
2020-06-24,5.8186160287229685
2020-06-25,5.887999948060323
2020-06-26,5.615528788855717
2020-06-27,2.815260317896803
2020-06-28,4.887339776702114
2020-06-29,2.7436154229054313
2020-06-30,0.987964088747541
2020-07-01,3.0296940757486106
2020-07-02,3.556656053801751
2020-07-03,3.6288618117933997
2020-07-04,0.8812609419368304
2020-07-05,3.6120875505746275
2020-07-06,2.885492252020096
2020-07-07,3.0037110813295476
2020-07-08,1.5072536688253715
2020-07-09,0.9695502558478196
2020-07-10,2.9825019502592998
2020-07-11,4.087425112267675
2020-07-12,3.3965928386834037
2020-07-13,4.864937377911707
2020-07-14,1.6508759124704293
2020-07-15,4.175336998471964
2020-07-16,2.936508796019805
2020-07-17,3.3564184121169953
2020-07-18,2.9192610607323846
2020-07-19,3.356373959548728
2020-07-20,4.214511929946212
2020-07-21,3.950691791329019
2020-07-22,3.2039265873700113
2020-07-23,3.6156337848557745
2020-07-24,2.845543711325622
2020-07-25,1.5886831830776578
2020-07-26,4.199362653383308
2020-07-27,1.822523168240498
2020-07-28,2.8372840108620934
2020-07-29,2.6742600292374985
2020-07-30,4.596195650590545
2020-07-31,5.217330878500096
2020-08-01,3.114951762623952
2020-08-02,3.9640569864391755
2020-08-03,2.005564310272065
2020-08-04,4.526479062526166
2020-08-05,4.789428265817733
2020-08-06,4.751847981640262
2020-08-07,5.069617548196699
2020-08-08,4.023590982852757
2020-08-09,4.498567516684023
2020-08-10,4.715847602419398
2020-08-11,4.398228912240316
2020-08-12,4.576816387602735
2020-08-13,4.383010686768771
2020-08-14,2.878796817991108
2020-08-15,2.933899523056703
2020-08-16,3.6229377246501704
2020-08-17,2.379015197555062
2020-08-18,4.008256660237346
2020-08-19,3.384616450580729
2020-08-20,2.892974474680838
2020-08-21,4.02052330859479
2020-08-22,2.922277191923545
2020-08-23,2.248275577570276
2020-08-24,2.8166025618485935
2020-08-25,1.0827291463711661
2020-08-26,1.1481395364730487
2020-08-27,1.6570157442380506
2020-08-28,2.016938890540733
2020-08-29,2.0116727717281386
2020-08-30,1.391921459247599
2020-08-31,1.7571500770669313
2020-09-01,1.2972272586342593
2020-09-02,3.405826148337774
2020-09-03,0.48827897733757697
2020-09-04,2.2815530578864225
2020-09-05,2.6177783274294555
2020-09-06,1.6676513898505598
2020-09-07,2.049343911940268
2020-09-08,0.8453246434275875
2020-09-09,0.918046316756292
2020-09-10,1.999061899609803
2020-09-11,2.261306825974275
2020-09-12,1.928200779018395
2020-09-13,2.8528914890302257
2020-09-14,3.103017678421764
2020-09-15,2.9503907449832076
2020-09-16,2.1827823482231996
2020-09-17,2.6204384068111426
2020-09-18,2.9560781012267183
2020-09-19,2.8334293504874233
2020-09-20,2.9147465135918167
2020-09-21,2.8337308724191552
2020-09-22,2.6503425231977724
2020-09-23,1.5990473099179958
2020-09-24,1.4170286256474844
2020-09-25,1.5316901988533156
2020-09-26,1.4723524009848838
2020-09-27,1.3283886286438789
2020-09-28,0.42429873081487834
2020-09-29,1.7372016120533993
2020-09-30,1.0684731631632725
2020-10-01,0.3629497780536726
2020-10-02,1.2640612383147916
2020-10-03,0.2799141517466083
2020-10-04,1.1052484834166254
2020-10-05,0.30672808606797847
2020-10-06,0.9131581858266435
2020-10-07,1.0672556002447502
2020-10-08,0.34295754101070236
2020-10-09,0.8281956259735511
2020-10-10,0.8522361152631319
2020-10-11,1.0746863746594337
2020-10-12,1.0261904723705388
2020-10-13,1.1479939937957055
2020-10-14,1.0227298875851285
2020-10-15,1.1335130911320268
2020-10-16,1.4655216769190231
2020-10-17,0.9405047215796718
2020-10-18,0.9399035242843473
2020-10-19,0.2950053985842191
2020-10-20,0.34382843748736913
2020-10-21,0.3389477590619875
2020-10-22,1.086243449147021
2020-10-23,1.1125974981653308
2020-10-24,0.7063196194573395
2020-10-25,0.3758387463611208
2020-10-26,0.6651159944629251
2020-10-27,0.5374912734936516
2020-10-28,0.694993492688433
2020-10-29,0.6134489217475965
2020-10-30,0.3831372837923499
2020-10-31,0.5628606147975089
2020-11-01,0.5265610539585978
2020-11-02,0.5242561630343232
2020-11-03,0.7623068836829359
2020-11-04,0.9364991401159712
2020-11-05,0.6473200510829071
2020-11-06,0.8089065080690175
2020-11-07,0.8697155222063578
2020-11-08,0.8219729808354981
2020-11-09,0.820687662103906
2020-11-10,0.5825535937788923
2020-11-11,0.5995841593531506
2020-11-12,0.4850119965446742
2020-11-13,0.35756795731453084
2020-11-14,0.2356410372166522
2020-11-15,0.29014409754782833
2020-11-16,0.25978893172432105
2020-11-17,0.28725207782810125
2020-11-18,0.774730497963403
2020-11-19,0.4326256255958088
2020-11-20,0.35250228354913044
2020-11-21,0.1309879426835047
2020-11-22,0.4743715635482874
2020-11-23,0.7031987104072882
2020-11-24,0.24871351192906122
2020-11-25,0.516872580297138
2020-11-26,0.15118226970941942
2020-11-27,0.13973824606867327
2020-11-28,0.17168751249076622
2020-11-29,0.20708908236598378
2020-11-30,0.08693413110616158
2020-12-01,0.367576466875068
2020-12-02,0.14531925829094275
2020-12-03,0.061744309994769875
2020-12-04,0.3458164911492335
2020-12-05,0.39830980212650896
2020-12-06,0.17990470993552315
2020-12-07,0.13684567722258992
2020-12-08,0.1676686852615902
2020-12-09,0.11645281122913055
2020-12-10,0.3376283652958348
2020-12-11,0.08205634148389374
2020-12-12,0.09760264034843207
2020-12-13,0.32062571499309034
2020-12-14,0.3295485043949585
2020-12-15,0.1706314680474046
2020-12-16,0.3369423816962736
2020-12-17,0.32516129958167367
2020-12-18,0.39430586414037194
2020-12-19,0.21148758960401903
2020-12-20,0.28629814697024725
2020-12-21,0.08581476569306383
2020-12-22,0.11090024803831754
2020-12-23,0.08540040184502665
2020-12-24,0.23197550097579622
2020-12-25,0.3049304473799392
2020-12-26,0.1331688416174501
2020-12-27,0.06598332012638392
2020-12-28,0.27100571532087564
2020-12-29,0.17659056300460862
2020-12-30,0.20507901249082044
2020-12-31,0.3428886859053724
2021-01-01,0.3471928272317879
2021-01-02,0.3594912761043556
2021-01-03,0.24471130056976043
2021-01-04,0.11744189749637597
2021-01-05,0.12750400963400244
2021-01-06,0.13510345451057285
2021-01-07,0.1523613294977961
2021-01-08,0.40607637164230054
2021-01-09,0.4212993275330402
2021-01-10,0.1607347175026295
2021-01-11,0.12832765828479373
2021-01-12,0.4450647174446239
2021-01-13,0.4184581498492574
2021-01-14,0.36235573110491126
2021-01-15,0.11115547859431685
2021-01-16,0.1329676250579535
2021-01-17,0.2906711348082461
2021-01-18,0.22373526519273274
2021-01-19,0.1880275711773728
2021-01-20,0.24074960681357396
2021-01-21,0.4606179295481492
2021-01-22,0.6522959957328897
2021-01-23,0.4791067359709464
2021-01-24,0.4781919510851777
2021-01-25,0.6102619872967678
2021-01-26,0.5057010533968399
2021-01-27,0.19028750624997895
2021-01-28,0.16616044882523362
2021-01-29,0.3108951699991511
2021-01-30,0.316031332835084
2021-01-31,0.7093233814204247
2021-02-01,0.1963614980575958
2021-02-02,0.20103125487519555
2021-02-03,0.19017323007130313
2021-02-04,0.32864195910976446
2021-02-05,0.3451690151575268
2021-02-06,0.1588967633892123
2021-02-07,0.17513509895158058
2021-02-08,0.27135385618551916
2021-02-09,0.6918140179064209
2021-02-10,0.5022785429107373
2021-02-11,1.0664026975719512
2021-02-12,0.8756743776883138
2021-02-13,0.8582986349242138
2021-02-14,0.8543818933555105
2021-02-15,0.16822991806009885
2021-02-16,0.5839403873629242
2021-02-17,0.3827702468619993
2021-02-18,0.6675988134011281
2021-02-19,0.9736589292871827
2021-02-20,1.2840816820115664
2021-02-21,1.1439221773287194
2021-02-22,1.0242870824785935
2021-02-23,1.1163059285505925
2021-02-24,1.1861511079134301
2021-02-25,1.1433146170947501
2021-02-26,1.592735373246967
2021-02-27,1.0173723159225487
2021-02-28,1.295628092710843
2021-03-01,1.3457746444141485
2021-03-02,1.6363366626304332
2021-03-03,0.5117780627614947
2021-03-04,0.43068001666462186
2021-03-05,1.5057668334994394
2021-03-06,0.8977528820547782
2021-03-07,0.6013578569408807
2021-03-08,0.8212397888328786
2021-03-09,0.4755951157856967
2021-03-10,0.4262054866311057
2021-03-11,1.049384612666423
2021-03-12,0.9031649648895778
2021-03-13,1.0124585911050694
2021-03-14,1.0598143243956621
2021-03-15,0.9474010329514483
2021-03-16,0.7384392123000586
2021-03-17,0.8705589380975043
2021-03-18,0.9351478228751465
2021-03-19,2.217770460703565
2021-03-20,1.1471876865973378
2021-03-21,0.8678864971117851
2021-03-22,1.0824779205239667
2021-03-23,1.514986767294383
2021-03-24,2.306515503583406
2021-03-25,1.6002845678130893
2021-03-26,1.6433022170221276
2021-03-27,1.5291349085818586
2021-03-28,0.7693768511378757
2021-03-29,2.4513496750575303
2021-03-30,3.218044968553381
2021-03-31,3.053099316979133
2021-04-01,2.5667905396538906
2021-04-02,0.8884777549283409
2021-04-03,1.6831840595568737
2021-04-04,1.3443262034342685
2021-04-05,1.778784058735947
2021-04-06,1.4082217795917062
2021-04-07,1.6464540542098158
2021-04-08,1.7583315551568544
2021-04-09,1.2714484079286665
2021-04-10,0.7899465476447782
2021-04-11,1.7364104506604658
2021-04-12,1.965114958879412
2021-04-13,2.619173021087207
2021-04-14,2.0808825030945806
2021-04-15,1.874230743533149
2021-04-16,3.205656616034559
2021-04-17,3.134041052117025
2021-04-18,3.3775772083016933
2021-04-19,3.406963267778972
2021-04-20,3.387970092902226
2021-04-21,2.93199844914158
2021-04-22,2.4988035319158177
2021-04-23,3.229323088910396
2021-04-24,2.9773546342498407
2021-04-25,2.1599052111729415
2021-04-26,3.395482430346886
2021-04-27,3.77244753039726
2021-04-28,3.1804691580156637
2021-04-29,0.22877481762639804
2021-04-30,0.8996184707592098
2021-05-01,1.6934982845409898
2021-05-02,2.743384598099158
2021-05-03,2.658363659150457
2021-05-04,1.2225846827576163
2021-05-05,2.738742283848312
2021-05-06,2.9939520881800594
2021-05-07,2.8618995967757757
2021-05-08,1.0044515871117374
2021-05-09,3.0217574488801207
2021-05-10,2.8185770735123965
2021-05-11,1.7626898862355764
2021-05-12,4.237408384626462
2021-05-13,3.6032168988625553
2021-05-14,2.059652956844276
2021-05-15,1.5905459128970767
2021-05-16,2.9305010327127
2021-05-17,1.901100228439023
2021-05-18,3.251337070102724
2021-05-19,1.8169837005706064
2021-05-20,2.187597200114804
2021-05-21,2.527104280090107
2021-05-22,1.9884076434735154
2021-05-23,2.59404635448337
2021-05-24,2.0035835050677404
2021-05-25,2.510056716108484
2021-05-26,2.4133268721191103
2021-05-27,1.6635974426240456
2021-05-28,4.493346062950627
2021-05-29,3.0055635067783335
2021-05-30,4.7071680708525125
2021-05-31,5.094452676143029
2021-06-01,5.605013118666972
2021-06-02,5.494232817039081
2021-06-03,5.108119920714542
2021-06-04,4.724280054112484
2021-06-05,0.9472486996045243
2021-06-06,5.365723891055728
2021-06-07,5.46082413221375
2021-06-08,5.503514107345954
2021-06-09,5.4931040183792
2021-06-10,5.270736923373947
2021-06-11,3.8699471937943395
2021-06-12,4.6176020112642435
2021-06-13,5.327467647048422
2021-06-14,5.544367237939638
2021-06-15,5.082291759998648
2021-06-16,5.7666659255289385
2021-06-17,4.458067205194892
2021-06-18,3.229931435086455
2021-06-19,1.6224461113497548
2021-06-20,3.10290390458363
2021-06-21,0.9638249272679074
2021-06-22,3.326068917775894
2021-06-23,2.658105570041617
2021-06-24,3.9771375659432224
2021-06-25,1.7240991281485902
2021-06-26,4.357241819227533
2021-06-27,5.045750156569434
2021-06-28,2.868693525853365
2021-06-29,0.9356416736213643
2021-06-30,0.7664907036074013
2021-07-01,2.756762898652761
2021-07-02,4.152661930971511
2021-07-03,2.8318244704490936
2021-07-04,3.0127771763573765
2021-07-05,2.73379782750335
2021-07-06,2.635311087688831
2021-07-07,4.430423612933162
2021-07-08,5.20914761682316
2021-07-09,4.9326764774099825
2021-07-10,2.8006077369272306
2021-07-11,2.8347366875724527
2021-07-12,3.529428216051609
2021-07-13,1.593401347893105
2021-07-14,2.3409112225867754
2021-07-15,2.1927645902100172
2021-07-16,3.712370957043561
2021-07-17,5.409805688386229
2021-07-18,5.248330299153017
2021-07-19,4.205317223718087
2021-07-20,4.956546947808766
2021-07-21,4.715906859689996
2021-07-22,4.8071833537098225
2021-07-23,2.189508741665257
2021-07-24,2.890542884059136
2021-07-25,3.111430928758387
2021-07-26,3.2452650836993113
2021-07-27,2.2234586631094833
2021-07-28,2.3611853702601984
2021-07-29,4.17861514736244
2021-07-30,2.1352179443709556
2021-07-31,2.9374593484430362
2021-08-01,2.375400710261951
2021-08-02,3.471990453537826
2021-08-03,2.504738169049548
2021-08-04,4.428654449317414
2021-08-05,3.8154490406330748
2021-08-06,2.88209614867608
2021-08-07,2.8645992670920526
2021-08-08,3.2465986239067495
2021-08-09,2.0955229095690076
2021-08-10,3.4319732698094154
2021-08-11,3.921294935787271
2021-08-12,4.085884484881984
2021-08-13,3.2821211070382206
2021-08-14,3.7014624065199357
2021-08-15,4.200963469879441
2021-08-16,2.446757559415133
2021-08-17,0.8980764175575446
2021-08-18,1.6134355640126608
2021-08-19,0.8781383309575995
2021-08-20,2.567772746685221
2021-08-21,1.9950796225970013
2021-08-22,1.2360325007712663
2021-08-23,3.457937363569924
2021-08-24,3.784901608542085
2021-08-25,2.1832407652479677
2021-08-26,2.0173168189602193
2021-08-27,2.563562414904582
2021-08-28,2.7491119195381706
2021-08-29,0.6423561458893418
2021-08-30,2.1994141403473693
2021-08-31,1.1838800441180692
2021-09-01,1.5076529874313027
2021-09-02,1.6826264555806194
2021-09-03,3.322039430509601
2021-09-04,2.648174783945815
2021-09-05,3.5164616155963744
2021-09-06,2.662161144489368
2021-09-07,3.3278247445347175
2021-09-08,3.5348262221356332
2021-09-09,3.2172623682052577
2021-09-10,1.7981674791130866
2021-09-11,1.376080338870334
2021-09-12,2.2650307868488158
2021-09-13,1.93717684410422
2021-09-14,2.464619041962898
2021-09-15,0.9202025788231579
2021-09-16,2.291041616464321
2021-09-17,2.093623477839236
2021-09-18,2.459124611477163
2021-09-19,2.1812934492553904
2021-09-20,2.6560489178610283
2021-09-21,1.9848027101953354
2021-09-22,2.3911672175551253
2021-09-23,1.2313627585581124
2021-09-24,2.181790379637253
2021-09-25,1.2026713044586101
2021-09-26,1.8834025976584885
2021-09-27,1.1664846789098344
2021-09-28,1.9221909261086823
2021-09-29,0.49607902896364275
2021-09-30,1.1945452170666184
2021-10-01,0.6950194439871674
2021-10-02,0.9851749135701336
2021-10-03,0.4707344950132453
2021-10-04,1.7334561126491899
2021-10-05,1.2357552242343375
2021-10-06,1.6067778565028956
2021-10-07,1.5107055404506278
2021-10-08,1.7408823094724428
2021-10-09,1.486328573016647
2021-10-10,1.2495832654594545
2021-10-11,1.3979906060186462
2021-10-12,1.2411710938162097
2021-10-13,1.0225250620372166
2021-10-14,0.8355113008046393
2021-10-15,1.5970440439394542
2021-10-16,0.8042075210918593
2021-10-17,0.7257446935607175
2021-10-18,0.8689673095425364
2021-10-19,0.6651298018260723
2021-10-20,0.5113700067954065
2021-10-21,0.6476956553004641
2021-10-22,0.6234524616911274
2021-10-23,0.36154718054550355
2021-10-24,1.376233525332126
2021-10-25,0.32764441586290943
2021-10-26,0.5749450693046979
2021-10-27,0.41680435090538864
2021-10-28,1.3475597897280986
2021-10-29,1.1471999561236725
2021-10-30,0.228191677139998
2021-10-31,0.39534486237670996
2021-11-01,1.1203576692982549
2021-11-02,0.3595371913514492
2021-11-03,0.6874777192117706
2021-11-04,0.805521446495382
2021-11-05,0.7329152507884222
2021-11-06,0.37565632024893525
2021-11-07,0.7503961198364366
2021-11-08,0.5434511504721852
2021-11-09,0.34015476359087476
2021-11-10,0.35075925413688286
2021-11-11,0.29118503910221133
2021-11-12,0.49581384347486407
2021-11-13,0.5471414745608597
2021-11-14,0.2405913107758898
2021-11-15,0.08129327087993085
2021-11-16,0.06666500128685279
2021-11-17,0.6555258158884402
2021-11-18,0.5066517497714296
2021-11-19,0.6764924927511605
2021-11-20,0.0783250507900081
2021-11-21,0.5996798185367153
2021-11-22,0.6484604670615784
2021-11-23,0.4753999196604169
2021-11-24,0.2761363235196674
2021-11-25,0.38343585028977545
2021-11-26,0.19299612574314046
2021-11-27,0.13878670528710974
2021-11-28,0.20469141988271772
2021-11-29,0.45094961983191106
2021-11-30,0.15615472164594088
2021-12-01,0.19498584023756282
2021-12-02,0.2586676690646946
2021-12-03,0.12020012272054524
2021-12-04,0.07012194955437177
2021-12-05,0.1431452092315473
2021-12-06,0.12343830057117004
2021-12-07,0.35977956331846195
2021-12-08,0.42946351577068564
2021-12-09,0.24581757077781477
2021-12-10,0.1371104745708681
2021-12-11,0.33152888716125395
2021-12-12,0.12688453756227253
2021-12-13,0.23303380416052616
2021-12-14,0.09161494561847752
2021-12-15,0.23123278263742675
2021-12-16,0.4559118402675868
2021-12-17,0.09841803568701318
2021-12-18,0.18050931883170915
2021-12-19,0.09123830388920066
2021-12-20,0.17905993462610403
2021-12-21,0.4674412620847161
2021-12-22,0.29960582959666576
2021-12-23,0.08978170248822583
2021-12-24,0.10687530336583202
2021-12-25,0.40123949292766314
2021-12-26,0.3198559459021745
2021-12-27,0.13119219161200227
2021-12-28,0.12619351918087254
2021-12-29,0.10276837507727533
2021-12-30,0.18838873127615893
2021-12-31,0.1403529353637359
2022-01-01,0.29960488975483873
2022-01-02,0.337514329532095
2022-01-03,0.43471360438444245
2022-01-04,0.17073619798877546
2022-01-05,0.25596032324486695
2022-01-06,0.4403353355758145
2022-01-07,0.38843097277605604
2022-01-08,0.13434339079325772
2022-01-09,0.3267812592325426
2022-01-10,0.47676308178353
2022-01-11,0.32409109806729564
2022-01-12,0.5602666887861613
2022-01-13,0.2902964829112611
2022-01-14,0.19329842581555054
2022-01-15,0.10388645344951934
2022-01-16,0.19795832332623306
2022-01-17,0.3536067970929624
2022-01-18,0.23514453028004867
2022-01-19,0.17522937676612169
2022-01-20,0.42796564155449585
2022-01-21,0.24263050465806885
2022-01-22,0.16119916880864793
2022-01-23,0.21593439104299825
2022-01-24,0.15258772039499124
2022-01-25,0.09730237578696685
2022-01-26,0.13924279457362795
2022-01-27,0.3505564199823769
2022-01-28,0.6920395725354258
2022-01-29,0.6022911493869613
2022-01-30,0.5850290023892185
2022-01-31,0.15464509833237491
2022-02-01,0.25835486963713356
2022-02-02,0.8917471314146174
2022-02-03,0.19655626860054382
2022-02-04,0.24189604418947483
2022-02-05,0.6557427654495347
2022-02-06,0.2844021089806925
2022-02-07,0.7904399687082951
2022-02-08,0.8998385694759443
2022-02-09,0.3483808581395062
2022-02-10,0.6018066895194727
2022-02-11,0.8319500365198498
2022-02-12,1.0104071823520364
2022-02-13,0.6982373950467181
2022-02-14,0.8133652857032339
2022-02-15,0.5651269508790354
2022-02-16,0.34406194459042216
2022-02-17,1.1859102236581307
2022-02-18,0.31354182493993143
2022-02-19,0.7775896308551595
2022-02-20,0.17938925237210968
2022-02-21,0.4725114065437671
2022-02-22,0.3790182749477798
2022-02-23,1.5614395930322766
2022-02-24,0.33804697286054536
2022-02-25,0.993097190983117
2022-02-26,1.5343621184715255
2022-02-27,1.6075273818502183
2022-02-28,1.6714503284575428
2022-03-01,0.34791352445009094
2022-03-02,1.6176697727879492
2022-03-03,1.7275312731735262
2022-03-04,1.677325054831317
2022-03-05,1.6098386615058096
2022-03-06,1.474477216414025
2022-03-07,1.7635852507518082
2022-03-08,1.8910797679937232
2022-03-09,1.9763011018194871
2022-03-10,2.0792010024031398
2022-03-11,2.0273482645854535
2022-03-12,1.5658131184265138
2022-03-13,1.5918169299669171
2022-03-14,1.678767958297045
2022-03-15,1.5066002912393741
2022-03-16,1.6314831390987279
2022-03-17,2.0465170296920703
2022-03-18,2.4445030324325767
2022-03-19,2.4875878259038786
2022-03-20,1.1351980778664492
2022-03-21,2.458582620495752
2022-03-22,2.5232265997042034
2022-03-23,2.7859983164065265
2022-03-24,2.611395161991078
2022-03-25,2.691245209341526
2022-03-26,2.7669405716650237
2022-03-27,2.7897775927588335
2022-03-28,1.9140442348219202
2022-03-29,2.4724311162520367
2022-03-30,1.5626193730720288
2022-03-31,0.5347495147065865
2022-04-01,1.9390109066521677
2022-04-02,2.4269552471059557
2022-04-03,2.0687573649033544
2022-04-04,0.4012325380836255
2022-04-05,0.8740665801799709
2022-04-06,1.1880301408513723
2022-04-07,1.5185271053120026
2022-04-08,1.8814347896036716
2022-04-09,1.8603090476602755
2022-04-10,2.897184489608152
2022-04-11,2.9706167492531645
2022-04-12,2.5962668954007415
2022-04-13,2.013377397375311
2022-04-14,3.4692841911274375
2022-04-15,1.1897811989960407
2022-04-16,3.401299598987836
2022-04-17,3.8627673917501077
2022-04-18,3.8754144628355482
2022-04-19,3.842006508930001
2022-04-20,4.077189059562975
2022-04-21,4.035109759153285
2022-04-22,3.923841704718747
2022-04-23,3.9965179188341318
2022-04-24,4.082279383590214
2022-04-25,0.8994702897649909
2022-04-26,2.943400520293352
2022-04-27,2.0777975748759525
2022-04-28,2.4380013679406156
2022-04-29,1.9003184342403463
2022-04-30,1.3232603133791223
2022-05-01,3.39132999966763
2022-05-02,4.4025607897280015
2022-05-03,1.3278329875791826
2022-05-04,3.601350661903609
2022-05-05,2.7355429930427038
2022-05-06,4.179754064309821
2022-05-07,3.081589394928144
2022-05-08,4.224734934172084
2022-05-09,4.511460943320129
2022-05-10,2.423098719762506
2022-05-11,2.828231750224731
2022-05-12,4.7278078061563305
2022-05-13,3.847575207989395
2022-05-14,4.547595632841793
2022-05-15,4.93808487648534
2022-05-16,2.601882524528818
2022-05-17,3.676567412378725
2022-05-18,3.9374699704782383
2022-05-19,1.9828147605407576
2022-05-20,1.7298092087773087
2022-05-21,3.6625124271629224
2022-05-22,4.825556798730185
2022-05-23,1.8024412722036327
2022-05-24,3.0551368154596243
2022-05-25,3.331314959117525
2022-05-26,3.585532628966269
2022-05-27,3.729359391793107
2022-05-28,3.6776189693410606
2022-05-29,2.214582286200066
2022-05-30,2.244264938859858
2022-05-31,3.2027631380619797
2022-06-01,3.1426775120169426
2022-06-02,4.435092262528671
2022-06-03,5.348795777315939
2022-06-04,3.3655131931231623
2022-06-05,1.4126931046684263
2022-06-06,1.7624339296107345
2022-06-07,2.1468709116332887
2022-06-08,1.676149366909425
2022-06-09,5.135026875587257
2022-06-10,3.804629424510665
2022-06-11,5.425281644436748
2022-06-12,5.2031796604804015
2022-06-13,4.302114200850364
2022-06-14,3.658405437515472
2022-06-15,5.419661861622317
2022-06-16,5.000737742813689
2022-06-17,5.192598235242622
2022-06-18,4.347222248759958
2022-06-19,2.550470714323159
2022-06-20,4.6382070302806415
2022-06-21,4.7110031074059355
2022-06-22,5.569153769662241
2022-06-23,5.772202306890142
2022-06-24,3.0871184749759
2022-06-25,2.863106151287875
2022-06-26,3.2711489374710396
2022-06-27,1.3495186988847099
2022-06-28,5.033588119805805
2022-06-29,5.182271321748293
2022-06-30,4.0128708759400835
2022-07-01,4.469632804574371
2022-07-02,3.7778848565487566
2022-07-03,4.1473040562679655
2022-07-04,5.141585835804735
2022-07-05,3.752981150843347
2022-07-06,3.443157247624456
2022-07-07,2.491113009165281
2022-07-08,4.882714816933635
2022-07-09,3.254140553422388
2022-07-10,2.9022134507265305
2022-07-11,3.410079245258802
2022-07-12,4.025489460155568
2022-07-13,5.073537593919863
2022-07-14,4.132470498700494
2022-07-15,3.888684961405994
2022-07-16,4.390468242460492
2022-07-17,4.958305489521396
2022-07-18,5.402972455631059
2022-07-19,5.576695136680438
2022-07-20,4.223971047465536
2022-07-21,0.9318059232759688
2022-07-22,2.3329514762606305
2022-07-23,4.283779168449631
2022-07-24,4.982952478549723
2022-07-25,2.974246650814048
2022-07-26,2.7041417672876435
2022-07-27,2.9993503448423953
2022-07-28,3.3865526015182223
2022-07-29,4.537448800665666
2022-07-30,3.6399497032080084
2022-07-31,1.0347400314554573
2022-08-01,3.907229823348527
2022-08-02,4.094683489965244
2022-08-03,4.610729196553866
2022-08-04,4.021470542288194
2022-08-05,3.195799816899596
2022-08-06,4.009561242025361
2022-08-07,4.379569141899604
2022-08-08,2.381151664911291
2022-08-09,4.644649531722611
2022-08-10,4.7980947654682735
2022-08-11,4.951574303699648
2022-08-12,4.896257248505279
2022-08-13,4.905714737687893
2022-08-14,4.507689889172186
2022-08-15,3.029625842553266
2022-08-16,3.156431314428831
2022-08-17,0.843232858864777
2022-08-18,2.653389806491522
2022-08-19,3.158312825124043
2022-08-20,4.023380828589788
2022-08-21,3.55478685862654
2022-08-22,4.183701249154953
2022-08-23,3.216863802500482
2022-08-24,2.987097479818972
2022-08-25,4.028556330791972
2022-08-26,1.5589295755495869
2022-08-27,2.4754819525652727
2022-08-28,3.1445438126749585
2022-08-29,2.121113979563028
2022-08-30,3.735007582841569
2022-08-31,3.891349681250156
2022-09-01,3.9134260901380062
2022-09-02,3.509554583694276
2022-09-03,3.733378745704022
2022-09-04,2.906563092097068
2022-09-05,3.0232656133792055
2022-09-06,3.0120826495593387
2022-09-07,2.591085724583465
2022-09-08,2.0748170836180972
2022-09-09,1.415391817311404
2022-09-10,2.5831725284751768
2022-09-11,2.3678593670408112
2022-09-12,2.8616036022502094
2022-09-13,2.773643678016885
2022-09-14,1.5886393800896028
2022-09-15,2.0457460784681056
2022-09-16,2.1770620451230562
2022-09-17,2.0634378862693636
2022-09-18,0.5484674346826162
2022-09-19,1.4796359809273767
2022-09-20,1.481100972589636
2022-09-21,2.34404025536245
2022-09-22,2.343706536841716
2022-09-23,0.4899853465286645
2022-09-24,1.849788225674934
2022-09-25,1.946288611932974
2022-09-26,0.8047263843179082
2022-09-27,0.6341894752882234
2022-09-28,1.9832932621853412
2022-09-29,1.9420585226705263
2022-09-30,1.929054385791307
2022-10-01,1.6679270702732283
2022-10-02,1.8112682057235765
2022-10-03,1.582545722770584
2022-10-04,1.7887768435154354
2022-10-05,0.851163209673771
2022-10-06,2.1608900246860645
2022-10-07,1.2479418556876074
2022-10-08,1.8365577699029936
2022-10-09,1.9329834843915121
2022-10-10,0.8736047496573786
2022-10-11,1.8603237633073961
2022-10-12,1.4985749803764223
2022-10-13,0.5783311909100436
2022-10-14,0.46226684149895936
2022-10-15,0.6965233485610792
2022-10-16,1.6365671469000347
2022-10-17,0.4541682959632552
2022-10-18,1.7370308097460396
2022-10-19,1.300984977756502
2022-10-20,0.3705154141127817
2022-10-21,0.9601311167274525
2022-10-22,0.8901669646813283
2022-10-23,0.5865168898706484
2022-10-24,0.605900870936988
2022-10-25,1.0812382124873898
2022-10-26,1.1962733232206724
2022-10-27,0.9265678157040453
2022-10-28,0.872032520447229
2022-10-29,0.761581788848413
2022-10-30,1.0428752961707417
2022-10-31,0.9249232043627142
2022-11-01,0.9829182876052689
2022-11-02,1.0909367945890278
2022-11-03,0.5388815918386006
2022-11-04,0.6573419825829074
2022-11-05,0.5233916158083682
2022-11-06,0.17437608429517068
2022-11-07,0.4412079898720788
2022-11-08,0.6338248117010672
2022-11-09,0.5029153596787389
2022-11-10,0.4116729389645301
2022-11-11,0.3959767384066293
2022-11-12,0.6518391837854657
2022-11-13,1.049356154152031
2022-11-14,0.7664571047292026
2022-11-15,0.7399489012595971
2022-11-16,0.7999608835639799
2022-11-17,0.1840233832296284
2022-11-18,0.3370133575993784
2022-11-19,0.6845174695357693
2022-11-20,0.2220336446343682
2022-11-21,0.21608046562359157
2022-11-22,0.19598879047892576
2022-11-23,0.49717499799126036
2022-11-24,0.6427342712429646
2022-11-25,0.5840118541062668
2022-11-26,0.4989263249863624
2022-11-27,0.09960955199612748
2022-11-28,0.2817235419723802
2022-11-29,0.4759852371991552
2022-11-30,0.3223628259793976
2022-12-01,0.5411929516244948
2022-12-02,0.20562403666028667
2022-12-03,0.15834810263950663
2022-12-04,0.048768286375133287
2022-12-05,0.14850927723423912
2022-12-06,0.362535413421069
2022-12-07,0.38307149604305046
2022-12-08,0.24801137637830864
2022-12-09,0.2765677753415078
2022-12-10,0.12012292359877566
2022-12-11,0.2345810652662129
2022-12-12,0.39444507583760713
2022-12-13,0.3904933850278103
2022-12-14,0.5335679583808337
2022-12-15,0.4717608388669459
2022-12-16,0.45938754378286284
2022-12-17,0.3691587302726913
2022-12-18,0.13682850367856142
2022-12-19,0.11815581928250403
2022-12-20,0.09834020069279067
2022-12-21,0.2892407107386875
2022-12-22,0.4192151206724682
2022-12-23,0.06429798958693174
2022-12-24,0.2913416091293402
2022-12-25,0.0840899631465497
2022-12-26,0.328854909532835
2022-12-27,0.2926798854711574
2022-12-28,0.11782896113605394
2022-12-29,0.33911579984961604
2022-12-30,0.14448474603950354
2022-12-31,0.11922294975855274
2023-01-01,0.30215525379732616
2023-01-02,0.20923974926835687
2023-01-03,0.1655049768201991
2023-01-04,0.2252816500030621
2023-01-05,0.3077513128210741
2023-01-06,0.38391196946268447
2023-01-07,0.3420106898237114
2023-01-08,0.5146708646717262
2023-01-09,0.34464134437065064
2023-01-10,0.15181981744806902
2023-01-11,0.4795604712705442
2023-01-12,0.16509101411292024
2023-01-13,0.24045227969928265
2023-01-14,0.08248448879228205
2023-01-15,0.28141038600739354
2023-01-16,0.07459636801101409
2023-01-17,0.544432739000909
2023-01-18,0.3202899411077673
2023-01-19,0.6529693486086995
2023-01-20,0.19684399219604223
2023-01-21,0.43677977506527493
2023-01-22,0.20443067782248547
2023-01-23,0.20977213972360156
2023-01-24,0.12764261553637182
2023-01-25,0.14517130835305403
2023-01-26,0.5299947227932539
2023-01-27,0.24238608114778237
2023-01-28,0.6454652507023033
2023-01-29,0.18400637616110868
2023-01-30,0.5961588005047161
2023-01-31,0.5959684415184383
2023-02-01,0.2533736242004018
2023-02-02,0.2474390178925666
2023-02-03,0.24228046405441994
2023-02-04,0.5782160086730089
2023-02-05,0.7402421186427007
2023-02-06,0.7804853584425864
2023-02-07,0.9792655031228715
2023-02-08,1.0105440200356428
2023-02-09,0.3444109036480948
2023-02-10,0.8915053884855684
2023-02-11,0.803688395141603
2023-02-12,0.2798199122262156
2023-02-13,0.6583670455946948
2023-02-14,1.1889204741475676
2023-02-15,1.0140366091304414
2023-02-16,0.5388862116003541
2023-02-17,0.6385073370735401
2023-02-18,0.7213155872492655
2023-02-19,0.3538868409012082
2023-02-20,0.6125556062622527
2023-02-21,0.28319153967588034
2023-02-22,0.4633466152576833
2023-02-23,0.3263188516296111
2023-02-24,0.7286612790569205
2023-02-25,1.2923966340323148
2023-02-26,1.3579558152201994
2023-02-27,1.3414540856513903
2023-02-28,0.9854839592695847
2023-03-01,1.560684931009085
2023-03-02,1.0165558448333956
2023-03-03,0.97924222642504
2023-03-04,0.7322180566634073
2023-03-05,1.1554740322186767
2023-03-06,0.9714015116433941
2023-03-07,0.582289896180589
2023-03-08,0.8356869885955287
2023-03-09,0.6112207288679684
2023-03-10,0.22736224214545514
2023-03-11,1.5898714130336122
2023-03-12,0.9382102810147592
2023-03-13,1.9429866523591859
2023-03-14,1.4010208225308618
2023-03-15,2.024482623774697
2023-03-16,1.0686483014256707
2023-03-17,1.426440149581389
2023-03-18,1.6937165746188483
2023-03-19,0.5458688764399254
2023-03-20,0.4505477988598518
2023-03-21,0.9189671277828885
2023-03-22,0.43842086757622817
2023-03-23,2.374587414180032
2023-03-24,2.3454876043276327
2023-03-25,1.6169538934710732
2023-03-26,1.6310351101793803
2023-03-27,1.9198030742742958
2023-03-28,1.2177112114957975
2023-03-29,0.9073604383059919
2023-03-30,2.3264389544821364
2023-03-31,0.8772898952703235
2023-04-01,0.7375594846854732
2023-04-02,2.727572872251663
2023-04-03,2.8385200779598403
2023-04-04,2.6127798671664406
2023-04-05,2.7998147352046514
2023-04-06,0.8295101528129077
2023-04-07,0.6217155537821264
2023-04-08,2.6605227749788583
2023-04-09,2.0771989623503773
2023-04-10,1.0422072279233012
2023-04-11,2.525511789824711
2023-04-12,2.2415793999753197
2023-04-13,1.9978263037947062
2023-04-14,3.3249831358174675
2023-04-15,2.434338608271631
2023-04-16,0.6313622906443093
2023-04-17,2.722385634947092
2023-04-18,2.9502909446040926
2023-04-19,3.720538931014388
2023-04-20,1.906776843590205
2023-04-21,1.161604068526718
2023-04-22,1.4839084823961357
2023-04-23,2.229717656131603
2023-04-24,1.447641772732812
2023-04-25,2.8152029787752024
2023-04-26,2.3163685039447164
2023-04-27,3.0891954131985164
2023-04-28,1.0472034461818887
2023-04-29,4.002357113485702
2023-04-30,3.838042262249555
2023-05-01,1.874096919865692
2023-05-02,2.354515367657744
2023-05-03,3.6266466779461317
2023-05-04,3.840570757142004
2023-05-05,2.184746764919693
2023-05-06,3.0145615262062373
2023-05-07,2.554137313961924
2023-05-08,2.291179503442879
2023-05-09,0.768861967934876
2023-05-10,1.5119369695187304
2023-05-11,2.5524212175875873
2023-05-12,3.5302174122122807
2023-05-13,4.719015766709015
2023-05-14,3.6177282677061715
2023-05-15,1.0578858583155148
2023-05-16,3.263003092659375
2023-05-17,4.187163718210686
2023-05-18,3.1451695228426573
2023-05-19,4.5656731199022556
2023-05-20,3.8471554206408416
2023-05-21,3.56586236756655
2023-05-22,4.381400634242393
2023-05-23,3.447091989033008
2023-05-24,2.891902760579276
2023-05-25,3.717636378025877
2023-05-26,4.714454195907639
2023-05-27,4.5306203807346535
2023-05-28,4.6799847544687445
2023-05-29,4.130361781372209
2023-05-30,1.4075999633102247
2023-05-31,4.961437017431728
2023-06-01,1.49381877986487
2023-06-02,3.2358419377218186
2023-06-03,5.316754871951515
2023-06-04,5.039866957489313
2023-06-05,4.531761446179677
2023-06-06,4.998490376894757
2023-06-07,4.786613471846457
2023-06-08,4.993297054380357
2023-06-09,5.51273740745322
2023-06-10,5.867952159721687
2023-06-11,5.720857780156425
2023-06-12,5.789352472440807
2023-06-13,5.845851334201621
2023-06-14,5.774667414594638
2023-06-15,5.708249344039759
2023-06-16,5.725354121208194
2023-06-17,5.275963516187293
2023-06-18,2.713224683381507
2023-06-19,3.8233330901310696
2023-06-20,3.983945365776311
2023-06-21,5.4150538610280465
2023-06-22,3.096168982382678
2023-06-23,5.327762738879066
2023-06-24,5.706678951966369
2023-06-25,5.908532338175846
2023-06-26,4.866817916972008
2023-06-27,3.821761687114908
2023-06-28,2.4015819865854664
2023-06-29,1.7637738763275959
2023-06-30,4.3578480435209315
2023-07-01,1.2847390634826303
2023-07-02,3.813251985813413
2023-07-03,3.1240105962335303
2023-07-04,3.416195550781478
2023-07-05,1.7658740351704372
2023-07-06,5.004743430460026
2023-07-07,5.73006053731064
2023-07-08,5.435826398007411
2023-07-09,3.3646838011186637
2023-07-10,5.288532091521635
2023-07-11,4.782986799065485
2023-07-12,4.677500183162125
2023-07-13,4.305880208021822
2023-07-14,2.816903541156022
2023-07-15,3.652808929963637
2023-07-16,3.401446098453272
2023-07-17,4.457170532037863
2023-07-18,4.136660512907481
2023-07-19,1.9646183892859117
2023-07-20,3.206480171663199
2023-07-21,3.206222497103888
2023-07-22,1.6700943170490952
2023-07-23,2.5599724351837367
2023-07-24,2.3550783538620337
2023-07-25,3.2754680810120247
2023-07-26,3.9210601557319777
2023-07-27,1.3251253107883754
2023-07-28,2.293568063425879
2023-07-29,3.458441407097691
2023-07-30,2.9093174348608
2023-07-31,1.3581636185938915
2023-08-01,2.7542517149587185
2023-08-02,2.3167186080872093
2023-08-03,1.9770192936830666
2023-08-04,2.7425502241013104
2023-08-05,1.8602113392385582
2023-08-06,1.3536812152704296
2023-08-07,3.9327183588478074
2023-08-08,3.200783819591569
2023-08-09,3.7763143641388974
2023-08-10,2.952036891201761
2023-08-11,3.7030185839872285
2023-08-12,3.25981757503086
2023-08-13,2.560231205067043
2023-08-14,3.6946692297562325
2023-08-15,4.105740387360543
2023-08-16,3.92390314716591
2023-08-17,2.9194299606138525
2023-08-18,3.0794514219713958
2023-08-19,2.3433425897847235
2023-08-20,4.424250124641556
2023-08-21,4.172668163336242
2023-08-22,3.7332998692961867
2023-08-23,3.8686170297684948
2023-08-24,1.1145928219261987
2023-08-25,1.5864808256361211
2023-08-26,1.7569096752806352
2023-08-27,2.22840692984493
2023-08-28,3.156336960551885
2023-08-29,1.9214038320761169
2023-08-30,2.07225857217505
2023-08-31,3.2371142568508797
2023-09-01,2.0452602321018563
2023-09-02,2.7504710731400874
2023-09-03,3.105684754954855
2023-09-04,3.337173527650557
2023-09-05,3.868376298659582
2023-09-06,3.8279111760119213
2023-09-07,3.846503148480077
2023-09-08,3.5761515050232973
2023-09-09,3.375904866142315
2023-09-10,3.254286298214225
2023-09-11,2.279331881882941
2023-09-12,1.796472198106122
2023-09-13,2.3707344944113355
2023-09-14,2.5422855102653843
2023-09-15,3.0035258449460773
2023-09-16,2.849257760889764
2023-09-17,0.8705314178081872
2023-09-18,1.558884232315702
2023-09-19,1.0659212645637859
2023-09-20,1.1434525108737124
2023-09-21,0.6759736296249671
2023-09-22,1.4476396096926292
2023-09-23,1.8388160021098305
2023-09-24,2.4936860801310026
2023-09-25,1.677178428246304
2023-09-26,1.8234626830447955
2023-09-27,1.835477630325557
2023-09-28,0.955539297595348
2023-09-29,1.3579049604348703
2023-09-30,1.9863269162040607
2023-10-01,1.97747998405394
2023-10-02,1.5585804410476594
2023-10-03,0.8957100204564193
2023-10-04,1.5486073651837515
2023-10-05,1.4209524540310305
2023-10-06,1.3069194067833727
2023-10-07,1.2829741406573574
2023-10-08,1.3527705081894998
2023-10-09,0.6417732552248324
2023-10-10,1.5387359625795742
2023-10-11,1.0119232429049436
2023-10-12,0.3623975669549074
2023-10-13,0.4870167042161165
2023-10-14,1.6585774736269
2023-10-15,1.14836778458651
2023-10-16,1.1122860012831561
2023-10-17,1.6100038970091393
2023-10-18,1.0755079090177626
2023-10-19,0.5213876461544599
2023-10-20,0.15408769046801365
2023-10-21,0.7850637207999894
2023-10-22,1.1611997455027367
2023-10-23,0.5668495507410628
2023-10-24,0.3434930446982612
2023-10-25,0.30180172476448386
2023-10-26,0.6461037158790889
2023-10-27,0.3222710012368544
2023-10-28,0.46056396292108126
2023-10-29,0.854243678747357
2023-10-30,0.8611982398567223
2023-10-31,0.7975259397152344
2023-11-01,0.4807278101603527
2023-11-02,0.3234602649599268
2023-11-03,0.3976730711166597
2023-11-04,0.3125539268025808
2023-11-05,0.3757839685173188
2023-11-06,0.340272959222794
2023-11-07,0.5521509771891568
2023-11-08,0.4303114839418119
2023-11-09,0.5685565067054035
2023-11-10,0.13936654602449988
2023-11-11,0.683225186822828
2023-11-12,0.5015018519136483
2023-11-13,0.24329553608750012
2023-11-14,0.46220982595618304
2023-11-15,0.4918724838656154
2023-11-16,0.3683532742910709
2023-11-17,0.5232141085730172
2023-11-18,0.0819939539777102
2023-11-19,0.4351281527206533
2023-11-20,0.5707991646808008
2023-11-21,0.37254827415843905
2023-11-22,0.30913156745921383
2023-11-23,0.5200874978840947
2023-11-24,0.4372991017796334
2023-11-25,0.44435443689456877
2023-11-26,0.22624991397799643
2023-11-27,0.07833196031660124
2023-11-28,0.4966349065000308
2023-11-29,0.2984888108009141
2023-11-30,0.5718216214833277
2023-12-01,0.5169804438753658
2023-12-02,0.3442010803983869
2023-12-03,0.3099610833948835
2023-12-04,0.16761465930787103
2023-12-05,0.1266934819940056
2023-12-06,0.2872333462881898
2023-12-07,0.11059755651596616
2023-12-08,0.10607395324122665
2023-12-09,0.08644345190077736
2023-12-10,0.200518214901744
2023-12-11,0.26994331108756936
2023-12-12,0.13219591706523368
2023-12-13,0.2588012076510145
2023-12-14,0.29094124054750575
2023-12-15,0.24652693748665974
2023-12-16,0.103951412274219
2023-12-17,0.38462138555747855
2023-12-18,0.19655462227440182
2023-12-19,0.08183390539264385
2023-12-20,0.25422892714381756
2023-12-21,0.1777500228832815
2023-12-22,0.1880579064065558
2023-12-23,0.18043542168668378
2023-12-24,0.0830059885014442
2023-12-25,0.32096914934724624
2023-12-26,0.23650328733255124
2023-12-27,0.0657464010590359
2023-12-28,0.26382158915719783
2023-12-29,0.22894393541544972
2023-12-30,0.20472647157124832
2023-12-31,0.1647199179231714
2024-01-01,0.2712749253891462
2024-01-02,0.12880450494341514
2024-01-03,0.19010581853804986
2024-01-04,0.17816601154140793
2024-01-05,0.1587679790139093
2024-01-06,0.15150772598208062
2024-01-07,0.3612730621353423
2024-01-08,0.19728697776354542
2024-01-09,0.46003009523206206
2024-01-10,0.4739478089240776
2024-01-11,0.1435567410280365
2024-01-12,0.22800049542844839
2024-01-13,0.16979630048928443
2024-01-14,0.16150580126751074
2024-01-15,0.37264465036358263
2024-01-16,0.35204413462816914
2024-01-17,0.16582080169413746
2024-01-18,0.5694757179272244
2024-01-19,0.5984916727155696
2024-01-20,0.3367179872062357
2024-01-21,0.13503503075282036
2024-01-22,0.637897866131375
2024-01-23,0.45583733960535266
2024-01-24,0.5548135666313266
2024-01-25,0.37350587928763634
2024-01-26,0.5828767368807835
2024-01-27,0.6851200082111228
2024-01-28,0.7487365132130125
2024-01-29,0.6046252782655563
2024-01-30,0.2570899182098608
2024-01-31,0.2121408856456832
2024-02-01,0.8299644375080589
2024-02-02,0.32789651621886096
2024-02-03,0.6206760533379486
2024-02-04,0.30640798338668496
2024-02-05,0.398531004145788
2024-02-06,0.4680007675615107
2024-02-07,0.6420057763357595
2024-02-08,0.15443442564980492
2024-02-09,0.3431947348584482
2024-02-10,0.5723371636692406
2024-02-11,0.43178575239065164
2024-02-12,0.8144158899174594
2024-02-13,0.7885462469594702
2024-02-14,0.22911650671200065
2024-02-15,0.4720421732284965
2024-02-16,0.3043160373289556
2024-02-17,0.42314640643322815
2024-02-18,0.16410776228705498
2024-02-19,0.32520928462951576
2024-02-20,0.5925355270860235
2024-02-21,0.352619732665391
2024-02-22,0.5540202383110379
2024-02-23,0.7632508164301649
2024-02-24,0.5800511165541915
2024-02-25,0.5931599680022301
2024-02-26,0.5756869402909252
2024-02-27,1.0845767687094854
2024-02-28,0.8400360526390008
2024-02-29,0.26994377664172003
2024-03-01,1.0525232709488475
2024-03-02,1.649062436407685
2024-03-03,1.1216668530882723
2024-03-04,1.2505170919394692
2024-03-05,0.47855614780595973
2024-03-06,1.5634633261963953
2024-03-07,1.6090315376125925
2024-03-08,1.7565948863949736
2024-03-09,1.7452268872733705
2024-03-10,1.0223618714649152
2024-03-11,0.2756606966377752
2024-03-12,0.8526628243623946
2024-03-13,0.6933771922377051
2024-03-14,2.154337087508913
2024-03-15,1.4820977958902413
2024-03-16,1.0259227858943587
2024-03-17,0.9689895406315009
2024-03-18,2.186855103350575
2024-03-19,1.6534465942340606
2024-03-20,1.2402672344659478
2024-03-21,0.6314491076207108
2024-03-22,0.5581987199538763
2024-03-23,1.4119170063009212
2024-03-24,1.0022809256220186
2024-03-25,1.972662288735272
2024-03-26,1.7581169226347901
2024-03-27,1.2846303024206516
2024-03-28,1.3545907483145996
2024-03-29,2.19581768257536
2024-03-30,0.38070165044862925
2024-03-31,1.6024687966959668
2024-04-01,1.1727774130402662
2024-04-02,1.2419889955900885
2024-04-03,0.9850193139206256
2024-04-04,1.7658748843137786
2024-04-05,1.849884288576092
2024-04-06,2.72218161051948
2024-04-07,3.3607557729969053
2024-04-08,2.22992641645846
2024-04-09,1.0121614662099576
2024-04-10,3.2030610015374696
2024-04-11,1.0659693459393582
2024-04-12,2.9916254330848155
2024-04-13,2.9289698018867254
2024-04-14,3.166309326658715
2024-04-15,0.8349743961889214
2024-04-16,1.7057950429132331
2024-04-17,1.78222674590227
2024-04-18,2.1303501968737644
2024-04-19,1.790157853720205
2024-04-20,2.2043859744402705
2024-04-21,2.9389022131775215
2024-04-22,2.469948826577789
2024-04-23,2.463056575909556
2024-04-24,1.7970368258093117
2024-04-25,1.385931485550941
2024-04-26,2.9401907262148836
2024-04-27,1.6334472126441708
2024-04-28,1.7816626768624513
2024-04-29,3.8047613978263413
2024-04-30,2.9561948102199245
2024-05-01,4.149964586278671
2024-05-02,4.597138185212518
2024-05-03,0.6807508551832001
2024-05-04,2.9907837291025468
2024-05-05,3.645336341042864
2024-05-06,3.674807984288463
2024-05-07,4.264275648999429
2024-05-08,1.5988214880621356
2024-05-09,3.38961177449612
2024-05-10,3.8692381111825687
2024-05-11,4.656669488560417
2024-05-12,4.817409172958179
2024-05-13,4.2123462998937935
2024-05-14,4.8045966694278315
2024-05-15,3.3187145628634305
2024-05-16,3.0711530085170518
2024-05-17,2.015456523432336
2024-05-18,4.965416653422847
2024-05-19,4.983578141855374
2024-05-20,2.236366322436857
2024-05-21,3.9868580615028
2024-05-22,1.6164030691565008
2024-05-23,3.671410034658127
2024-05-24,2.9099205093687996
2024-05-25,3.4125660507196787
2024-05-26,2.684151997998784
2024-05-27,4.057497459502672
2024-05-28,2.9322159698209838
2024-05-29,2.791298176058129
2024-05-30,2.8988567807514896
2024-05-31,3.1797808866322956
2024-06-01,0.9961623106154373
2024-06-02,2.7822663287121645
2024-06-03,2.433376236060365
2024-06-04,2.0310745570682247
2024-06-05,4.458950281115079
2024-06-06,3.0362815287908065
2024-06-07,4.3403949020864445
2024-06-08,2.6216144474587524
2024-06-09,2.7769608350145694
2024-06-10,0.8397294618224241
2024-06-11,3.5326150105392693
2024-06-12,2.70958710628978
2024-06-13,3.697943511636937
2024-06-14,1.6209388843258603
2024-06-15,2.5651267005515987
2024-06-16,3.2036823624705035
2024-06-17,5.136757145062487
2024-06-18,2.34787535749352
2024-06-19,3.926244278744424
2024-06-20,3.3910312999829384
2024-06-21,1.6354664765345315
2024-06-22,4.657689391827366
2024-06-23,5.4022637627410885
2024-06-24,5.642817292620654
2024-06-25,5.794662737288787
2024-06-26,5.920291627255137
2024-06-27,5.231581478249639
2024-06-28,4.702838048000346
2024-06-29,5.232429941750451
2024-06-30,3.44220431010438
2024-07-01,3.011326014664891
2024-07-02,2.3787394060966864
2024-07-03,2.1893386181902645
2024-07-04,4.120779066577691
2024-07-05,1.6810382844640235
2024-07-06,2.917577566958833
2024-07-07,3.1864366278020553
2024-07-08,4.1925869698277545
2024-07-09,3.2430991125699635
2024-07-10,4.031105482851952
2024-07-11,4.162109387820466
2024-07-12,0.8194408285314675
2024-07-13,2.7308130862865325
2024-07-14,4.249521773244573
2024-07-15,4.445277576492934
2024-07-16,2.2381648997386927
2024-07-17,3.4200796105055447
2024-07-18,4.7768406360849704
2024-07-19,3.749936112135402
2024-07-20,5.109437718334057
2024-07-21,2.365640552149998
2024-07-22,3.773253161519372
2024-07-23,3.4406591821381185
2024-07-24,4.474954440884373
2024-07-25,2.0071969442367483
2024-07-26,3.6544034653865207
2024-07-27,4.519623093951682
2024-07-28,4.692585765379687
2024-07-29,5.2139222877660565
2024-07-30,4.975447849749716
2024-07-31,3.9697113004732736
2024-08-01,2.687387951330329
2024-08-02,4.279661062992242
2024-08-03,2.9408469927315206
2024-08-04,3.1692503133079426
2024-08-05,4.262723967704159
2024-08-06,4.52327056775347
2024-08-07,4.451729217794126
2024-08-08,4.619827945725592
2024-08-09,2.113379211126516
2024-08-10,3.637179821875001
2024-08-11,3.7440459567868705
2024-08-12,4.824056716707126
2024-08-13,2.6146826848804943
2024-08-14,1.576962957940781
2024-08-15,3.937301169854747
2024-08-16,2.0623348089130644
2024-08-17,4.130609446960036
2024-08-18,3.2436738424509497
2024-08-19,3.6365049666655653
2024-08-20,1.850213804916303
2024-08-21,2.933747957140066
2024-08-22,2.0575856121578746
2024-08-23,2.109009250961381
2024-08-24,1.7623782688479916
2024-08-25,3.5354928198568247
2024-08-26,2.6701364952560787
2024-08-27,3.817107130275798
2024-08-28,4.05537376574637
2024-08-29,2.843436624612996
2024-08-30,2.591850189356487
2024-08-31,3.5205171421561707
2024-09-01,3.403501151219027
2024-09-02,3.4041745797870333
2024-09-03,1.758356362276816
2024-09-04,1.162342663252436
2024-09-05,2.836507736832281
2024-09-06,2.8925772100424987
2024-09-07,2.6752967681666107
2024-09-08,2.527040877598261
2024-09-09,2.1586742749238037
2024-09-10,0.7752415339093648
2024-09-11,1.2600801858992843
2024-09-12,1.6598372975907205
2024-09-13,2.4523264017680817
2024-09-14,2.5723734607819035
2024-09-15,2.5401402357044507
2024-09-16,2.0857493978594666
2024-09-17,1.8584561827707977
2024-09-18,2.675276584696716
2024-09-19,2.315648188907336
2024-09-20,2.81201633377456
2024-09-21,2.776901235995217
2024-09-22,2.3320089718518022
2024-09-23,1.6952239313601816
2024-09-24,0.9344569276849819
2024-09-25,0.584640635068436
2024-09-26,1.8044022586939745
2024-09-27,0.29154808469561216
2024-09-28,1.7285079005931194
2024-09-29,1.8955647765546302
2024-09-30,0.671930609750781
2024-10-01,0.3041389534531468
2024-10-02,1.0900291556134392
2024-10-03,1.9009142682028544
2024-10-04,2.1383560563272086
2024-10-05,2.096352924545692
2024-10-06,1.617895846428941
2024-10-07,1.7433801340701383
2024-10-08,1.4401762412828676
2024-10-09,0.9181534290393794
2024-10-10,1.135222974326597
2024-10-11,1.5268264951665802
2024-10-12,0.8905739090967962
2024-10-13,1.2554825997957417
2024-10-14,0.9205249150291767
2024-10-15,1.5843493916296063
2024-10-16,1.0616997253253446
2024-10-17,0.6741946715246209
2024-10-18,0.6208233743885307
2024-10-19,0.5885905715380952
2024-10-20,0.7842875954241801
2024-10-21,0.3567304176451881
2024-10-22,1.3342100541969628
2024-10-23,0.5107796859941353
2024-10-24,0.9584707316513227
2024-10-25,1.191983286641619
2024-10-26,1.2530310256299169
2024-10-27,1.1851608373460933
2024-10-28,0.3480083438332265
2024-10-29,0.7921243672078259
2024-10-30,0.534054663864909
2024-10-31,0.3408133433209853
2024-11-01,0.2808919661583328
2024-11-02,1.0618997216022015
2024-11-03,1.0631075198398432
2024-11-04,1.0499256689651861
2024-11-05,0.9738857761511933
2024-11-06,0.29021529186146044
2024-11-07,0.19083081651572384
2024-11-08,0.12398426588017308
2024-11-09,0.09589411422965473
2024-11-10,0.14612546274584556
2024-11-11,0.7849934814713205
2024-11-12,0.8017910249997199
2024-11-13,0.34601434392349706
2024-11-14,0.31951358346854
2024-11-15,0.22383134659764606
2024-11-16,0.12062767042277596
2024-11-17,0.42212482378300215
2024-11-18,0.49361309141340365
2024-11-19,0.2285213095376003
2024-11-20,0.2238970850629603
2024-11-21,0.14967100831073388
2024-11-22,0.18515807902638176
2024-11-23,0.14441824431509795
2024-11-24,0.573077700568455
2024-11-25,0.17084761837458562
2024-11-26,0.21476514993067608
2024-11-27,0.045509392102031636
2024-11-28,0.5853303492293728
2024-11-29,0.5641302987371727
2024-11-30,0.3677691556482371
2024-12-01,0.45887939807028694
2024-12-02,0.25325111806962136
2024-12-03,0.3336078518920536
2024-12-04,0.18523558097716053
2024-12-05,0.0659807685218749
2024-12-06,0.19860175433026364
2024-12-07,0.2554614848669612
2024-12-08,0.3905003823859613
2024-12-09,0.1472719051943074
2024-12-10,0.06806985500242556
2024-12-11,0.19755243943629658
2024-12-12,0.07840781503874938
2024-12-13,0.062339259853959356
2024-12-14,0.14907965030441464
2024-12-15,0.10553905698083876
2024-12-16,0.12021399599243346
2024-12-17,0.34476095686607205
2024-12-18,0.12011821621348387
2024-12-19,0.10409979916756851
2024-12-20,0.33347419601881373
2024-12-21,0.11101882717330679
2024-12-22,0.16998988442350044
2024-12-23,0.32434264848334604
2024-12-24,0.10160264573398257
2024-12-25,0.09131672546512361
2024-12-26,0.06433311933085858
2024-12-27,0.14165483862086609
2024-12-28,0.10475359095382664
2024-12-29,0.06547130360921787
2024-12-30,0.15195618667452251
2024-12-31,0.08351606383903871
2025-01-01,0.055204126626459106
2025-01-02,0.39291154969920333
2025-01-03,0.24774563841668668
2025-01-04,0.16620216067214866
2025-01-05,0.056449183715906785
2025-01-06,0.16843164475192457
2025-01-07,0.23900173611968062
2025-01-08,0.4065326105961794
2025-01-09,0.4472517150753343
2025-01-10,0.287819786026136
2025-01-11,0.5683506613010814
2025-01-12,0.2935770928589399
2025-01-13,0.5667902525589864
2025-01-14,0.2164154775380947
2025-01-15,0.2159418497116188
2025-01-16,0.10431280394978362
2025-01-17,0.11344652962205187
2025-01-18,0.14976241321479128
2025-01-19,0.07804505990756955
2025-01-20,0.060391587337170254
2025-01-21,0.11469415822911995
2025-01-22,0.16975757716650056
2025-01-23,0.375417968945569
2025-01-24,0.1310794735385395
2025-01-25,0.442253195623768
2025-01-26,0.6432159485452031
2025-01-27,0.7010369481247233
2025-01-28,0.33861505547566395
2025-01-29,0.3506339215671757
2025-01-30,0.4450913963872135
2025-01-31,0.8077814194953998
2025-02-01,0.8504747598597237
2025-02-02,0.8798153579146069
2025-02-03,0.6172766284325342
2025-02-04,0.28361344997759824
2025-02-05,0.9828534859342752
2025-02-06,0.7248181848253377
2025-02-07,0.39056532713306064
2025-02-08,0.39713382555420695
2025-02-09,0.37220417076396717
2025-02-10,0.2741439175937088
2025-02-11,0.08913955151320115
2025-02-12,0.14369445181326193
2025-02-13,0.3091554134716706
2025-02-14,0.30648587879116473
2025-02-15,0.38680507725652635
2025-02-16,1.01065073400019
2025-02-17,1.1135317212317266
2025-02-18,1.0114518591848527
2025-02-19,0.815443107005393
2025-02-20,0.5051511930674087
2025-02-21,1.2422228598771465
2025-02-22,0.26123240831810945
2025-02-23,1.0810936287755142
2025-02-24,0.24099604126034546
2025-02-25,0.8354312017011387
2025-02-26,1.4377014853381924
2025-02-27,0.6544383462912018
2025-02-28,1.0286830487276926
2025-03-01,1.2167907878167505
2025-03-02,1.680922964068324
2025-03-03,1.7672438290636387
2025-03-04,1.8131678017396442
2025-03-05,2.0571327730978566
2025-03-06,1.9783353648928048
2025-03-07,2.0589641390027165
2025-03-08,2.215581860716301
2025-03-09,1.9600933959243545
2025-03-10,2.0134109853755264
2025-03-11,1.1329963053172531
2025-03-12,1.1666142501349441
2025-03-13,1.4433064998450666
2025-03-14,1.605929591660157
2025-03-15,1.911396286801059
2025-03-16,1.6532711558667335
2025-03-17,2.234639880637955
2025-03-18,2.3328775626682603
2025-03-19,2.4751147219508707
2025-03-20,2.6919962570365037
2025-03-21,2.654143579481061
2025-03-22,2.11738924735197
2025-03-23,2.0304347370524503
2025-03-24,1.9216739890913788
2025-03-25,1.5893673162108621
2025-03-26,1.555179407435723
2025-03-27,2.7637471123027963
2025-03-28,0.7706249892155024
2025-03-29,2.22854067335354
2025-03-30,2.2373800094040255
2025-03-31,2.4280882026593678
2025-04-01,2.935150725938415
2025-04-02,3.018331538458776
2025-04-03,3.3609556478486233
2025-04-04,3.481673858758234
2025-04-05,3.2203746163248623
2025-04-06,3.1241266962104848
2025-04-07,3.1477960503083757
2025-04-08,3.133039907723781
2025-04-09,1.6215824543642017
2025-04-10,2.8551830193225434
2025-04-11,3.3982370446448535
2025-04-12,3.775570668491828
2025-04-13,2.4949355338999477
2025-04-14,2.977045736509861
2025-04-15,2.8936673665767674
2025-04-16,1.0354619111584287
2025-04-17,1.0884573865638307
2025-04-18,2.5639061566335584
2025-04-19,3.262494961119652
2025-04-20,3.0212389936988857
2025-04-21,0.8369223976059698
2025-04-22,1.7689489235428437
2025-04-23,2.105191999082297
2025-04-24,0.8967097889833706
2025-04-25,2.990976042489962
2025-04-26,3.7122783824029337
2025-04-27,4.333054700443251
2025-04-28,4.350647744496813
2025-04-29,4.396764294419626
2025-04-30,4.617304141652141
2025-05-01,4.698392420885065
2025-05-02,3.4216914929354765
2025-05-03,3.412615289233144
2025-05-04,2.4258019231940144
2025-05-05,3.678731547533804
2025-05-06,1.5121281237693067
2025-05-07,3.1437552293953956
2025-05-08,4.017002373970322
2025-05-09,4.573144853974771
2025-05-10,4.916209191043072
2025-05-11,5.080437193428705
2025-05-12,5.125663768993714
2025-05-13,5.120481596650262
2025-05-14,4.695253749406616
2025-05-15,4.727136470463124
2025-05-16,2.834683083645393
2025-05-17,4.2069611561644455
2025-05-18,3.676297437884407
2025-05-19,5.0405828390408
2025-05-20,5.01701247017033
2025-05-21,4.037593568517793
2025-05-22,3.7854127149860086
2025-05-23,3.117191147142071
2025-05-24,1.2983364744415096
2025-05-25,2.339698961575644
2025-05-26,3.958689627171408
2025-05-27,2.031865710563553
2025-05-28,2.928331884179692
2025-05-29,1.1964238471161721
2025-05-30,3.620368831224939
2025-05-31,3.8640812614707634
2025-06-01,3.910614650554086
2025-06-02,4.414350906382499
2025-06-03,3.7835723558893104
2025-06-04,3.7035157842431885
2025-06-05,2.673953625715342
2025-06-06,3.6820716791600816
2025-06-07,1.9954674002832498
2025-06-08,2.6873394013879035
2025-06-09,4.402507952969244
2025-06-10,2.0322935766963717
2025-06-11,4.20774581439796
2025-06-12,5.431076709073431
2025-06-13,5.359655201317912
2025-06-14,3.5628441716311166
2025-06-15,5.016448725971603
2025-06-16,4.869327592637
2025-06-17,5.139556409662056
2025-06-18,5.224049732205119
2025-06-19,4.777145565528667
2025-06-20,5.389987055190755
2025-06-21,5.8595861451204545
2025-06-22,3.5752929836174583
2025-06-23,3.528343321840118
2025-06-24,2.44750766730593
2025-06-25,3.722439157805837
2025-06-26,2.0770763140702755
2025-06-27,3.265298613782775
2025-06-28,3.4277023096824015
2025-06-29,5.0100627369406965
2025-06-30,5.817008785209015
2025-07-01,5.911514890565237
2025-07-02,4.345531824893102
2025-07-03,5.025351135282199
2025-07-04,5.215825365198627
2025-07-05,2.025383031291961
2025-07-06,2.113136259035773
2025-07-07,3.1013275845466466
2025-07-08,2.86776594655189
2025-07-09,4.933882849612304
2025-07-10,3.935438226527574
2025-07-11,4.30666514242834
2025-07-12,5.31028060159385
2025-07-13,2.679947861598281
2025-07-14,3.4394195295068037
2025-07-15,4.728696309121653
2025-07-16,3.548256925167907
2025-07-17,3.869033127020569
2025-07-18,5.011270370725194
2025-07-19,3.843955433038475
2025-07-20,2.4582749021165284
2025-07-21,2.892046813893479
2025-07-22,3.6120341894673293
2025-07-23,3.2098801686422687
2025-07-24,4.504536398706047
2025-07-25,2.8173305684437873
2025-07-26,2.613307029099023
2025-07-27,3.983595458952914
2025-07-28,3.779355227173126
2025-07-29,4.655015260067544
2025-07-30,3.3879931234995233
2025-07-31,2.591194261657772
2025-08-01,2.489663936976118
2025-08-02,2.419927684605679
2025-08-03,3.4828971730716822
2025-08-04,2.232080143789725
2025-08-05,3.518728372950555
2025-08-06,3.530308497642335
2025-08-07,3.393736951236226
2025-08-08,3.629666038327817
2025-08-09,4.045453774791722
2025-08-10,4.672727358078085
2025-08-11,4.590279552320375
2025-08-12,3.656846743516027
2025-08-13,4.059306193261147
2025-08-14,4.097757198033282
2025-08-15,4.310802155876674
2025-08-16,2.5404512426902053
2025-08-17,1.8711020838069425
2025-08-18,3.553367599869937
2025-08-19,4.284661966990956
2025-08-20,3.2286882757758306
2025-08-21,2.7019295387939817
2025-08-22,1.7591195013546905
2025-08-23,2.5921385050754466
2025-08-24,3.052167107435068
2025-08-25,3.486414463074148
2025-08-26,2.861572088749142
2025-08-27,2.8621815287323886
2025-08-28,1.8098853387646647
2025-08-29,2.6086543949081777
2025-08-30,2.7944295655652254
2025-08-31,1.9812573663090325
2025-09-01,2.806811867994255
2025-09-02,2.9245749261186225
2025-09-03,1.386826577921448
2025-09-04,2.4143959343717007
2025-09-05,3.117239457073412
2025-09-06,3.0738989300900377
2025-09-07,3.6572142033361077
2025-09-08,2.4333896432880295
2025-09-09,0.5349673819562357
2025-09-10,2.2609595132838742
2025-09-11,2.2607711877063186
2025-09-12,1.828978406533539
2025-09-13,1.894699019777908
2025-09-14,2.5682367249713858
2025-09-15,2.0260702153742507
2025-09-16,1.330366719749453
2025-09-17,0.7381302445278007
2025-09-18,0.889034862906306
2025-09-19,2.9667332849934605
2025-09-20,1.1859015280994334
2025-09-21,1.529612438901196
2025-09-22,2.209716184620624
2025-09-23,2.4592293146756563
2025-09-24,2.375597753372895
2025-09-25,1.9965036776081106
2025-09-26,1.6514233826055915
2025-09-27,1.1992706693349542
2025-09-28,2.3341382386328577
2025-09-29,1.6941237848627688
2025-09-30,2.153674640287663
2025-10-01,2.2040702130672756
2025-10-02,1.2238122642870726
2025-10-03,0.5638394707971554
2025-10-04,1.2646413019088054
2025-10-05,0.7150121041248766
2025-10-06,0.4809990891106694
2025-10-07,0.9155961590229896
2025-10-08,0.5094628577734759
2025-10-09,1.2866273623323543
2025-10-10,1.005105136416812
2025-10-11,0.47851344748299673
2025-10-12,0.6930580604700292
2025-10-13,0.9107408097964569
2025-10-14,0.9264097933428934
2025-10-15,0.7006013418416919
2025-10-16,1.0252216451776448
2025-10-17,0.7829844575852728
2025-10-18,0.999230831846765
2025-10-19,0.9358990013320765
2025-10-20,0.8059854849369821
2025-10-21,0.779760059072416
2025-10-22,1.058999250180678
2025-10-23,0.6248009542434974
2025-10-24,1.036402804306391
2025-10-25,0.6543046089456668
2025-10-26,0.7885330372537567
2025-10-27,0.7368086829901805
2025-10-28,0.8462457867066668
2025-10-29,0.47356559129084375
2025-10-30,0.7416481761706439
2025-10-31,0.6732951259089902
2025-11-01,0.28289975544566137
2025-11-02,0.8144791082239883
2025-11-03,0.34319732583017065
2025-11-04,0.8267131102050803
2025-11-05,0.9211520037030276
2025-11-06,0.7233754050300907
2025-11-07,0.6742109357585172
2025-11-08,0.5556191491210601
2025-11-09,0.8225394742859979
2025-11-10,0.4553448626192846
2025-11-11,0.5693844797199091
2025-11-12,0.5487856663838377
2025-11-13,0.5364194127665152
2025-11-14,0.058055787106351266
2025-11-15,0.13888902741486228
2025-11-16,0.35600801154057565
2025-11-17,0.647548062432138
2025-11-18,0.2958040934357861
2025-11-19,0.131072411337195
2025-11-20,0.36028416954027376
2025-11-21,0.6181095526118676
2025-11-22,0.37787994238530503
2025-11-23,0.1132563728301067
2025-11-24,0.34370574565164647
2025-11-25,0.4947299595840444
2025-11-26,0.2738141629057975
2025-11-27,0.10105591127462492
2025-11-28,0.33552824563971595
2025-11-29,0.22213934263071627
2025-11-30,0.3912160706460883
2025-12-01,0.21439093250784264
2025-12-02,0.1631163958573624
2025-12-03,0.4167451406036311
2025-12-04,0.44878779251759043
2025-12-05,0.1679630388769336
2025-12-06,0.14939326567595657
2025-12-07,0.1744281524314883
2025-12-08,0.1997385828206404
2025-12-09,0.16900857959125665
2025-12-10,0.3887290215913391
2025-12-11,0.3198281991909496
2025-12-12,0.10773080676436154
2025-12-13,0.5003333231946715
2025-12-14,0.22190649355179104
2025-12-15,0.08928516654792182
2025-12-16,0.23244170355152027
2025-12-17,0.14153001808049095
2025-12-18,0.15175929378864075
2025-12-19,0.3189538481357999
2025-12-20,0.23118038696508691
2025-12-21,0.3888673616968689
2025-12-22,0.3030821931258559
2025-12-23,0.06410000467953064
2025-12-24,0.3747311323215166
2025-12-25,0.4034416392949729
2025-12-26,0.4096086835142786
2025-12-27,0.15527416277557737
2025-12-28,0.4272446782001078
2025-12-29,0.1930002135318915
2025-12-30,0.3949019087071088
2025-12-31,0.3401537761391427
2026-01-01,0.1463016622530512
2026-01-02,0.16858790434726417
2026-01-03,0.21993033531123543
2026-01-04,0.22945755828103293
2026-01-05,0.2875908476327256
2026-01-06,0.49707944440444873
2026-01-07,0.16767374307433855
2026-01-08,0.21828082004887145
2026-01-09,0.14332837716418056
2026-01-10,0.25561144620410625
2026-01-11,0.17186751678488846
2026-01-12,0.11820895824425437
2026-01-13,0.16683164500594042
2026-01-14,0.6190021594778478
2026-01-15,0.13836410090956874
2026-01-16,0.44326270710268856
2026-01-17,0.6058232754174931
2026-01-18,0.43579975145698246
2026-01-19,0.3152469372735447
2026-01-20,0.526674139323221
2026-01-21,0.26535721244761323
2026-01-22,0.5092983207482057
2026-01-23,0.28067152719728766
2026-01-24,0.5513925311464045
2026-01-25,0.4631488388436953
2026-01-26,0.19050901588895494
2026-01-27,0.2232306571511027
2026-01-28,0.1480662561543466
2026-01-29,0.19865308683223135
2026-01-30,0.3615434110316864
2026-01-31,0.20332905314791702
2026-02-01,0.33945852873865795
2026-02-02,0.690378375811699
2026-02-03,0.3546642168547593
2026-02-04,0.4730953400365419
2026-02-05,0.1756985894269091
2026-02-06,0.33747132112758366
2026-02-07,0.8418586409913836
2026-02-08,0.49928279670361814
2026-02-09,0.2310503122095623
2026-02-10,0.29278913134455675
2026-02-11,0.24643256993493445
2026-02-12,0.3811360213022804
2026-02-13,0.2566886377858407
2026-02-14,1.0251746026047774
2026-02-15,0.6332038123370326
2026-02-16,0.5206014697210425
2026-02-17,0.8101529192441114
2026-02-18,0.8937881245887911
2026-02-19,0.5924306958827187
2026-02-20,0.3679143948182279
2026-02-21,0.7058781417132615
2026-02-22,0.42732682653504056
2026-02-23,1.0357222614747597
2026-02-24,0.45079994441039967
2026-02-25,1.7185173614105589
2026-02-26,1.2146900821124873
2026-02-27,0.46060247684906974
2026-02-28,0.436713699501966
2026-03-01,1.2296024104831786
2026-03-02,1.9022881113760703
2026-03-03,1.7433272712628427
2026-03-04,1.6236699926411768
2026-03-05,1.970230629652517
2026-03-06,1.5496979853821824
2026-03-07,0.5608935748909015
2026-03-08,1.2239125292256976
2026-03-09,1.2224723257176233
2026-03-10,0.5877021635503279
2026-03-11,0.6357501628720609
2026-03-12,1.6186875016719924
2026-03-13,0.6261096356992305
2026-03-14,1.020073994065631
2026-03-15,2.0229803408242066
2026-03-16,1.7911217900850374
2026-03-17,1.1738312900186134
2026-03-18,2.5232853869117013
2026-03-19,2.4582890693758648
2026-03-20,2.2700338809101877
2026-03-21,1.6505127427422785
2026-03-22,2.4459766637125746
2026-03-23,1.9932315388015536
2026-03-24,0.9332739049865288
2026-03-25,1.4745699827059713
2026-03-26,1.811890007866746
2026-03-27,1.728352960615918
2026-03-28,1.845601215096188
2026-03-29,1.663407572432361
2026-03-30,2.222761762873342
2026-03-31,2.0739402907371187
2026-04-01,1.8808329209312402
2026-04-02,0.835389771592509
2026-04-03,1.0921541174417908
2026-04-04,2.461836556893476
2026-04-05,2.324394428005599
2026-04-06,3.030429894653159
2026-04-07,3.2439007953141195
2026-04-08,3.2210134550798077
2026-04-09,2.298149909843688
2026-04-10,2.3922238846484865
2026-04-11,1.3270892838934767
2026-04-12,2.9399706166093815
2026-04-13,1.5893673296766144
2026-04-14,3.435224079839682
2026-04-15,2.766267442373693
2026-04-16,3.4043990916207636
2026-04-17,2.9101180828481943
2026-04-18,1.8519676453745044
2026-04-19,2.4848023490789592
2026-04-20,2.3959510640342
2026-04-21,3.7142830898992774
2026-04-22,3.954975733174147
2026-04-23,3.6551489201673744
2026-04-24,3.2585509243213617
2026-04-25,3.8607373067744457
2026-04-26,3.7061239607369645
2026-04-27,2.69674021240161
2026-04-28,3.990366402089509
2026-04-29,4.26786807371958
2026-04-30,4.411006081081831
2026-05-01,4.727191698942871
2026-05-02,3.4485035676695417
2026-05-03,1.4347560019500425
2026-05-04,1.348607191183689
2026-05-05,3.5817666096005465
2026-05-06,2.9002753077145327
2026-05-07,4.374613835769442
2026-05-08,4.284316243742936
2026-05-09,4.135317828815644
2026-05-10,3.177332578194693
2026-05-11,2.597666702614054
2026-05-12,2.3303303664063204
2026-05-13,3.0476121684180106
2026-05-14,2.6035925198928296
2026-05-15,1.905741364051232
2026-05-16,1.8380723171953701
2026-05-17,1.4256770114631236
2026-05-18,3.321937701394157
2026-05-19,2.137613185403907
2026-05-20,2.7672713367623025
2026-05-21,4.312688436327124
2026-05-22,5.2869699869114815
2026-05-23,5.068104032208037
2026-05-24,5.316579124603336
2026-05-25,5.542532904729445
2026-05-26,5.625506308412034
2026-05-27,4.2698921846623366
2026-05-28,5.070794482173559
2026-05-29,3.0906880875529774
2026-05-30,4.666270311938338
2026-05-31,4.183724686373893
2026-06-01,4.322804065951866
2026-06-02,1.6431956463455073
2026-06-03,3.250233263920333
2026-06-04,3.0810726768430676
2026-06-05,4.175213481265082
2026-06-06,2.4929678948686593
2026-06-07,2.985351270486536
2026-06-08,1.9103754535348465
2026-06-09,4.167749609156019
2026-06-10,4.674117854077481
2026-06-11,3.08000180390356
2026-06-12,2.530100675040479
2026-06-13,2.1467241965867947
2026-06-14,2.8526466983649628
2026-06-15,2.484637035565422
2026-06-16,4.891514888346202
2026-06-17,2.5899553844294063
2026-06-18,4.615208032615935
2026-06-19,5.63339724387543
2026-06-20,5.298636990557023
2026-06-21,4.672923993601452
2026-06-22,5.373527558688251
2026-06-23,5.541013755957032
2026-06-24,5.888834001955729
2026-06-25,5.705691424595858
2026-06-26,5.848612628968005
2026-06-27,2.410710234106738
2026-06-28,5.135888970018083
2026-06-29,5.344915125769099
2026-06-30,2.533966162107993
2026-07-01,5.416825071091437
2026-07-02,3.1445808918291402
2026-07-03,4.232090490682583
2026-07-04,2.396477971045945
2026-07-05,2.509999000329518
2026-07-06,3.844628914441441
2026-07-07,3.972389016459192
2026-07-08,2.285870204155511
2026-07-09,4.891223320776513
2026-07-10,5.5532443284385735
2026-07-11,3.732369829613394
2026-07-12,5.07851166201026
2026-07-13,4.81123426191837
2026-07-14,5.600567686864228
2026-07-15,5.562887976642117
2026-07-16,2.865451288999766
2026-07-17,4.519416487360042
2026-07-18,1.9567807975092655
2026-07-19,4.053521144954142
2026-07-20,0.0
