timestamp,Hargreaves
2021-01-01,0.44272240123916845
2021-01-02,0.4287407442261597
2021-01-03,0.3527744530468242
2021-01-04,0.18972370839098027
2021-01-05,0.15036092112135205
2021-01-06,0.2693153782659998
2021-01-07,0.3152448304826659
2021-01-08,0.39367737116781387
2021-01-09,0.4352559226104298
2021-01-10,0.45407841099065527
2021-01-11,0.3053659106794168
2021-01-12,0.5504899353220957
2021-01-13,0.4513560849255755
2021-01-14,0.31176670347620555
2021-01-15,0.2648751110351839
2021-01-16,0.30498108914568156
2021-01-17,0.5263486825543898
2021-01-18,0.4898656217623161
2021-01-19,0.5348410059379156
2021-01-20,0.4201637050006426
2021-01-21,0.6367272584179361
2021-01-22,0.5508854075985378
2021-01-23,0.5499134764015293
2021-01-24,0.5477194752424643
2021-01-25,0.6287380534934373
2021-01-26,0.5096775508893604
2021-01-27,0.5747330202457511
2021-01-28,0.32848550211451233
2021-01-29,0.7724985250073293
2021-01-30,0.35199956256920967
2021-01-31,0.5212682575215156
2021-02-01,0.3198961998970028
2021-02-02,0.5994397771361234
2021-02-03,0.6567642773713604
2021-02-04,0.5688916354705509
2021-02-05,0.4059581459794221
2021-02-06,0.6330727049840632
2021-02-07,0.4069645446599876
2021-02-08,0.3314699174824801
2021-02-09,0.47268445239735074
2021-02-10,0.514711603721728
2021-02-11,0.6194696574266977
2021-02-12,0.3448398292113201
2021-02-13,0.4416727774615241
2021-02-14,0.7382255035674898
2021-02-15,0.6612069229820007
2021-02-16,0.9523260753499376
2021-02-17,0.8703458745609454
2021-02-18,1.0400527928954575
2021-02-19,1.0516157709615994
2021-02-20,1.4292656309943592
2021-02-21,1.3451573283829312
2021-02-22,1.5835886100145709
2021-02-23,1.6433898886165201
2021-02-24,1.5833540954860066
2021-02-25,1.3778633957209756
2021-02-26,1.2484662034371659
2021-02-27,1.2792172439792784
2021-02-28,1.2825835822503862
2021-03-01,1.25396589739942
2021-03-02,1.6297518917331966
2021-03-03,0.973571503217736
2021-03-04,0.7746389550729879
2021-03-05,1.314288536332451
2021-03-06,1.3653869789215447
2021-03-07,1.2146122979568292
2021-03-08,1.1321991828031788
2021-03-09,1.2073649764822056
2021-03-10,1.5467107245917595
2021-03-11,1.3178243226985469
2021-03-12,1.1159903002182041
2021-03-13,0.9900858987557439
2021-03-14,1.0862325069501924
2021-03-15,1.1232197990448376
2021-03-16,1.23451828601264
2021-03-17,1.530432068743236
2021-03-18,1.5209675450956839
2021-03-19,1.8705349740466264
2021-03-20,1.776635834136769
2021-03-21,1.3431964838277284
2021-03-22,1.674364761400093
2021-03-23,2.0187364418813933
2021-03-24,2.2961730542224394
2021-03-25,2.134456752683269
2021-03-26,2.259594370090361
2021-03-27,1.2611046106442292
2021-03-28,1.6536085189628855
2021-03-29,1.9963118264710276
2021-03-30,3.8879948775014843
2021-03-31,4.219893462656179
2021-04-01,2.7001761489263325
2021-04-02,2.1015406335121516
2021-04-03,1.7634108793450705
2021-04-04,1.5148559056790334
2021-04-05,2.0256670147438096
2021-04-06,1.3290385096132802
2021-04-07,1.8727426462164167
2021-04-08,2.2992227442529924
2021-04-09,1.9993690992961084
2021-04-10,1.6578804102666622
2021-04-11,2.2070289368205107
2021-04-12,2.0483050399066665
2021-04-13,2.6544897070657547
2021-04-14,2.5553118317456467
2021-04-15,2.6582734502730685
2021-04-16,3.2853810590817147
2021-04-17,3.2423634374798995
2021-04-18,3.7355661281240677
2021-04-19,3.9097477519065102
2021-04-20,4.178176513769614
2021-04-21,3.007805495660237
2021-04-22,2.86072353066164
2021-04-23,3.613500317617125
2021-04-24,3.3558526025185262
2021-04-25,3.028071445699193
2021-04-26,3.334282346770339
2021-04-27,4.059220525318703
2021-04-28,4.118601698643314
2021-04-29,1.6310641075796715
2021-04-30,2.360483347299428
2021-05-01,2.7628754470603956
2021-05-02,3.058993243283509
2021-05-03,3.50479561998501
2021-05-04,2.497339691104366
2021-05-05,2.7284933229088897
2021-05-06,3.4677684962986888
2021-05-07,3.3153446887620093
2021-05-08,4.453141470424175
2021-05-09,5.579440605864769
2021-05-10,4.160334248433602
2021-05-11,4.282110488507061
2021-05-12,3.99864770769091
2021-05-13,4.759573430121572
2021-05-14,2.884217814368595
2021-05-15,3.1968235617074012
2021-05-16,3.6736036770522227
2021-05-17,3.614935309722114
2021-05-18,4.026942967536745
2021-05-19,3.9746255523627627
2021-05-20,4.702177750577197
2021-05-21,3.124746706351676
2021-05-22,3.1321860007128883
2021-05-23,3.762460374130909
2021-05-24,3.3573932784203695
2021-05-25,3.1146901021076627
2021-05-26,3.2471852219999575
2021-05-27,3.477337527558977
2021-05-28,5.280667914096472
2021-05-29,4.775047004213652
2021-05-30,4.77560223501272
2021-05-31,6.173012581836593
2021-06-01,7.030418611943242
2021-06-02,7.3124472757277985
2021-06-03,5.659054772417416
2021-06-04,6.168135663032614
2021-06-05,2.466105588621319
2021-06-06,5.237876552017943
2021-06-07,6.3075766804122155
2021-06-08,6.825690201178295
2021-06-09,6.229245119590311
2021-06-10,6.791905108222521
2021-06-11,4.350742668142447
2021-06-12,5.0919863624786705
2021-06-13,6.462743714331438
2021-06-14,6.651472437993896
2021-06-15,4.7945875398006965
2021-06-16,7.8541245271944025
2021-06-17,7.127535003800136
2021-06-18,6.017757164144265
2021-06-19,3.845762848618308
2021-06-20,4.071521781220815
2021-06-21,2.1025534472741287
2021-06-22,3.8333318830299334
2021-06-23,4.223684549042241
2021-06-24,5.411351286452346
2021-06-25,5.222473948988703
2021-06-26,5.546967036560355
2021-06-27,6.249191834490566
2021-06-28,5.326599778513631
2021-06-29,3.4426889733989827
2021-06-30,2.563834852683507
2021-07-01,3.4856541517483293
2021-07-02,5.413605446493915
2021-07-03,6.4934210879301455
2021-07-04,4.985070993788068
2021-07-05,4.191557790602391
2021-07-06,4.2479242079970465
2021-07-07,5.234797136354912
2021-07-08,5.5680486755923235
2021-07-09,5.717991112080009
2021-07-10,5.309689002238853
2021-07-11,5.527419372902705
2021-07-12,6.011934532061127
2021-07-13,3.211617670803756
2021-07-14,3.9601354283805494
2021-07-15,3.3735278449884154
2021-07-16,4.411236989797505
2021-07-17,6.202938933009138
2021-07-18,6.027263649973899
2021-07-19,5.1181388563424335
2021-07-20,5.946142085811542
2021-07-21,6.015866589130013
2021-07-22,4.7340880860615995
2021-07-23,4.080316331718024
2021-07-24,6.1445542962781055
2021-07-25,5.074121347966419
2021-07-26,5.509048028388587
2021-07-27,3.938357692047178
2021-07-28,3.7886319784288536
2021-07-29,4.284670891366185
2021-07-30,4.863370057037908
2021-07-31,3.2896422227547264
2021-08-01,4.675822627813967
2021-08-02,4.326941514288486
2021-08-03,4.774198788407458
2021-08-04,5.293312369753959
2021-08-05,4.992858413484336
2021-08-06,3.242553140618861
2021-08-07,4.22912033518856
2021-08-08,3.5614998153133386
2021-08-09,3.2177067889246938
2021-08-10,4.127272216462151
2021-08-11,5.012340151864322
2021-08-12,4.454099443123728
2021-08-13,3.875463039785028
2021-08-14,3.4900529468191634
2021-08-15,3.9852437686713125
2021-08-16,2.7356333907278194
2021-08-17,2.419671850524096
2021-08-18,2.9291935113363223
2021-08-19,3.1678310924668494
2021-08-20,3.9782377107136724
2021-08-21,4.0132210545270715
2021-08-22,2.5767929303823918
2021-08-23,3.4630418324659376
2021-08-24,3.3257121771939513
2021-08-25,3.9685963130521187
2021-08-26,3.2821845148329523
2021-08-27,3.591652639878036
2021-08-28,2.711287673332237
2021-08-29,2.3494088659931545
2021-08-30,3.5922684980478743
2021-08-31,3.1899494609185024
2021-09-01,2.3708376948443637
2021-09-02,3.4854834511656687
2021-09-03,3.720757608599466
2021-09-04,3.022000343946911
2021-09-05,4.049693679098268
2021-09-06,4.258983381709153
2021-09-07,4.188093966235055
2021-09-08,4.386611397614202
2021-09-09,3.938393094787563
2021-09-10,3.0942600505509414
2021-09-11,2.126068333527813
2021-09-12,2.928985846534001
2021-09-13,2.594916244161029
2021-09-14,3.3780131080202613
2021-09-15,2.6308615321325517
2021-09-16,3.1395185417441738
2021-09-17,3.1350314384700364
2021-09-18,3.1660346489684956
2021-09-19,2.0950919597064033
2021-09-20,2.6087335226938646
2021-09-21,2.9319278578125743
2021-09-22,3.0373475842447233
2021-09-23,2.054063282852478
2021-09-24,2.2924388761599475
2021-09-25,2.175228446858963
2021-09-26,2.7470478288587494
2021-09-27,2.7128841107890103
2021-09-28,2.334295146331848
2021-09-29,1.127569640958862
2021-09-30,1.8021239506148876
2021-10-01,1.153220638498544
2021-10-02,2.0465275993529732
2021-10-03,1.6639146894323043
2021-10-04,1.7375886209491334
2021-10-05,1.5833760319693195
2021-10-06,1.928370087560385
2021-10-07,2.023798432383093
2021-10-08,1.8226273899793746
2021-10-09,1.7566010654927169
2021-10-10,2.083253541986402
2021-10-11,1.6845252795249153
2021-10-12,1.5430640683065773
2021-10-13,1.42815000966137
2021-10-14,0.9281940027783916
2021-10-15,1.7159281334653755
2021-10-16,1.418083894222518
2021-10-17,1.1896940787826067
2021-10-18,1.2251786329990526
2021-10-19,1.392973058357061
2021-10-20,1.2526666534758621
2021-10-21,1.0567274390337842
2021-10-22,1.225146412112171
2021-10-23,1.1938625985257652
2021-10-24,1.1069570155051025
2021-10-25,1.1157921101304218
2021-10-26,1.1399631624681084
2021-10-27,1.1065676742690582
2021-10-28,1.1425613610783383
2021-10-29,1.1622893965559034
2021-10-30,0.8197260134760596
2021-10-31,0.9461666032500258
2021-11-01,0.9220548471218537
2021-11-02,0.6293193837041419
2021-11-03,0.8411371579636885
2021-11-04,1.016742107207069
2021-11-05,0.9658666506670733
2021-11-06,0.6539344480460784
2021-11-07,0.824322956255756
2021-11-08,0.8130242229877918
2021-11-09,0.767389554321135
2021-11-10,0.4958504787678552
2021-11-11,0.5628739585699943
2021-11-12,0.5872959117294193
2021-11-13,0.6716586569786543
2021-11-14,0.35897014130660976
2021-11-15,0.4903769572538804
2021-11-16,0.32080836930984724
2021-11-17,0.6314034156387535
2021-11-18,0.6303006603858933
2021-11-19,0.6752298363973652
2021-11-20,0.4166021231199641
2021-11-21,0.6216776162177904
2021-11-22,0.6630415069242495
2021-11-23,0.6564780795481697
2021-11-24,0.3697100041962505
2021-11-25,0.4926340486261841
2021-11-26,0.32072173720011293
2021-11-27,0.23728194981875472
2021-11-28,0.3950985436663487
2021-11-29,0.49398827133293327
2021-11-30,0.5078539625513778
2021-12-01,0.5831515561894924
2021-12-02,0.40731918648148974
2021-12-03,0.3625453803467314
2021-12-04,0.2053119147927167
2021-12-05,0.22781905098618985
2021-12-06,0.2062838503845892
2021-12-07,0.3685804323184215
2021-12-08,0.3758183505644999
2021-12-09,0.3262376197766338
2021-12-10,0.31742983923927165
2021-12-11,0.45154722269703185
2021-12-12,0.48330138364173164
2021-12-13,0.2983134280375291
2021-12-14,0.26058040517378883
2021-12-15,0.4471075708808477
2021-12-16,0.5181877809901169
2021-12-17,0.21987928470100004
2021-12-18,0.2929821938105151
2021-12-19,0.18620852768357357
2021-12-20,0.42602881852967306
2021-12-21,0.3636431499778959
2021-12-22,0.23851789611207802
2021-12-23,0.47649301577285025
2021-12-24,0.5104816196797267
2021-12-25,0.27912328386889645
2021-12-26,0.26894203608724776
2021-12-27,0.3836180332723267
2021-12-28,0.3675716893076751
2021-12-29,0.3894294907411908
2021-12-30,0.42086809143863974
2021-12-31,0.4145841737750081
2022-01-01,0.4456157216894153
2022-01-02,0.4868903896791051
2022-01-03,0.3468722381900149
2022-01-04,0.44959923044800165
2022-01-05,0.3934211484985947
2022-01-06,0.46295070104183084
2022-01-07,0.37868851587074576
2022-01-08,0.45809615199398446
2022-01-09,0.5027074406680481
2022-01-10,0.4491666022431437
2022-01-11,0.3684942735766164
2022-01-12,0.5605861839583793
2022-01-13,0.41790413757718736
2022-01-14,0.517131476806983
2022-01-15,0.3885818006032654
2022-01-16,0.5331138540629172
2022-01-17,0.5824280812508575
2022-01-18,0.43015232239238055
2022-01-19,0.5116640910584972
2022-01-20,0.44962607277001654
2022-01-21,0.5605648484974558
2022-01-22,0.33722873250166585
2022-01-23,0.41222678155025255
2022-01-24,0.3317030008970868
2022-01-25,0.21687518537413594
2022-01-26,0.5027088195411507
2022-01-27,0.5320545037072724
2022-01-28,0.6596015632940951
2022-01-29,0.5896680064040148
2022-01-30,0.5281634679588381
2022-01-31,0.4892366259916084
2022-02-01,0.7322478438594017
2022-02-02,0.5858167748763364
2022-02-03,0.5066187025137442
2022-02-04,0.7722955218642711
2022-02-05,0.6305035795308453
2022-02-06,0.7720618626914372
2022-02-07,0.6674321588055072
2022-02-08,0.6246923623449347
2022-02-09,0.5122375710367283
2022-02-10,0.624207875900545
2022-02-11,0.8797559716299175
2022-02-12,0.8692453360393141
2022-02-13,1.0488137819979642
2022-02-14,0.9210909861759131
2022-02-15,0.674919647910862
2022-02-16,0.9757430224047552
2022-02-17,0.8844300176277702
2022-02-18,0.9996509964909069
2022-02-19,0.8597062486499542
2022-02-20,1.0672844913978627
2022-02-21,0.9565713802169484
2022-02-22,1.1481574015256029
2022-02-23,1.1807200292289863
2022-02-24,1.021224794115941
2022-02-25,1.2221633570507047
2022-02-26,1.3116407516507613
2022-02-27,1.0703545928905498
2022-02-28,1.28291110197189
2022-03-01,0.8182285910668622
2022-03-02,1.3377359016698085
2022-03-03,1.5118251121759367
2022-03-04,1.2746947454148863
2022-03-05,1.1415985840028984
2022-03-06,1.1106912916903897
2022-03-07,1.529055390480746
2022-03-08,1.4370688119234039
2022-03-09,1.988278938144083
2022-03-10,2.0404826176735984
2022-03-11,1.9137375020609164
2022-03-12,1.800946275806414
2022-03-13,1.7623411483635736
2022-03-14,1.9439225688122084
2022-03-15,1.8968163178926614
2022-03-16,1.9959070781465402
2022-03-17,1.9341471843766425
2022-03-18,2.5258099815388277
2022-03-19,2.4389949717252324
2022-03-20,1.589325100031182
2022-03-21,2.6295044857157173
2022-03-22,3.0935424972365375
2022-03-23,3.2179228692734134
2022-03-24,3.0377701375146633
2022-03-25,3.0042011807696887
2022-03-26,3.1852303480110193
2022-03-27,2.617963853863514
2022-03-28,2.028545467096063
2022-03-29,2.106555342754971
2022-03-30,2.019212658332294
2022-03-31,1.3556572318202627
2022-04-01,1.5243562586789423
2022-04-02,1.9848068495944466
2022-04-03,2.3243072189747074
2022-04-04,2.161626791653351
2022-04-05,1.9921743037842117
2022-04-06,1.623683366580902
2022-04-07,2.0810872065625294
2022-04-08,1.8267772189831182
2022-04-09,2.056285127845926
2022-04-10,2.4718144389913537
2022-04-11,3.467937531568144
2022-04-12,3.5270389981767343
2022-04-13,2.780842524103979
2022-04-14,3.425942645909439
2022-04-15,2.764388354761432
2022-04-16,3.40270421472609
2022-04-17,3.90334110260328
2022-04-18,4.289368793327018
2022-04-19,4.382651579893946
2022-04-20,4.07659131717756
2022-04-21,4.383346624045974
2022-04-22,3.8043001266061927
2022-04-23,3.626909369429379
2022-04-24,3.4596234702344075
2022-04-25,2.1495024439781782
2022-04-26,3.396294440249511
2022-04-27,3.3129784671005216
2022-04-28,3.421757010166896
2022-04-29,3.2287624430522044
2022-04-30,3.3053121831712944
2022-05-01,4.1795241075484695
2022-05-02,4.586371715296614
2022-05-03,3.353333651124662
2022-05-04,3.9494885424658066
2022-05-05,4.865355006375625
2022-05-06,4.85033616303258
2022-05-07,4.045003455401634
2022-05-08,3.8001764856252347
2022-05-09,5.748041924001492
2022-05-10,4.69125816334263
2022-05-11,4.232237330435349
2022-05-12,4.3314626351013255
2022-05-13,3.3450105906472536
2022-05-14,5.3345780719730955
2022-05-15,6.278477123524627
2022-05-16,4.8051251719161385
2022-05-17,5.278841521012212
2022-05-18,5.06705362351021
2022-05-19,5.620862392365287
2022-05-20,4.494514530300046
2022-05-21,4.194973605628367
2022-05-22,6.077462018153217
2022-05-23,4.6119637018475705
2022-05-24,3.5321082681415374
2022-05-25,4.448806050365746
2022-05-26,4.01591886927337
2022-05-27,2.6782301253656655
2022-05-28,3.808594624761219
2022-05-29,3.801798393781996
2022-05-30,4.309282500968438
2022-05-31,5.14167310449933
2022-06-01,4.317459009331378
2022-06-02,5.420302761771749
2022-06-03,6.472071081899415
2022-06-04,4.840915211622891
2022-06-05,5.338021247386922
2022-06-06,3.285271803516634
2022-06-07,4.095647498899745
2022-06-08,4.201694467391991
2022-06-09,4.702634031022866
2022-06-10,5.488760719713476
2022-06-11,4.716023943444656
2022-06-12,4.707038221192216
2022-06-13,5.0936494087375275
2022-06-14,5.819139716531902
2022-06-15,6.524488782155027
2022-06-16,6.482775267948791
2022-06-17,8.021710810184183
2022-06-18,5.675158388453873
2022-06-19,3.9659767924020155
2022-06-20,5.130530492393275
2022-06-21,6.203576326505174
2022-06-22,6.809525211419442
2022-06-23,8.409267537186729
2022-06-24,4.3185058811892425
2022-06-25,4.53729995397817
2022-06-26,4.474892288350225
2022-06-27,4.676787290175666
2022-06-28,5.917214729544117
2022-06-29,6.257002821654079
2022-06-30,5.403567129220514
2022-07-01,4.557447425653602
2022-07-02,5.906444595658308
2022-07-03,4.829781034636208
2022-07-04,5.153200150801859
2022-07-05,4.395083290950254
2022-07-06,5.33403722952505
2022-07-07,3.7181068020802583
2022-07-08,6.088503282138532
2022-07-09,4.258521790131064
2022-07-10,4.368962813984631
2022-07-11,5.251963322511342
2022-07-12,7.488685368673187
2022-07-13,7.108813550017852
2022-07-14,5.541499823200405
2022-07-15,5.409348055593584
2022-07-16,5.34374773321875
2022-07-17,6.318406280935687
2022-07-18,7.784150173841139
2022-07-19,8.748686954930932
2022-07-20,4.720707349385637
2022-07-21,3.5005946521804403
2022-07-22,4.3954298205794275
2022-07-23,6.342912892144484
2022-07-24,6.958102975085867
2022-07-25,3.8014047564767233
2022-07-26,4.852024000498846
2022-07-27,4.685392046829434
2022-07-28,5.005598435078888
2022-07-29,5.117598859430055
2022-07-30,5.369886377888731
2022-07-31,2.973443431799202
2022-08-01,5.0857768725884664
2022-08-02,5.311199504746974
2022-08-03,5.17079213290722
2022-08-04,5.384015298486019
2022-08-05,4.648764389777453
2022-08-06,5.185313433209719
2022-08-07,5.739263854726295
2022-08-08,5.043984427000333
2022-08-09,5.707033894876135
2022-08-10,6.208535655030294
2022-08-11,6.7899099491246755
2022-08-12,6.826953626712888
2022-08-13,6.653164289303594
2022-08-14,5.732246025810751
2022-08-15,5.603325228036766
2022-08-16,4.890374073539057
2022-08-17,2.849365553253651
2022-08-18,4.328591171164307
2022-08-19,4.431860762119956
2022-08-20,4.637473856333231
2022-08-21,4.3572808796045575
2022-08-22,4.924792031062781
2022-08-23,4.7108305335284095
2022-08-24,5.128298299185487
2022-08-25,5.853508926083257
2022-08-26,4.0256832663931394
2022-08-27,4.330105950969364
2022-08-28,3.996425446457468
2022-08-29,3.768832812737292
2022-08-30,4.151479182896524
2022-08-31,3.7086188980988077
2022-09-01,4.603829367096497
2022-09-02,4.484076625120197
2022-09-03,4.269453206689932
2022-09-04,4.215062610284492
2022-09-05,4.499498898264922
2022-09-06,3.828906092147499
2022-09-07,3.5998693762527485
2022-09-08,2.9626513248234354
2022-09-09,2.5064424577810502
2022-09-10,3.1799415382287233
2022-09-11,3.6305707774852
2022-09-12,3.4177495801680498
2022-09-13,3.271398826771292
2022-09-14,2.933163888603946
2022-09-15,2.5890996731991267
2022-09-16,2.409505491131077
2022-09-17,2.0496397615539177
2022-09-18,1.4664024084482945
2022-09-19,1.906001382669323
2022-09-20,2.5594322778736505
2022-09-21,2.7771516364814053
2022-09-22,2.9519583370491804
2022-09-23,2.2042716199826042
2022-09-24,2.4860349339240466
2022-09-25,2.503347888946445
2022-09-26,1.7509663068973365
2022-09-27,1.4685635558907664
2022-09-28,2.3106074508636314
2022-09-29,2.5271444380230217
2022-09-30,2.538926186866691
2022-10-01,1.9291715198223913
2022-10-02,2.0204615257562866
2022-10-03,2.38737947200827
2022-10-04,2.1552488314487483
2022-10-05,1.398951577713632
2022-10-06,1.7383492706082182
2022-10-07,1.7184516303669868
2022-10-08,1.8415926167660595
2022-10-09,1.9250548738757987
2022-10-10,1.5927321161044339
2022-10-11,1.8095832681035926
2022-10-12,1.8270063207315514
2022-10-13,1.4362772612631505
2022-10-14,1.6906314651248335
2022-10-15,1.1394651930343673
2022-10-16,1.4498135888625256
2022-10-17,1.267959472015367
2022-10-18,1.6595461219478789
2022-10-19,1.5062405463350879
2022-10-20,1.190354808231004
2022-10-21,1.4049552553394493
2022-10-22,1.258783875798999
2022-10-23,1.2912105312900766
2022-10-24,0.954352916670713
2022-10-25,1.2329847501176416
2022-10-26,1.4927163859393846
2022-10-27,1.2583830530266031
2022-10-28,1.3605350542607675
2022-10-29,1.3791640880202045
2022-10-30,1.3416404934479589
2022-10-31,1.1496646690835468
2022-11-01,0.8336206543135763
2022-11-02,0.8669364744998532
2022-11-03,0.8354827666163982
2022-11-04,0.9186316906736306
2022-11-05,0.9029252264134574
2022-11-06,0.6315585189391975
2022-11-07,0.6474694309392638
2022-11-08,0.6996373203436
2022-11-09,0.596136338267335
2022-11-10,0.8822469084680311
2022-11-11,0.8243709156939818
2022-11-12,0.7668539822637349
2022-11-13,0.9022104374581453
2022-11-14,0.4963891127200182
2022-11-15,0.7486181872539324
2022-11-16,0.4149652107575924
2022-11-17,0.3994320102127837
2022-11-18,0.6325203777653282
2022-11-19,0.4932996187944509
2022-11-20,0.4787417158127852
2022-11-21,0.5092305311336881
2022-11-22,0.44916169812118695
2022-11-23,0.32028723302445006
2022-11-24,0.4920134281328239
2022-11-25,0.6707292399187856
2022-11-26,0.5484563507430109
2022-11-27,0.19596855280761688
2022-11-28,0.5064955911345909
2022-11-29,0.6533429196237677
2022-11-30,0.48904200599273906
2022-12-01,0.48369547242953925
2022-12-02,0.22620795797664026
2022-12-03,0.3099480488854691
2022-12-04,0.30054711557158126
2022-12-05,0.2656173598007364
2022-12-06,0.4711106160950307
2022-12-07,0.3950010961960772
2022-12-08,0.39823086560163634
2022-12-09,0.30621020816501365
2022-12-10,0.20212918354565243
2022-12-11,0.234267097639621
2022-12-12,0.3216779180051647
2022-12-13,0.2724340418380907
2022-12-14,0.3221998297671804
2022-12-15,0.40382166199911196
2022-12-16,0.3516545348722756
2022-12-17,0.2536624975736034
2022-12-18,0.2917863813806101
2022-12-19,0.5298168444373406
2022-12-20,0.49452635489745256
2022-12-21,0.417474373972048
2022-12-22,0.4520856488040341
2022-12-23,0.3535057256992655
2022-12-24,0.42967503780597527
2022-12-25,0.26494559325968264
2022-12-26,0.4349854937068569
2022-12-27,0.2700816368909794
2022-12-28,0.42990646217914497
2022-12-29,0.3553617902603736
2022-12-30,0.5438037260993339
2022-12-31,0.5114141860422776
2023-01-01,0.5765464415907867
2023-01-02,0.5920265301121722
2023-01-03,0.5278530962466175
2023-01-04,0.416776338878043
2023-01-05,0.2791611377365879
2023-01-06,0.47097761073638517
2023-01-07,0.35290148876730565
2023-01-08,0.3888832126685719
2023-01-09,0.36207780442375703
2023-01-10,0.44654704523732636
2023-01-11,0.4291070854208398
2023-01-12,0.3945802859559576
2023-01-13,0.2820739370943691
2023-01-14,0.5456194996550598
2023-01-15,0.45494745721728475
2023-01-16,0.2786719439562335
2023-01-17,0.4424395830914867
2023-01-18,0.4615996387903346
2023-01-19,0.4856309138679976
2023-01-20,0.3266219115796651
2023-01-21,0.400927610818035
2023-01-22,0.25622344414011505
2023-01-23,0.32965009196658573
2023-01-24,0.34328307281622417
2023-01-25,0.268201265733452
2023-01-26,0.6497926930197265
2023-01-27,0.4678183234676084
2023-01-28,0.5846074992000205
2023-01-29,0.527197313324941
2023-01-30,0.6984523308833126
2023-01-31,0.7030994394255645
2023-02-01,0.41549514720365843
2023-02-02,0.4530038908112928
2023-02-03,0.45809998667220464
2023-02-04,0.7135150284058216
2023-02-05,0.7103400534603459
2023-02-06,0.8933370018309548
2023-02-07,0.7036127765843789
2023-02-08,0.8135297122364089
2023-02-09,0.6889791793211857
2023-02-10,0.9395683824861857
2023-02-11,0.939589085361281
2023-02-12,0.9853834251994419
2023-02-13,0.8299908023515068
2023-02-14,1.1812552558177325
2023-02-15,1.270203949824521
2023-02-16,1.0816580209319215
2023-02-17,0.7999834556971535
2023-02-18,0.7496055991786698
2023-02-19,0.9460801780063591
2023-02-20,0.9188416385749288
2023-02-21,0.781959802017035
2023-02-22,0.9309035043947433
2023-02-23,1.1616283642451886
2023-02-24,0.9929914577256839
2023-02-25,1.121080999234366
2023-02-26,1.018102624697583
2023-02-27,1.2268695357701158
2023-02-28,1.1356875364990506
2023-03-01,1.344015201225705
2023-03-02,1.0581548161155248
2023-03-03,1.383970537725342
2023-03-04,1.2745671353224717
2023-03-05,1.0552413558287406
2023-03-06,1.1564874842287693
2023-03-07,1.0599930958659853
2023-03-08,1.1090984089019602
2023-03-09,0.7788928449212477
2023-03-10,0.6193579696616316
2023-03-11,1.5232842220013518
2023-03-12,1.7139054537008829
2023-03-13,1.701801245995248
2023-03-14,1.6676047042984616
2023-03-15,1.7196938223971383
2023-03-16,1.9321994172663446
2023-03-17,1.9727135626290635
2023-03-18,2.3258303987689946
2023-03-19,1.3458003450202578
2023-03-20,0.9540323333497117
2023-03-21,1.4913920510216438
2023-03-22,1.2445898663677535
2023-03-23,1.6163685752486316
2023-03-24,1.563798478625819
2023-03-25,1.6098914579513504
2023-03-26,1.7106951065428075
2023-03-27,1.7784938914184476
2023-03-28,2.026506130370235
2023-03-29,2.3015036071681454
2023-03-30,1.7413338980083266
2023-03-31,1.5150893370691472
2023-04-01,2.0354690698120206
2023-04-02,2.180913273017206
2023-04-03,2.2239622097968876
2023-04-04,2.4500536139057174
2023-04-05,2.608304158026535
2023-04-06,1.965677250253341
2023-04-07,2.2071849141048347
2023-04-08,2.821516768434684
2023-04-09,2.391110387009987
2023-04-10,2.491173255206076
2023-04-11,2.0182323935216
2023-04-12,2.134302504449432
2023-04-13,2.588328408168156
2023-04-14,3.3015993785147577
2023-04-15,2.8241795208707683
2023-04-16,1.541774067208762
2023-04-17,2.8806267133048404
2023-04-18,3.238796883737215
2023-04-19,3.321672404882722
2023-04-20,2.7949959091675978
2023-04-21,2.843070355512021
2023-04-22,3.247893988282906
2023-04-23,3.697713096471831
2023-04-24,2.2747298328503502
2023-04-25,2.7069746555207623
2023-04-26,2.7736481465351446
2023-04-27,3.7555156209897076
2023-04-28,2.4600792313928292
2023-04-29,3.8585926230661505
2023-04-30,4.551202481403032
2023-05-01,3.874456991853424
2023-05-02,3.4884085361517068
2023-05-03,3.791883424371879
2023-05-04,4.922801986718744
2023-05-05,3.750284399053083
2023-05-06,4.655090022381377
2023-05-07,3.5380614552326697
2023-05-08,4.605289021656518
2023-05-09,2.8287593283505634
2023-05-10,3.299113401233488
2023-05-11,3.802515408875851
2023-05-12,4.847258330794664
2023-05-13,4.864265439671251
2023-05-14,4.633139027312743
2023-05-15,3.416945481809666
2023-05-16,4.018286266887767
2023-05-17,4.03865571719404
2023-05-18,4.285006697498267
2023-05-19,5.5886867368544255
2023-05-20,5.014466702710506
2023-05-21,4.080627666279951
2023-05-22,5.377734717239971
2023-05-23,4.4646227937538585
2023-05-24,4.656956993122356
2023-05-25,4.179756927300519
2023-05-26,4.330591906194613
2023-05-27,5.602820925511567
2023-05-28,5.342803835564617
2023-05-29,3.9233913137053804
2023-05-30,2.918067562757303
2023-05-31,5.208835622555884
2023-06-01,2.7320778615441426
2023-06-02,4.693920163082333
2023-06-03,6.014239271209063
2023-06-04,5.5040427952014745
2023-06-05,4.818182128990752
2023-06-06,4.985465242139571
2023-06-07,4.985798173820082
2023-06-08,5.487342267179661
2023-06-09,7.76312528156575
2023-06-10,6.88909002418986
2023-06-11,8.798781518316385
2023-06-12,6.783777383879599
2023-06-13,6.697532376796921
2023-06-14,6.989700667239001
2023-06-15,6.998723582416695
2023-06-16,7.000909986748062
2023-06-17,7.3646775816037024
2023-06-18,5.825840810572127
2023-06-19,5.417874228242256
2023-06-20,6.326620438896136
2023-06-21,5.1974281115644585
2023-06-22,6.294411296640564
2023-06-23,5.985863596659112
2023-06-24,6.754635423249245
2023-06-25,8.117910682965228
2023-06-26,5.668715349803313
2023-06-27,5.634449566413883
2023-06-28,5.303279132624353
2023-06-29,6.303686801355752
2023-06-30,6.653629897034684
2023-07-01,3.3954522323588745
2023-07-02,4.1756672421782755
2023-07-03,4.006580483335834
2023-07-04,4.006166700508342
2023-07-05,3.366814612414992
2023-07-06,4.961551692834495
2023-07-07,7.491351717383107
2023-07-08,7.738041051041412
2023-07-09,6.398361184778739
2023-07-10,5.071858991658774
2023-07-11,5.504933991043312
2023-07-12,4.3264383471414085
2023-07-13,4.336326831012311
2023-07-14,5.168349949728679
2023-07-15,5.393719133652309
2023-07-16,3.642872321714683
2023-07-17,4.408903315481773
2023-07-18,5.564851315156097
2023-07-19,4.154833076485088
2023-07-20,5.3468406932066905
2023-07-21,4.84725330942889
2023-07-22,4.134674204352179
2023-07-23,4.574887778127981
2023-07-24,5.093617224023318
2023-07-25,4.203716319349657
2023-07-26,4.657943040478893
2023-07-27,3.7729323668318204
2023-07-28,3.708249117152289
2023-07-29,4.033485183595644
2023-07-30,3.5104170962945602
2023-07-31,2.9921087988440664
2023-08-01,3.6649586332297046
2023-08-02,3.8548884081844745
2023-08-03,3.269849786342358
2023-08-04,3.5499686259484577
2023-08-05,3.161521891351275
2023-08-06,2.6185530479931503
2023-08-07,3.0337883269984744
2023-08-08,3.836197945866765
2023-08-09,5.061084107308223
2023-08-10,4.792886391940297
2023-08-11,5.30930934611936
2023-08-12,3.7785732873732587
2023-08-13,4.066559988973469
2023-08-14,5.415429676926101
2023-08-15,4.77702828934321
2023-08-16,5.226887942171408
2023-08-17,3.882138398580596
2023-08-18,4.21278246939618
2023-08-19,4.73316868583784
2023-08-20,4.708702389933761
2023-08-21,5.045895567215343
2023-08-22,4.591136829755996
2023-08-23,4.69710174157575
2023-08-24,4.027098300431879
2023-08-25,3.747982571206976
2023-08-26,3.1811261432709963
2023-08-27,3.0702930664663994
2023-08-28,4.001484218559238
2023-08-29,3.833645829267352
2023-08-30,3.1475815536716
2023-08-31,3.3973410904875214
2023-09-01,3.093225983192899
2023-09-02,4.007228370892108
2023-09-03,3.988743833747054
2023-09-04,4.246708607550047
2023-09-05,5.034943084316436
2023-09-06,4.687903444542705
2023-09-07,4.882579228779817
2023-09-08,4.749935416729573
2023-09-09,4.594867146468175
2023-09-10,4.574821834950576
2023-09-11,3.2552757585501055
2023-09-12,3.055851209589832
2023-09-13,3.207230391524384
2023-09-14,3.524726166837377
2023-09-15,3.3958919880598737
2023-09-16,3.877365875571893
2023-09-17,2.0727712587618496
2023-09-18,3.2017671750967445
2023-09-19,1.9686706853824567
2023-09-20,2.026964720324805
2023-09-21,2.345031327630967
2023-09-22,1.894291531409439
2023-09-23,2.1304249931331767
2023-09-24,2.5760924776094316
2023-09-25,2.5424065187090448
2023-09-26,2.6019609852262118
2023-09-27,2.8097246712673276
2023-09-28,1.60960185719189
2023-09-29,2.435157956214028
2023-09-30,2.4696130378590757
2023-10-01,2.27908446178712
2023-10-02,2.243028479499115
2023-10-03,1.9519270708733527
2023-10-04,1.650095532384398
2023-10-05,1.4196373567292133
2023-10-06,1.8585845463260362
2023-10-07,0.9412421647157
2023-10-08,1.509840569288367
2023-10-09,1.6070241268503367
2023-10-10,2.029438231668393
2023-10-11,1.5461554681279457
2023-10-12,1.3073988751325525
2023-10-13,1.857450205199393
2023-10-14,1.4504798124249525
2023-10-15,1.085731012411915
2023-10-16,1.4985411676006493
2023-10-17,1.4114067103773313
2023-10-18,1.0299877294256787
2023-10-19,1.3608060868866387
2023-10-20,1.1228133451359856
2023-10-21,0.9951968677397083
2023-10-22,1.3765025350520022
2023-10-23,1.1901889157033383
2023-10-24,0.7683170685858468
2023-10-25,0.8157206924434418
2023-10-26,1.0357000337051854
2023-10-27,0.533256098565257
2023-10-28,0.9962342671072778
2023-10-29,0.8170089718410524
2023-10-30,0.8713563802673755
2023-10-31,0.8464442727246025
2023-11-01,0.9052911680619592
2023-11-02,0.7815528564999432
2023-11-03,0.7659745662875415
2023-11-04,0.5077615473242636
2023-11-05,0.6005453918957425
2023-11-06,0.5898577458818575
2023-11-07,0.6494457821686195
2023-11-08,0.6129316999866863
2023-11-09,0.6249845725044211
2023-11-10,0.5698467842179518
2023-11-11,0.6994762731521065
2023-11-12,0.6747368681381096
2023-11-13,0.9470224741772753
2023-11-14,0.6725446739860843
2023-11-15,0.5187737726271517
2023-11-16,0.6362228124845771
2023-11-17,0.635443071581524
2023-11-18,0.7935830923340377
2023-11-19,0.4016042172116778
2023-11-20,0.6571977800620321
2023-11-21,0.536570935187681
2023-11-22,0.6911463546307962
2023-11-23,0.659794107256474
2023-11-24,0.4881257413228714
2023-11-25,0.5082733070050846
2023-11-26,0.5203342516929056
2023-11-27,0.3628532850652431
2023-11-28,0.37265342610242186
2023-11-29,0.35813074891904195
2023-11-30,0.37442799440133767
2023-12-01,0.307309468147266
2023-12-02,0.3468674227494463
2023-12-03,0.2176328993794599
2023-12-04,0.2411340113269733
2023-12-05,0.17777487606952885
2023-12-06,0.43276218194218846
2023-12-07,0.3233512625425064
2023-12-08,0.4476342629962207
2023-12-09,0.4036304143655308
2023-12-10,0.35120943786521036
2023-12-11,0.47966357560643946
2023-12-12,0.41344828301853015
2023-12-13,0.37007642625510984
2023-12-14,0.3104266668563959
2023-12-15,0.3630621918313167
2023-12-16,0.4356377967558176
2023-12-17,0.3016089758724372
2023-12-18,0.1574831929517895
2023-12-19,0.41410879495197445
2023-12-20,0.32558366323647825
2023-12-21,0.5064677468798934
2023-12-22,0.41796843432048836
2023-12-23,0.4026843198683156
2023-12-24,0.36631801901550104
2023-12-25,0.3044961861944255
2023-12-26,0.5617784283726752
2023-12-27,0.5819601627366816
2023-12-28,0.24112370009751868
2023-12-29,0.39159517528316284
2023-12-30,0.33429128481376735
2023-12-31,0.27491321666020696
2024-01-01,0.436303773096352
2024-01-02,0.48910775775636833
2024-01-03,0.3462819543688377
2024-01-04,0.24058044514872515
2024-01-05,0.37043231384153336
2024-01-06,0.3269132055689858
2024-01-07,0.2110344691477267
2024-01-08,0.21385269214121297
2024-01-09,0.2579675306179444
2024-01-10,0.3209880702776092
2024-01-11,0.48838365109092097
2024-01-12,0.32412442520145507
2024-01-13,0.37691165766647194
2024-01-14,0.2599869118301575
2024-01-15,0.28503597884391957
2024-01-16,0.26902084950890603
2024-01-17,0.3262634079700643
2024-01-18,0.44617969981050787
2024-01-19,0.5052383121605079
2024-01-20,0.3869259974058641
2024-01-21,0.596742653439505
2024-01-22,0.6155519402047397
2024-01-23,0.6066927972612262
2024-01-24,0.5701248274975906
2024-01-25,0.6527732567440635
2024-01-26,0.7924204049947939
2024-01-27,0.6032030101064931
2024-01-28,0.6266813993027996
2024-01-29,0.7429660136048113
2024-01-30,0.7755568955373687
2024-01-31,0.5646472427443026
2024-02-01,0.6563897360675519
2024-02-02,0.5752342782979252
2024-02-03,0.516412744928563
2024-02-04,0.7041536817609899
2024-02-05,0.37752639902198465
2024-02-06,0.8985671728199282
2024-02-07,0.7874798613046586
2024-02-08,0.5977226001318534
2024-02-09,1.097305634069839
2024-02-10,0.6176343511473716
2024-02-11,0.6396071550780672
2024-02-12,0.9279140957117069
2024-02-13,0.9114607800816065
2024-02-14,0.8636087539313345
2024-02-15,0.9902936768399333
2024-02-16,0.8277524688210812
2024-02-17,0.8216722513926017
2024-02-18,0.6727097004801267
2024-02-19,1.067047517918343
2024-02-20,1.0386562636290082
2024-02-21,0.5580365416336985
2024-02-22,1.358038596272114
2024-02-23,0.893515272125657
2024-02-24,0.8631078235112604
2024-02-25,1.0186206262391784
2024-02-26,0.6844468431225944
2024-02-27,1.1971004339958473
2024-02-28,1.297528162654311
2024-02-29,0.8075227840067651
2024-03-01,0.9881756320604421
2024-03-02,1.367544802723608
2024-03-03,1.5528653802197954
2024-03-04,1.45719043128208
2024-03-05,1.4687757732274813
2024-03-06,1.4075507230227167
2024-03-07,1.308313354853992
2024-03-08,1.3217538262504425
2024-03-09,1.632023900721223
2024-03-10,1.4390522744297363
2024-03-11,0.8001724961762721
2024-03-12,1.293207159858633
2024-03-13,1.3604620751031329
2024-03-14,2.3275321229824812
2024-03-15,1.5178194670100797
2024-03-16,1.7729222976355903
2024-03-17,1.942091762885943
2024-03-18,1.961956514651174
2024-03-19,2.106207479059154
2024-03-20,2.083207510704049
2024-03-21,1.4132029489013695
2024-03-22,1.5749160230493058
2024-03-23,1.4666200036377928
2024-03-24,1.6237127436179284
2024-03-25,2.0591929169488417
2024-03-26,1.7644929984047446
2024-03-27,1.7221518772618656
2024-03-28,1.7549484973436793
2024-03-29,2.0782812236690176
2024-03-30,2.1543141719242085
2024-03-31,3.0789977410402485
2024-04-01,1.9205508290312783
2024-04-02,2.063822894582995
2024-04-03,2.035285524732462
2024-04-04,2.0388452906973398
2024-04-05,2.316811609201781
2024-04-06,4.3310679956526315
2024-04-07,3.1607974975041473
2024-04-08,3.3930004167553243
2024-04-09,2.7559218255891573
2024-04-10,2.7580579219412926
2024-04-11,1.9989467389490307
2024-04-12,2.4652974103514826
2024-04-13,3.7568860629190817
2024-04-14,2.927746538590015
2024-04-15,2.5388769269786247
2024-04-16,2.765933213175981
2024-04-17,2.3547327349171283
2024-04-18,2.93116188768117
2024-04-19,2.0998125002733676
2024-04-20,2.2050155646602163
2024-04-21,2.903122969845932
2024-04-22,2.8723419325511372
2024-04-23,3.1858796431109866
2024-04-24,2.5793113081005408
2024-04-25,2.7846650951061416
2024-04-26,3.029714072360538
2024-04-27,4.2107204907752624
2024-04-28,3.9475363992955166
2024-04-29,4.819677472150234
2024-04-30,4.402004798625378
2024-05-01,3.8072008410256415
2024-05-02,5.598748921554751
2024-05-03,3.112292671009338
2024-05-04,4.215763566084178
2024-05-05,3.9827462828879168
2024-05-06,4.806180811945794
2024-05-07,4.699645911827699
2024-05-08,3.931119948379356
2024-05-09,4.986928850712294
2024-05-10,4.930725245413951
2024-05-11,5.206790181130641
2024-05-12,5.3657817149200975
2024-05-13,5.364578628886364
2024-05-14,6.38578607822935
2024-05-15,5.254504159188476
2024-05-16,4.513944816498526
2024-05-17,3.8084551099651187
2024-05-18,5.787810085809773
2024-05-19,5.613137249904171
2024-05-20,4.312972351346087
2024-05-21,6.1075189641395475
2024-05-22,3.32302901628931
2024-05-23,4.482540604186344
2024-05-24,5.156342533200464
2024-05-25,5.420487059174805
2024-05-26,5.4021083657422375
2024-05-27,3.8463423540535873
2024-05-28,4.748037675255133
2024-05-29,3.953447760481766
2024-05-30,3.6183421185707356
2024-05-31,4.194099470897948
2024-06-01,2.6895069143502086
2024-06-02,4.2114240633978905
2024-06-03,4.3356412823038655
2024-06-04,5.317165336610075
2024-06-05,3.8430038718099646
2024-06-06,4.523233299818895
2024-06-07,4.809063526568029
2024-06-08,4.781875520151398
2024-06-09,4.046170716969389
2024-06-10,2.8815234948689032
2024-06-11,3.8542855144671515
2024-06-12,3.546436303163838
2024-06-13,4.506557856070296
2024-06-14,3.478088676328325
2024-06-15,3.494076007027758
2024-06-16,4.12435092972445
2024-06-17,4.988534182029608
2024-06-18,5.371976352878
2024-06-19,4.978443293327809
2024-06-20,5.833629792977877
2024-06-21,4.963331623837665
2024-06-22,4.716453298645863
2024-06-23,6.165779895957449
2024-06-24,6.872255371715545
2024-06-25,7.0773194739149625
2024-06-26,7.423142565201027
2024-06-27,6.178970545799866
2024-06-28,4.691349031895279
2024-06-29,6.424621729356967
2024-06-30,4.59038704302355
2024-07-01,3.7461859359353484
2024-07-02,3.526950725909785
2024-07-03,3.931337694573231
2024-07-04,2.7885593370104393
2024-07-05,3.162492948760159
2024-07-06,4.590601442040331
2024-07-07,4.440448426126028
2024-07-08,4.880532835909881
2024-07-09,5.764187183064944
2024-07-10,4.615411225354736
2024-07-11,4.293024464764531
2024-07-12,2.25143929784789
2024-07-13,3.1964577760653485
2024-07-14,4.259143206611214
2024-07-15,6.627050520330488
2024-07-16,3.215800623686516
2024-07-17,5.101101659745905
2024-07-18,6.833499493137146
2024-07-19,6.685886768634243
2024-07-20,6.688508939844386
2024-07-21,5.050488849882523
2024-07-22,5.562743989303492
2024-07-23,4.072306659076267
2024-07-24,4.8277420887331
2024-07-25,5.673503669345731
2024-07-26,4.696656867588999
2024-07-27,5.729059875165225
2024-07-28,5.274335313605891
2024-07-29,6.286196464838905
2024-07-30,6.701214685900638
2024-07-31,5.514731903979113
2024-08-01,4.65936830111919
2024-08-02,5.962923978832559
2024-08-03,4.163095358945772
2024-08-04,4.446514514829916
2024-08-05,4.483712403715492
2024-08-06,6.62258114690167
2024-08-07,3.967297086677928
2024-08-08,4.659503648728625
2024-08-09,4.0027310664772795
2024-08-10,4.349921427661663
2024-08-11,5.483743272368584
2024-08-12,6.418255986124498
2024-08-13,5.0554496938301945
2024-08-14,3.9838824800098576
2024-08-15,4.883377790455134
2024-08-16,3.5951119538078853
2024-08-17,4.898618639696925
2024-08-18,4.481903846774313
2024-08-19,5.109205446533909
2024-08-20,4.574047773785211
2024-08-21,3.2441339258162114
2024-08-22,3.557132180068465
2024-08-23,3.808040604989122
2024-08-24,4.388839322695356
2024-08-25,3.403878853891404
2024-08-26,3.254254864850925
2024-08-27,4.399753820694615
2024-08-28,5.727686694022535
2024-08-29,4.40652068175308
2024-08-30,4.267868575659078
2024-08-31,3.621218694915082
2024-09-01,4.61827549049487
2024-09-02,4.070222485110958
2024-09-03,3.713694602567378
2024-09-04,2.7987908172585008
2024-09-05,5.080116582716241
2024-09-06,3.322239782608832
2024-09-07,3.0411544451502683
2024-09-08,3.3530997030459284
2024-09-09,3.2542915735246023
2024-09-10,2.6828849336029985
2024-09-11,1.9660834841363133
2024-09-12,2.483117942127043
2024-09-13,2.958155290921076
2024-09-14,3.107856486067911
2024-09-15,3.188937495891863
2024-09-16,2.7812055970286003
2024-09-17,2.150494979507106
2024-09-18,2.8309550713607106
2024-09-19,2.655531683625665
2024-09-20,2.8390282444899233
2024-09-21,3.1813098490877465
2024-09-22,3.356482393459619
2024-09-23,2.747253535509318
2024-09-24,2.006992655791148
2024-09-25,1.2625979925989734
2024-09-26,1.799604700859305
2024-09-27,1.6305440992475595
2024-09-28,1.844525001027785
2024-09-29,2.172492953283373
2024-09-30,1.5045819525608637
2024-10-01,1.1291802216156621
2024-10-02,1.8256043949061642
2024-10-03,2.079328294250407
2024-10-04,2.067589557804146
2024-10-05,2.15266912891234
2024-10-06,1.5811768635408665
2024-10-07,1.7525403732863178
2024-10-08,1.3489794479462556
2024-10-09,1.4767938893460812
2024-10-10,1.6078564038491514
2024-10-11,1.5650803885788491
2024-10-12,1.45520271703716
2024-10-13,1.3866404608635228
2024-10-14,1.5083727892116954
2024-10-15,1.6195673231575736
2024-10-16,1.5014536009827297
2024-10-17,1.370756574769396
2024-10-18,1.2372081789502047
2024-10-19,0.8235549622672126
2024-10-20,1.065693918216045
2024-10-21,1.1246730491636898
2024-10-22,1.3505030738316988
2024-10-23,1.2697697344079055
2024-10-24,0.7973405752431422
2024-10-25,1.2953248595537326
2024-10-26,1.153381012661033
2024-10-27,1.1097039883234285
2024-10-28,1.063026203557347
2024-10-29,0.9439359813433146
2024-10-30,0.9848082009414083
2024-10-31,0.7168171185926788
2024-11-01,0.578342174628359
2024-11-02,0.9959683133334084
2024-11-03,1.0106269260534848
2024-11-04,0.9938206912299312
2024-11-05,0.794930582337187
2024-11-06,0.7098185990133691
2024-11-07,0.6903070487219286
2024-11-08,0.260546297835632
2024-11-09,0.45219422650952923
2024-11-10,0.4796525142097752
2024-11-11,0.6022369714173581
2024-11-12,0.5969722175011307
2024-11-13,0.7973477487697144
2024-11-14,0.5328043629141014
2024-11-15,0.5200648110375192
2024-11-16,0.4934004881649212
2024-11-17,0.5603625708781447
2024-11-18,0.5324572126114214
2024-11-19,0.41256460759300795
2024-11-20,0.46742009109507393
2024-11-21,0.34578982894400473
2024-11-22,0.4427582876000529
2024-11-23,0.5598503772517007
2024-11-24,0.7272262499151827
2024-11-25,0.6928387414444134
2024-11-26,0.5507919682301057
2024-11-27,0.6228405838578396
2024-11-28,0.43964547695571726
2024-11-29,0.45141023218427356
2024-11-30,0.4154837969630067
2024-12-01,0.3894651108057738
2024-12-02,0.4547736782230085
2024-12-03,0.47789309371873884
2024-12-04,0.38100132072352066
2024-12-05,0.5250351753301262
2024-12-06,0.483431783450021
2024-12-07,0.3767127471321499
2024-12-08,0.27732790886628056
2024-12-09,0.2202804008496307
2024-12-10,0.17307198537081978
2024-12-11,0.14796264018686914
2024-12-12,0.25834625490447743
2024-12-13,0.2740443369194678
2024-12-14,0.40482946109215867
2024-12-15,0.518673717207078
2024-12-16,0.24868378661630122
2024-12-17,0.3000347280628734
2024-12-18,0.5277423863917926
2024-12-19,0.5139165763593936
2024-12-20,0.3475902703786062
2024-12-21,0.363214818316556
2024-12-22,0.4043968310828541
2024-12-23,0.36313963537252164
2024-12-24,0.4977999449825591
2024-12-25,0.25054617541267693
2024-12-26,0.3013410253651042
2024-12-27,0.3009355374273474
2024-12-28,0.21706105752726432
2024-12-29,0.38977105757803265
2024-12-30,0.21991307749891612
2024-12-31,0.40705228967408885
2025-01-01,0.4218027226230279
2025-01-02,0.3430845909745608
2025-01-03,0.34768613809071985
2025-01-04,0.3081293209404803
2025-01-05,0.631188648621879
2025-01-06,0.5643164170032413
2025-01-07,0.32027115089265584
2025-01-08,0.3752010003967262
2025-01-09,0.4490155950798792
2025-01-10,0.41046599457647426
2025-01-11,0.44314557838281105
2025-01-12,0.4277787350818046
2025-01-13,0.41352696291901353
2025-01-14,0.48747125402676295
2025-01-15,0.3760466158041558
2025-01-16,0.4730878201107943
2025-01-17,0.23733414643817485
2025-01-18,0.1814833161115098
2025-01-19,0.13062192099320108
2025-01-20,0.2417324160396366
2025-01-21,0.26604720860593817
2025-01-22,0.4198236563377887
2025-01-23,0.4405160019011819
2025-01-24,0.5728542326928003
2025-01-25,0.6269701120952834
2025-01-26,0.49492751635641863
2025-01-27,0.6758788809197921
2025-01-28,0.5360449694178743
2025-01-29,0.6493856691124108
2025-01-30,0.6462096709476226
2025-01-31,0.6752016106660332
2025-02-01,0.7376050060220759
2025-02-02,0.5636517655658813
2025-02-03,0.7370754745531465
2025-02-04,0.594353600950075
2025-02-05,0.8478587903853105
2025-02-06,0.7580859645286847
2025-02-07,0.47026103034977046
2025-02-08,0.5686650927460526
2025-02-09,0.61846779839488
2025-02-10,0.3680411914684789
2025-02-11,0.534652671989507
2025-02-12,0.40975642352410246
2025-02-13,0.5626194253607496
2025-02-14,0.6985215367561104
2025-02-15,0.5320014393309729
2025-02-16,0.7681109513842275
2025-02-17,0.6834032023916609
2025-02-18,0.7236522900427275
2025-02-19,0.7456837951066394
2025-02-20,1.3251389979381953
2025-02-21,1.5296221911326975
2025-02-22,1.143110254409763
2025-02-23,1.4426530400701414
2025-02-24,0.9036228237715149
2025-02-25,1.1874030007156688
2025-02-26,1.287845336165368
2025-02-27,0.8443639483452764
2025-02-28,1.136746175842302
2025-03-01,1.2798403722815088
2025-03-02,1.457598049593089
2025-03-03,1.5620494815354844
2025-03-04,1.741745540513719
2025-03-05,1.9158206460754743
2025-03-06,2.3679492076412787
2025-03-07,2.2182937071655737
2025-03-08,2.542386194735221
2025-03-09,2.218231475062042
2025-03-10,2.187052632500442
2025-03-11,1.504824096058449
2025-03-12,1.489257659912441
2025-03-13,1.6062406763250643
2025-03-14,1.4039941710482677
2025-03-15,1.4191549029836847
2025-03-16,1.8714925151115123
2025-03-17,1.8556640415666545
2025-03-18,2.153848680474415
2025-03-19,2.47200172931504
2025-03-20,3.0362463823259587
2025-03-21,3.335858199990646
2025-03-22,2.3985606889129447
2025-03-23,2.6358302352368446
2025-03-24,2.014117495908203
2025-03-25,2.0208946973014803
2025-03-26,2.353211561842239
2025-03-27,2.9658027873605928
2025-03-28,2.068958433720644
2025-03-29,2.398282179123162
2025-03-30,2.0646411719909277
2025-03-31,2.409332352475706
2025-04-01,3.0427062583960045
2025-04-02,3.2839283438074713
2025-04-03,3.448972002349566
2025-04-04,4.0922939493682895
2025-04-05,2.645984389935032
2025-04-06,2.6211883890198844
2025-04-07,3.0511907677111894
2025-04-08,2.9111618423094443
2025-04-09,2.4731630773936284
2025-04-10,3.0085262632701184
2025-04-11,3.758992730274046
2025-04-12,4.869301947798093
2025-04-13,2.569115857250965
2025-04-14,3.386220740441602
2025-04-15,4.396561794901044
2025-04-16,2.08187171528835
2025-04-17,2.3960073490334324
2025-04-18,3.4435556567876615
2025-04-19,3.3542047732330302
2025-04-20,3.7505729364366975
2025-04-21,2.8542938636495347
2025-04-22,3.462356766000206
2025-04-23,4.042981969022777
2025-04-24,2.295055697420166
2025-04-25,3.110814186743925
2025-04-26,4.381860732392667
2025-04-27,4.807988673731094
2025-04-28,5.266855910416967
2025-04-29,5.204242752504564
2025-04-30,5.94866399558967
2025-05-01,6.726918881377693
2025-05-02,5.000094270492643
2025-05-03,4.185829692765718
2025-05-04,3.537179904840464
2025-05-05,3.845185233034972
2025-05-06,3.7391053185178427
2025-05-07,4.005270626523013
2025-05-08,5.127514409223959
2025-05-09,5.36301165549126
2025-05-10,6.058183041815391
2025-05-11,6.351808963470043
2025-05-12,6.13097075892209
2025-05-13,5.622125247973452
2025-05-14,4.889186824361425
2025-05-15,4.871609072697614
2025-05-16,4.34799142303701
2025-05-17,4.6982571738682095
2025-05-18,4.988564237660336
2025-05-19,5.940788610274108
2025-05-20,5.801042950354459
2025-05-21,3.932437145687998
2025-05-22,3.8720544605192897
2025-05-23,3.5279419406400354
2025-05-24,4.525650977363952
2025-05-25,3.5015125896054045
2025-05-26,3.702097943534938
2025-05-27,3.7396249675251587
2025-05-28,4.258633155879204
2025-05-29,4.921294257869255
2025-05-30,4.1662004275440845
2025-05-31,6.204334228929629
2025-06-01,3.966102957513447
2025-06-02,4.686922095619732
2025-06-03,5.924727109298842
2025-06-04,4.166824584438603
2025-06-05,4.180644055979886
2025-06-06,4.049950242084314
2025-06-07,2.809130170835552
2025-06-08,2.7820973081009046
2025-06-09,4.807030886503414
2025-06-10,4.455441809630668
2025-06-11,5.550573498586864
2025-06-12,6.748957623787037
2025-06-13,7.573197001638461
2025-06-14,7.256409188382893
2025-06-15,5.0143484161422744
2025-06-16,5.454330034023864
2025-06-17,6.593540798474134
2025-06-18,6.040142706415639
2025-06-19,5.91503795699543
2025-06-20,6.533189005068317
2025-06-21,8.14967693683604
2025-06-22,6.045054874992712
2025-06-23,3.5470681788253717
2025-06-24,4.868540828856854
2025-06-25,5.181363774634499
2025-06-26,4.595769089294784
2025-06-27,4.838717538921653
2025-06-28,5.150186585844626
2025-06-29,6.617601357518845
2025-06-30,7.8387348528024505
2025-07-01,8.177926070971411
2025-07-02,7.78600370507941
2025-07-03,5.39126168450881
2025-07-04,6.468012640098123
2025-07-05,3.8075453216003496
2025-07-06,4.189194606754264
2025-07-07,4.619301637987802
2025-07-08,4.527634408260069
2025-07-09,4.777641622160197
2025-07-10,5.831759473385051
2025-07-11,6.300929382158452
2025-07-12,5.815041073111364
2025-07-13,5.442737509181124
2025-07-14,6.062999749390268
2025-07-15,4.355231247988927
2025-07-16,4.4366612787238315
2025-07-17,5.543613364816524
2025-07-18,6.503452725409809
2025-07-19,5.653456216277717
2025-07-20,5.100522324141223
2025-07-21,4.664786075688644
2025-07-22,4.145589266805849
2025-07-23,4.893479431118705
2025-07-24,5.5195497583155575
2025-07-25,5.150950395035497
2025-07-26,5.644276617326093
2025-07-27,5.077168724938236
2025-07-28,4.1334845375893545
2025-07-29,5.441484318771761
2025-07-30,4.5934974168558815
2025-07-31,4.527588384477153
2025-08-01,3.246716064932956
2025-08-02,3.4609825052332996
2025-08-03,4.0073614694217214
2025-08-04,4.9003806668620875
2025-08-05,3.7564722024215844
2025-08-06,4.188837600249216
2025-08-07,4.893958584364453
2025-08-08,5.462188764215927
2025-08-09,5.357723616664744
2025-08-10,5.236114141253675
2025-08-11,6.034030749380048
2025-08-12,5.848361010448156
2025-08-13,6.745757384218015
2025-08-14,6.232028077814909
2025-08-15,5.506781226641868
2025-08-16,4.381854098081897
2025-08-17,4.032741148555802
2025-08-18,4.2125627475456335
2025-08-19,4.989361782698274
2025-08-20,4.890305820321196
2025-08-21,3.9580126448547017
2025-08-22,2.9523980199959436
2025-08-23,4.086256390161479
2025-08-24,4.517415573219375
2025-08-25,4.857622116610561
2025-08-26,4.822659500880578
2025-08-27,3.950142357914765
2025-08-28,3.5188078280313473
2025-08-29,4.007043093309842
2025-08-30,3.841438642814765
2025-08-31,3.772195222066216
2025-09-01,3.6807572289477433
2025-09-02,3.3917343734019156
2025-09-03,3.359378327192042
2025-09-04,3.095834686922368
2025-09-05,3.4754479033200147
2025-09-06,3.9049142671573986
2025-09-07,3.658353174591543
2025-09-08,3.745872838517193
2025-09-09,2.77309410184595
2025-09-10,3.7314883867559594
2025-09-11,2.8146422905255273
2025-09-12,2.336592463801555
2025-09-13,2.3043458858790036
2025-09-14,2.801437730900222
2025-09-15,1.8824861730675932
2025-09-16,1.7600064555186141
2025-09-17,2.529836606604121
2025-09-18,1.5401459074021502
2025-09-19,3.319505731813702
2025-09-20,2.7200375063573077
2025-09-21,2.7969719101051203
2025-09-22,2.313144637448855
2025-09-23,2.7535610856163166
2025-09-24,2.4899843436421065
2025-09-25,2.0182095163339246
2025-09-26,1.9028376837054557
2025-09-27,1.821288712141446
2025-09-28,2.4920063581331067
2025-09-29,2.5974046544211404
2025-09-30,2.50666481800756
2025-10-01,2.4721799744478092
2025-10-02,1.8381266805826102
2025-10-03,1.181451541611116
2025-10-04,1.6486591551891485
2025-10-05,1.0230847332430593
2025-10-06,1.4728243453578052
2025-10-07,1.6435226361602222
2025-10-08,1.4870753523177396
2025-10-09,1.9198378337991773
2025-10-10,1.7261932522055508
2025-10-11,1.387427936919312
2025-10-12,1.3279421605057204
2025-10-13,1.45766892294669
2025-10-14,1.465464101525809
2025-10-15,1.5288547052711778
2025-10-16,1.2960851014649593
2025-10-17,1.252332518947806
2025-10-18,1.2578617570544492
2025-10-19,1.1603839562996487
2025-10-20,1.1615417640819876
2025-10-21,0.9624050073916953
2025-10-22,1.206910913884205
2025-10-23,1.0043992625932294
2025-10-24,0.7520237706705718
2025-10-25,1.0577834637563834
2025-10-26,0.8463402645697142
2025-10-27,0.7473198033979516
2025-10-28,1.0467332939497602
2025-10-29,0.6924157821414468
2025-10-30,0.9048966111793556
2025-10-31,0.9045000855453431
2025-11-01,0.732124420151475
2025-11-02,0.833073795116722
2025-11-03,1.050034106322009
2025-11-04,0.8020911800731179
2025-11-05,0.8433359487302045
2025-11-06,0.7386201804840963
2025-11-07,0.8930390110303115
2025-11-08,1.0086784366864008
2025-11-09,0.932113326794757
2025-11-10,0.6667325919325593
2025-11-11,0.6405305498657637
2025-11-12,0.7170193072975596
2025-11-13,0.808976914320416
2025-11-14,0.6779777821104417
2025-11-15,0.2853792890846094
2025-11-16,0.6304804832672668
2025-11-17,0.5623042672194267
2025-11-18,0.49365509131062546
2025-11-19,0.49336138834463816
2025-11-20,0.45899660887250393
2025-11-21,0.5549975245123149
2025-11-22,0.3777041552382709
2025-11-23,0.49079145607602337
2025-11-24,0.5574603460366195
2025-11-25,0.6277886768909758
2025-11-26,0.3056172466147625
2025-11-27,0.565506624097201
2025-11-28,0.35401849102642885
2025-11-29,0.305288537034491
2025-11-30,0.32709984454213303
2025-12-01,0.3913990617536153
2025-12-02,0.35670561608072665
2025-12-03,0.49402655623015357
2025-12-04,0.4163476032849187
2025-12-05,0.3052129476561893
2025-12-06,0.48609425718605664
2025-12-07,0.4605052543705837
2025-12-08,0.5340932018876353
2025-12-09,0.3481001947050379
2025-12-10,0.4902169752099494
2025-12-11,0.3746621326893895
2025-12-12,0.35388779570818557
2025-12-13,0.49187200986530477
2025-12-14,0.41460940915846667
2025-12-15,0.33730087670992986
2025-12-16,0.39681455686646744
2025-12-17,0.34575980261443323
2025-12-18,0.5184203772060562
2025-12-19,0.5536107696150566
2025-12-20,0.3462835131237401
2025-12-21,0.3832167593890385
2025-12-22,0.1891633118804706
2025-12-23,0.31579796483636213
2025-12-24,0.24244681324739317
2025-12-25,0.2175600380390068
2025-12-26,0.30952394668675837
2025-12-27,0.4458677973566673
2025-12-28,0.46722958552583466
2025-12-29,0.44195064655442107
2025-12-30,0.3790979991119857
2025-12-31,0.4213428682155488
2026-01-01,0.3485856548906568
2026-01-02,0.3383209261148239
2026-01-03,0.2731961455523869
2026-01-04,0.20093607628532614
2026-01-05,0.20461682663200045
2026-01-06,0.38551162664474425
2026-01-07,0.29390867654622804
2026-01-08,0.2775807093146489
2026-01-09,0.296012853248074
2026-01-10,0.1901366784583239
2026-01-11,0.3174001258676174
2026-01-12,0.5032660685118296
2026-01-13,0.3800891972855439
2026-01-14,0.5202386976895289
2026-01-15,0.5261509692796733
2026-01-16,0.5625428992328508
2026-01-17,0.6372212293631231
2026-01-18,0.4033561631785704
2026-01-19,0.3209771736750562
2026-01-20,0.3653555570091553
2026-01-21,0.4361514860220185
2026-01-22,0.35399825812477054
2026-01-23,0.3673588801568785
2026-01-24,0.3743443267099086
2026-01-25,0.23511379203573127
2026-01-26,0.3555816942069202
2026-01-27,0.41565702481611344
2026-01-28,0.3027763014252516
2026-01-29,0.19813545981108446
2026-01-30,0.2820203435043586
2026-01-31,0.45186320646769107
2026-02-01,0.4959237676911735
2026-02-02,0.5057914144256159
2026-02-03,0.3894372676089434
2026-02-04,0.5569557658621025
2026-02-05,0.22457488091455427
2026-02-06,0.5094384133520854
2026-02-07,0.8186499510082849
2026-02-08,0.520246125646849
2026-02-09,0.4788796960080577
2026-02-10,0.6567831957167904
2026-02-11,0.7702280794638244
2026-02-12,0.9535419115308623
2026-02-13,0.4519215177074564
2026-02-14,0.661637729065287
2026-02-15,0.6405607084250133
2026-02-16,0.8982595368600408
2026-02-17,0.7873676114081889
2026-02-18,0.556441634056246
2026-02-19,0.6303975129104219
2026-02-20,1.0816714734718174
2026-02-21,0.8587349022652896
2026-02-22,0.7913306898240656
2026-02-23,0.7793526477005462
2026-02-24,1.1210497679110154
2026-02-25,1.6611676020370965
2026-02-26,1.0496507036636777
2026-02-27,0.8821800538572112
2026-02-28,1.4789483391427392
2026-03-01,1.5529585513685382
2026-03-02,1.8387152511970888
2026-03-03,0.0
