timestamp,head,Precipitation,Evapotranspiration,recharge,head_t1,outliers_boxplot,jumps_drops
2025-09-10 13:00:00,-4.724,0.0,1.07,-1.07,,-4.724,
2025-09-10 14:00:00,,0.0,0.5,-0.5,,,
2025-09-10 15:00:00,,0.0,0.18,-0.18,,,
2025-09-10 16:00:00,,0.0,0.09,-0.09,,,
2025-09-10 17:00:00,,0.0,0.05,-0.05,,,
2025-09-10 18:00:00,,0.0,0.0,0.0,,,
2025-09-10 19:00:00,,0.0,0.0,0.0,,,
2025-09-10 20:00:00,,0.0,0.0,0.0,,,
2025-09-10 21:00:00,,0.0,0.0,0.0,,,
2025-09-10 22:00:00,,0.0,0.0,0.0,,,
2025-09-10 23:00:00,,0.005,0.0,0.005,,,
2025-09-11 00:00:00,,0.0,0.0,0.0,,,
2025-09-11 01:00:00,,0.005,0.0,0.005,,,
2025-09-11 02:00:00,,0.005,0.0,0.005,,,
2025-09-11 03:00:00,,0.1,0.0,0.1,,,
2025-09-11 04:00:00,,0.1,0.0,0.1,,,
2025-09-11 05:00:00,,0.0,0.03,-0.03,,,
2025-09-11 06:00:00,,0.0,0.21,-0.21,,,
2025-09-11 07:00:00,,0.0,0.46,-0.46,,,
2025-09-11 08:00:00,,0.0,0.5,-0.5,,,
2025-09-11 09:00:00,,0.0,0.58,-0.58,,,
2025-09-11 10:00:00,,0.005,0.65,-0.645,,,
2025-09-11 11:00:00,,0.005,0.85,-0.845,,,
2025-09-11 12:00:00,,0.1,0.49,-0.39,,,
2025-09-11 13:00:00,,0.5,0.51,-0.01,,,
2025-09-11 14:00:00,,0.0,0.56,-0.56,,,
2025-09-11 15:00:00,,0.0,0.28,-0.28,,,
2025-09-11 16:00:00,,0.005,0.22,-0.215,,,
2025-09-11 17:00:00,,0.0,0.03,-0.03,,,
2025-09-11 18:00:00,,1.3,0.0,1.3,,,
2025-09-11 19:00:00,,0.005,0.0,0.005,,,
2025-09-11 20:00:00,,0.0,0.0,0.0,,,
2025-09-11 21:00:00,,1.1,0.0,1.1,,,
2025-09-11 22:00:00,,0.8,0.0,0.8,,,
2025-09-11 23:00:00,,0.1,0.0,0.1,,,
2025-09-12 00:00:00,,0.005,0.0,0.005,,,
2025-09-12 01:00:00,,3.0,0.0,3.0,,,
2025-09-12 02:00:00,,6.1,0.0,6.1,,,
2025-09-12 03:00:00,,2.4,0.0,2.4,,,
2025-09-12 04:00:00,,0.1,0.0,0.1,,,
2025-09-12 05:00:00,,0.2,0.06,0.14,,,
2025-09-12 06:00:00,,0.005,0.16,-0.155,,,
2025-09-12 07:00:00,,0.005,0.34,-0.335,,,
2025-09-12 08:00:00,,0.7,0.21,0.49,,,
2025-09-12 09:00:00,,0.005,0.39,-0.385,,,
2025-09-12 10:00:00,,0.4,0.66,-0.26,,,
2025-09-12 11:00:00,,0.005,0.54,-0.535,,,
2025-09-12 12:00:00,,0.005,0.72,-0.715,,,
2025-09-12 13:00:00,,0.0,0.61,-0.61,,,
2025-09-12 14:00:00,,0.7,0.44,0.2599999999999999,,,
2025-09-12 15:00:00,,0.1,0.1,0.0,,,
2025-09-12 16:00:00,,0.4,0.07,0.33,,,
2025-09-12 17:00:00,,1.5,0.01,1.49,,,
2025-09-12 18:00:00,,0.005,0.0,0.005,,,
2025-09-12 19:00:00,,0.005,0.0,0.005,,,
2025-09-12 20:00:00,,0.005,0.0,0.005,,,
2025-09-12 21:00:00,,0.005,0.0,0.005,,,
2025-09-12 22:00:00,,0.005,0.0,0.005,,,
2025-09-12 23:00:00,,0.0,0.0,0.0,,,
2025-09-13 00:00:00,,0.005,0.0,0.005,,,
2025-09-13 01:00:00,,0.0,0.0,0.0,,,
2025-09-13 02:00:00,,0.0,0.0,0.0,,,
2025-09-13 03:00:00,,0.0,0.0,0.0,,,
2025-09-13 04:00:00,,0.0,0.0,0.0,,,
2025-09-13 05:00:00,,0.005,0.03,-0.0249999999999999,,,
2025-09-13 06:00:00,,0.0,0.14,-0.14,,,
2025-09-13 07:00:00,,0.0,0.35,-0.35,,,
2025-09-13 08:00:00,,0.0,0.5,-0.5,,,
2025-09-13 09:00:00,,0.0,0.58,-0.58,,,
2025-09-13 10:00:00,,0.005,0.48,-0.475,,,
2025-09-13 11:00:00,,0.3,0.28,0.0199999999999999,,,
2025-09-13 12:00:00,,0.9,0.49,0.41,,,
2025-09-13 13:00:00,-4.746,0.0,0.63,-0.63,,-4.746,
2025-09-13 14:00:00,,0.0,0.37,-0.37,,,
2025-09-13 15:00:00,,0.0,0.19,-0.19,,,
2025-09-13 16:00:00,,0.0,0.13,-0.13,,,
2025-09-13 17:00:00,,0.0,0.06,-0.06,,,
2025-09-13 18:00:00,,0.0,0.0,0.0,,,
2025-09-13 19:00:00,,0.0,0.0,0.0,,,
2025-09-13 20:00:00,,0.0,0.0,0.0,,,
2025-09-13 21:00:00,,0.0,0.0,0.0,,,
2025-09-13 22:00:00,,0.0,0.0,0.0,,,
2025-09-13 23:00:00,,2.6,0.0,2.6,,,
2025-09-14 00:00:00,,0.1,0.0,0.1,,,
2025-09-14 01:00:00,,0.3,0.0,0.3,,,
2025-09-14 02:00:00,,0.005,0.0,0.005,,,
2025-09-14 03:00:00,,0.0,0.0,0.0,,,
2025-09-14 04:00:00,,0.0,0.0,0.0,,,
2025-09-14 05:00:00,,0.0,0.03,-0.03,,,
2025-09-14 06:00:00,,0.0,0.2,-0.2,,,
2025-09-14 07:00:00,,0.005,0.33,-0.325,,,
2025-09-14 08:00:00,,0.0,0.37,-0.37,,,
2025-09-14 09:00:00,,0.0,0.59,-0.59,,,
2025-09-14 10:00:00,,0.0,0.8,-0.8,,,
2025-09-14 11:00:00,,0.0,0.78,-0.78,,,
2025-09-14 12:00:00,,0.0,0.76,-0.76,,,
2025-09-14 13:00:00,,0.0,0.64,-0.64,,,
2025-09-14 14:00:00,,0.0,0.41,-0.41,,,
2025-09-14 15:00:00,,0.0,0.2,-0.2,,,
2025-09-14 16:00:00,,0.0,0.07,-0.07,,,
2025-09-14 17:00:00,,0.4,0.0,0.4,,,
2025-09-14 18:00:00,,3.0,0.0,3.0,,,
2025-09-14 19:00:00,,0.7,0.0,0.7,,,
2025-09-14 20:00:00,,1.6,0.0,1.6,,,
2025-09-14 21:00:00,,1.9,0.0,1.9,,,
2025-09-14 22:00:00,,0.4,0.0,0.4,,,
2025-09-14 23:00:00,,0.1,0.0,0.1,,,
2025-09-15 00:00:00,,0.3,0.0,0.3,,,
2025-09-15 01:00:00,,0.0,0.0,0.0,,,
2025-09-15 02:00:00,,0.0,0.0,0.0,,,
2025-09-15 03:00:00,,0.005,0.0,0.005,,,
2025-09-15 04:00:00,,0.0,0.0,0.0,,,
2025-09-15 05:00:00,,0.005,0.02,-0.015,,,
2025-09-15 06:00:00,,0.005,0.12,-0.1149999999999999,,,
2025-09-15 07:00:00,,0.0,0.23,-0.23,,,
2025-09-15 08:00:00,,0.0,0.31,-0.31,,,
2025-09-15 09:00:00,,0.005,0.52,-0.515,,,
2025-09-15 10:00:00,,0.3,0.45,-0.15,,,
2025-09-15 11:00:00,,0.005,0.55,-0.545,,,
2025-09-15 12:00:00,,0.2,0.27,-0.07,,,
2025-09-15 13:00:00,,0.6,0.35,0.25,,,
2025-09-15 14:00:00,,0.005,0.31,-0.305,,,
2025-09-15 15:00:00,,0.2,0.22,-0.0199999999999999,,,
2025-09-15 16:00:00,,0.005,0.08,-0.075,,,
2025-09-15 17:00:00,,0.005,0.04,-0.035,,,
2025-09-15 18:00:00,,0.005,0.0,0.005,,,
2025-09-15 19:00:00,,0.3,0.0,0.3,,,
2025-09-15 20:00:00,,0.005,0.0,0.005,,,
2025-09-15 21:00:00,,0.005,0.0,0.005,,,
2025-09-15 22:00:00,,0.1,0.0,0.1,,,
2025-09-15 23:00:00,,0.8,0.0,0.8,,,
2025-09-16 00:00:00,,0.1,0.0,0.1,,,
2025-09-16 01:00:00,,0.005,0.0,0.005,,,
2025-09-16 02:00:00,,0.005,0.0,0.005,,,
2025-09-16 03:00:00,,0.3,0.0,0.3,,,
2025-09-16 04:00:00,,0.1,0.0,0.1,,,
2025-09-16 05:00:00,,0.3,0.01,0.29,,,
2025-09-16 06:00:00,,0.3,0.07,0.2299999999999999,,,
2025-09-16 07:00:00,,1.0,0.2,0.8,,,
2025-09-16 08:00:00,,0.9,0.32,0.5800000000000001,,,
2025-09-16 09:00:00,,1.7,0.34,1.36,,,
2025-09-16 10:00:00,,0.5,0.41,0.09,,,
2025-09-16 11:00:00,,0.3,0.46,-0.16,,,
2025-09-16 12:00:00,,2.7,0.28,2.42,,,
2025-09-16 13:00:00,,0.8,0.4,0.4,,,
2025-09-16 14:00:00,,0.2,0.36,-0.1599999999999999,,,
2025-09-16 15:00:00,,0.005,0.32,-0.315,,,
2025-09-16 16:00:00,,0.7,0.1,0.6,,,
2025-09-16 17:00:00,,5.1,0.01,5.09,,,
2025-09-16 18:00:00,,1.3,0.0,1.3,,,
2025-09-16 19:00:00,,0.6,0.0,0.6,,,
2025-09-16 20:00:00,,0.1,0.0,0.1,,,
2025-09-16 21:00:00,,0.0,0.0,0.0,,,
2025-09-16 22:00:00,,0.005,0.0,0.005,,,
2025-09-16 23:00:00,,0.005,0.0,0.005,,,
2025-09-17 00:00:00,,0.0,0.0,0.0,,,
2025-09-17 01:00:00,,0.0,0.0,0.0,,,
2025-09-17 02:00:00,,0.0,0.0,0.0,,,
2025-09-17 03:00:00,,0.0,0.0,0.0,,,
2025-09-17 04:00:00,,0.0,0.0,0.0,,,
2025-09-17 05:00:00,,0.0,0.03,-0.03,,,
2025-09-17 06:00:00,,0.0,0.15,-0.15,,,
2025-09-17 07:00:00,,0.005,0.23,-0.225,,,
2025-09-17 08:00:00,,0.4,0.34,0.06,,,
2025-09-17 09:00:00,,0.5,0.56,-0.06,,,
2025-09-17 10:00:00,,0.2,0.56,-0.36,,,
2025-09-17 11:00:00,,0.1,0.88,-0.78,,,
2025-09-17 12:00:00,,0.4,0.82,-0.4199999999999999,,,
2025-09-17 13:00:00,-4.424,1.0,0.51,0.49,,,
2025-09-17 14:00:00,,1.1,0.31,0.79,,,
2025-09-17 15:00:00,,0.8,0.23,0.5700000000000001,,,
2025-09-17 16:00:00,,3.1,0.11,2.99,,,
2025-09-17 17:00:00,,2.4,0.01,2.39,,,
2025-09-17 18:00:00,,0.4,0.0,0.4,,,
2025-09-17 19:00:00,,0.3,0.0,0.3,,,
2025-09-17 20:00:00,,0.4,0.0,0.4,,,
2025-09-17 21:00:00,,0.4,0.0,0.4,,,
2025-09-17 22:00:00,,0.005,0.0,0.005,,,
2025-09-17 23:00:00,,0.0,0.0,0.0,,,
2025-09-18 00:00:00,,0.4,0.0,0.4,,,
2025-09-18 01:00:00,,2.4,0.0,2.4,,,
2025-09-18 02:00:00,,1.3,0.0,1.3,,,
2025-09-18 03:00:00,,0.5,0.0,0.5,,,
2025-09-18 04:00:00,,0.1,0.0,0.1,,,
2025-09-18 05:00:00,,0.005,0.01,-0.005,,,
2025-09-18 06:00:00,,0.005,0.04,-0.035,,,
2025-09-18 07:00:00,,0.0,0.13,-0.13,,,
2025-09-18 08:00:00,,0.0,0.28,-0.28,,,
2025-09-18 09:00:00,,0.0,0.39,-0.39,,,
2025-09-18 10:00:00,,0.0,0.52,-0.52,,,
2025-09-18 11:00:00,,0.0,0.48,-0.48,,,
2025-09-18 12:00:00,,0.005,0.25,-0.245,,,
2025-09-18 13:00:00,,0.005,0.19,-0.185,,,
2025-09-18 14:00:00,,0.005,0.18,-0.175,,,
2025-09-18 15:00:00,,0.005,0.25,-0.245,,,
2025-09-18 16:00:00,,0.0,0.09,-0.09,,,
2025-09-18 17:00:00,,0.0,0.02,-0.02,,,
2025-09-18 18:00:00,,0.0,0.0,0.0,,,
2025-09-18 19:00:00,,0.0,0.0,0.0,,,
2025-09-18 20:00:00,,0.0,0.0,0.0,,,
2025-09-18 21:00:00,,0.0,0.0,0.0,,,
2025-09-18 22:00:00,,0.0,0.0,0.0,,,
2025-09-18 23:00:00,,0.0,0.0,0.0,,,
2025-09-19 00:00:00,,0.0,0.0,0.0,,,
2025-09-19 01:00:00,,0.0,0.0,0.0,,,
2025-09-19 02:00:00,,0.0,0.0,0.0,,,
2025-09-19 03:00:00,,0.0,0.0,0.0,,,
2025-09-19 04:00:00,,0.0,0.0,0.0,,,
2025-09-19 05:00:00,,0.0,0.02,-0.02,,,
2025-09-19 06:00:00,,0.0,0.16,-0.16,,,
2025-09-19 07:00:00,,0.0,0.37,-0.37,,,
2025-09-19 08:00:00,,0.0,0.56,-0.56,,,
2025-09-19 09:00:00,,0.0,0.71,-0.71,,,
2025-09-19 10:00:00,,0.0,0.79,-0.79,,,
2025-09-19 11:00:00,,0.0,0.82,-0.82,,,
2025-09-19 12:00:00,,0.0,0.78,-0.78,,,
2025-09-19 13:00:00,,0.0,0.7,-0.7,,,
2025-09-19 14:00:00,,0.0,0.59,-0.59,,,
2025-09-19 15:00:00,,0.0,0.38,-0.38,,,
2025-09-19 16:00:00,,0.0,0.2,-0.2,,,
2025-09-19 17:00:00,,0.0,0.02,-0.02,,,
2025-09-19 18:00:00,,0.0,0.0,0.0,,,
2025-09-19 19:00:00,,0.0,0.0,0.0,,,
2025-09-19 20:00:00,,0.0,0.0,0.0,,,
2025-09-19 21:00:00,,0.0,0.0,0.0,,,
2025-09-19 22:00:00,,0.0,0.0,0.0,,,
2025-09-19 23:00:00,,0.0,0.0,0.0,,,
2025-09-20 00:00:00,,0.0,0.0,0.0,,,
2025-09-20 01:00:00,,0.0,0.0,0.0,,,
2025-09-20 02:00:00,,0.0,0.0,0.0,,,
2025-09-20 03:00:00,,0.0,0.0,0.0,,,
2025-09-20 04:00:00,,0.005,0.0,0.005,,,
2025-09-20 05:00:00,,0.0,0.02,-0.02,,,
2025-09-20 06:00:00,,0.0,0.15,-0.15,,,
2025-09-20 07:00:00,,0.0,0.47,-0.47,,,
2025-09-20 08:00:00,,0.0,0.98,-0.98,,,
2025-09-20 09:00:00,,0.0,0.97,-0.97,,,
2025-09-20 10:00:00,,0.0,0.62,-0.62,,,
2025-09-20 11:00:00,,1.0,0.14,0.86,,,
2025-09-20 12:00:00,,1.3,0.14,1.16,,,
2025-09-20 13:00:00,,0.2,0.16,0.04,,,
2025-09-20 14:00:00,,0.005,0.46,-0.455,,,
2025-09-20 15:00:00,,0.0,0.45,-0.45,,,
2025-09-20 16:00:00,,0.0,0.25,-0.25,,,
2025-09-20 17:00:00,,0.0,0.04,-0.04,,,
2025-09-20 18:00:00,,0.0,0.0,0.0,,,
2025-09-20 19:00:00,,0.0,0.0,0.0,,,
2025-09-20 20:00:00,,0.0,0.0,0.0,,,
2025-09-20 21:00:00,,0.0,0.0,0.0,,,
2025-09-20 22:00:00,,0.1,0.0,0.1,,,
2025-09-20 23:00:00,,0.1,0.0,0.1,,,
2025-09-21 00:00:00,,0.0,0.0,0.0,,,
2025-09-21 01:00:00,,0.0,0.0,0.0,,,
2025-09-21 02:00:00,,0.0,0.0,0.0,,,
2025-09-21 03:00:00,,0.0,0.0,0.0,,,
2025-09-21 04:00:00,,0.0,0.0,0.0,,,
2025-09-21 05:00:00,,0.0,0.02,-0.02,,,
2025-09-21 06:00:00,,0.005,0.13,-0.125,,,
2025-09-21 07:00:00,,0.1,0.16,-0.06,,,
2025-09-21 08:00:00,,0.3,0.3,0.0,,,
2025-09-21 09:00:00,,0.2,0.47,-0.2699999999999999,,,
2025-09-21 10:00:00,,0.005,0.61,-0.605,,,
2025-09-21 11:00:00,,0.3,0.79,-0.49,,,
2025-09-21 12:00:00,,0.0,0.75,-0.75,,,
2025-09-21 13:00:00,,0.0,0.61,-0.61,,,
2025-09-21 14:00:00,,0.0,0.49,-0.49,,,
2025-09-21 15:00:00,,0.005,0.3,-0.295,,,
2025-09-21 16:00:00,,0.005,0.14,-0.135,,,
2025-09-21 17:00:00,,0.0,0.02,-0.02,,,
2025-09-21 18:00:00,,0.0,0.0,0.0,,,
2025-09-21 19:00:00,,0.0,0.0,0.0,,,
2025-09-21 20:00:00,,0.0,0.0,0.0,,,
2025-09-21 21:00:00,,0.0,0.0,0.0,,,
2025-09-21 22:00:00,,0.0,0.0,0.0,,,
2025-09-21 23:00:00,,0.0,0.0,0.0,,,
2025-09-22 00:00:00,,0.0,0.0,0.0,,,
2025-09-22 01:00:00,,0.0,0.0,0.0,,,
2025-09-22 02:00:00,,0.0,0.0,0.0,,,
2025-09-22 03:00:00,,0.0,0.0,0.0,,,
2025-09-22 04:00:00,,0.0,0.0,0.0,,,
2025-09-22 05:00:00,,0.0,0.0,0.0,,,
2025-09-22 06:00:00,,0.0,0.04,-0.04,,,
2025-09-22 07:00:00,,0.0,0.25,-0.25,,,
2025-09-22 08:00:00,,0.0,0.35,-0.35,,,
2025-09-22 09:00:00,,0.0,0.6,-0.6,,,
2025-09-22 10:00:00,,0.0,0.64,-0.64,,,
2025-09-22 11:00:00,,0.0,0.79,-0.79,,,
2025-09-22 12:00:00,,0.0,0.58,-0.58,,,
2025-09-22 13:00:00,-4.355,0.0,0.54,-0.54,,,
2025-09-22 14:00:00,,0.0,0.46,-0.46,,,
2025-09-22 15:00:00,,0.005,0.17,-0.165,,,
2025-09-22 16:00:00,,0.005,0.07,-0.065,,,
2025-09-22 17:00:00,,0.005,0.01,-0.005,,,
2025-09-22 18:00:00,,0.0,0.0,0.0,,,
2025-09-22 19:00:00,,0.0,0.0,0.0,,,
2025-09-22 20:00:00,,0.0,0.0,0.0,,,
2025-09-22 21:00:00,,0.0,0.0,0.0,,,
2025-09-22 22:00:00,,0.0,0.0,0.0,,,
2025-09-22 23:00:00,,0.0,0.0,0.0,,,
2025-09-23 00:00:00,,0.0,0.0,0.0,,,
2025-09-23 01:00:00,,0.0,0.0,0.0,,,
2025-09-23 02:00:00,,0.0,0.0,0.0,,,
2025-09-23 03:00:00,,0.0,0.0,0.0,,,
2025-09-23 04:00:00,,0.0,0.0,0.0,,,
2025-09-23 05:00:00,,0.0,0.01,-0.01,,,
2025-09-23 06:00:00,,0.0,0.1,-0.1,,,
2025-09-23 07:00:00,,0.0,0.29,-0.29,,,
2025-09-23 08:00:00,,0.0,0.48,-0.48,,,
2025-09-23 09:00:00,,0.0,0.6,-0.6,,,
2025-09-23 10:00:00,,0.1,0.55,-0.45,,,
2025-09-23 11:00:00,,0.0,0.74,-0.74,,,
2025-09-23 12:00:00,,0.0,0.72,-0.72,,,
2025-09-23 13:00:00,-4.392,0.0,0.65,-0.65,,,
2025-09-23 14:00:00,,0.0,0.45,-0.45,,,
2025-09-23 15:00:00,,0.0,0.34,-0.34,,,
2025-09-23 16:00:00,,0.0,0.15,-0.15,,,
2025-09-23 17:00:00,,0.0,0.01,-0.01,,,
2025-09-23 18:00:00,,0.0,0.0,0.0,,,
2025-09-23 19:00:00,,0.0,0.0,0.0,,,
2025-09-23 20:00:00,,0.0,0.0,0.0,,,
2025-09-23 21:00:00,,0.0,0.0,0.0,,,
2025-09-23 22:00:00,,0.0,0.0,0.0,,,
2025-09-23 23:00:00,,0.0,0.0,0.0,,,
2025-09-24 00:00:00,,0.0,0.0,0.0,,,
2025-09-24 01:00:00,,0.0,0.0,0.0,,,
2025-09-24 02:00:00,,0.0,0.0,0.0,,,
2025-09-24 03:00:00,,0.0,0.0,0.0,,,
2025-09-24 04:00:00,,0.0,0.0,0.0,,,
2025-09-24 05:00:00,,0.0,0.01,-0.01,,,
2025-09-24 06:00:00,,0.0,0.13,-0.13,,,
2025-09-24 07:00:00,,0.0,0.29,-0.29,,,
2025-09-24 08:00:00,,0.0,0.44,-0.44,,,
2025-09-24 09:00:00,,0.0,0.56,-0.56,,,
2025-09-24 10:00:00,,0.0,0.64,-0.64,,,
2025-09-24 11:00:00,,0.0,0.62,-0.62,,,
2025-09-24 12:00:00,,0.0,0.6,-0.6,,,
2025-09-24 13:00:00,-4.415,0.0,0.53,-0.53,,,
2025-09-24 14:00:00,,0.0,0.43,-0.43,,,
2025-09-24 15:00:00,,0.0,0.27,-0.27,,,
2025-09-24 16:00:00,,0.0,0.09,-0.09,,,
2025-09-24 17:00:00,,0.0,0.01,-0.01,,,
2025-09-24 18:00:00,,0.0,0.0,0.0,,,
2025-09-24 19:00:00,,0.0,0.0,0.0,,,
2025-09-24 20:00:00,,0.0,0.0,0.0,,,
2025-09-24 21:00:00,,0.0,0.0,0.0,,,
2025-09-24 22:00:00,,0.0,0.0,0.0,,,
2025-09-24 23:00:00,,0.0,0.0,0.0,,,
2025-09-25 00:00:00,,0.0,0.0,0.0,,,
2025-09-25 01:00:00,,0.0,0.0,0.0,,,
2025-09-25 02:00:00,,0.0,0.0,0.0,,,
2025-09-25 03:00:00,,0.0,0.0,0.0,,,
2025-09-25 04:00:00,,0.0,0.0,0.0,,,
2025-09-25 05:00:00,,0.0,0.01,-0.01,,,
2025-09-25 06:00:00,,0.0,0.09,-0.09,,,
2025-09-25 07:00:00,,0.0,0.22,-0.22,,,
2025-09-25 08:00:00,,0.0,0.36,-0.36,,,
2025-09-25 09:00:00,,0.0,0.49,-0.49,,,
2025-09-25 10:00:00,,0.0,0.39,-0.39,,,
2025-09-25 11:00:00,,0.0,0.54,-0.54,,,
2025-09-25 12:00:00,,0.0,0.62,-0.62,,,
2025-09-25 13:00:00,-4.434,0.0,0.43,-0.43,,,
2025-09-25 14:00:00,,0.0,0.34,-0.34,,,
2025-09-25 15:00:00,,0.0,0.18,-0.18,,,
2025-09-25 16:00:00,,0.0,0.06,-0.06,,,
2025-09-25 17:00:00,,0.0,0.01,-0.01,,,
2025-09-25 18:00:00,,0.0,0.0,0.0,,,
2025-09-25 19:00:00,,0.0,0.0,0.0,,,
2025-09-25 20:00:00,,0.0,0.0,0.0,,,
2025-09-25 21:00:00,,0.0,0.0,0.0,,,
2025-09-25 22:00:00,,0.0,0.0,0.0,,,
2025-09-25 23:00:00,,0.0,0.0,0.0,,,
2025-09-26 00:00:00,,0.0,0.0,0.0,,,
2025-09-26 01:00:00,,0.0,0.0,0.0,,,
2025-09-26 02:00:00,,0.0,0.0,0.0,,,
2025-09-26 03:00:00,,0.0,0.0,0.0,,,
2025-09-26 04:00:00,,0.0,0.0,0.0,,,
2025-09-26 05:00:00,,0.0,0.0,0.0,,,
2025-09-26 06:00:00,,0.0,0.05,-0.05,,,
2025-09-26 07:00:00,,0.0,0.12,-0.12,,,
2025-09-26 08:00:00,,0.0,0.23,-0.23,,,
2025-09-26 09:00:00,,0.0,0.51,-0.51,,,
2025-09-26 10:00:00,,0.0,0.45,-0.45,,,
2025-09-26 11:00:00,,0.0,0.74,-0.74,,,
2025-09-26 12:00:00,,0.0,0.26,-0.26,,,
2025-09-26 13:00:00,,0.0,0.55,-0.55,,,
2025-09-26 14:00:00,,0.0,0.34,-0.34,,,
2025-09-26 15:00:00,,0.0,0.15,-0.15,,,
2025-09-26 16:00:00,,0.0,0.11,-0.11,,,
2025-09-26 17:00:00,,0.0,0.01,-0.01,,,
2025-09-26 18:00:00,,0.0,0.0,0.0,,,
2025-09-26 19:00:00,,0.0,0.0,0.0,,,
2025-09-26 20:00:00,,0.0,0.0,0.0,,,
2025-09-26 21:00:00,,0.0,0.0,0.0,,,
2025-09-26 22:00:00,,0.0,0.0,0.0,,,
2025-09-26 23:00:00,,0.005,0.0,0.005,,,
2025-09-27 00:00:00,,0.005,0.0,0.005,,,
2025-09-27 01:00:00,,0.0,0.0,0.0,,,
2025-09-27 02:00:00,,0.0,0.0,0.0,,,
2025-09-27 03:00:00,,0.1,0.0,0.1,,,
2025-09-27 04:00:00,,0.005,0.0,0.005,,,
2025-09-27 05:00:00,,0.0,0.0,0.0,,,
2025-09-27 06:00:00,,0.0,0.09,-0.09,,,
2025-09-27 07:00:00,,0.0,0.14,-0.14,,,
2025-09-27 08:00:00,,0.0,0.4,-0.4,,,
2025-09-27 09:00:00,,0.0,0.28,-0.28,,,
2025-09-27 10:00:00,,0.0,0.33,-0.33,,,
2025-09-27 11:00:00,,0.0,0.6,-0.6,,,
2025-09-27 12:00:00,,0.0,0.6,-0.6,,,
2025-09-27 13:00:00,-4.475,0.0,0.45,-0.45,,,
2025-09-27 14:00:00,,0.0,0.27,-0.27,,,
2025-09-27 15:00:00,,0.0,0.17,-0.17,,,
2025-09-27 16:00:00,,0.0,0.04,-0.04,,,
2025-09-27 17:00:00,,0.0,0.0,0.0,,,
2025-09-27 18:00:00,,0.0,0.0,0.0,,,
2025-09-27 19:00:00,,0.0,0.0,0.0,,,
2025-09-27 20:00:00,,0.0,0.0,0.0,,,
2025-09-27 21:00:00,,0.0,0.0,0.0,,,
2025-09-27 22:00:00,,0.0,0.0,0.0,,,
2025-09-27 23:00:00,,0.0,0.0,0.0,,,
2025-09-28 00:00:00,,0.0,0.0,0.0,,,
2025-09-28 01:00:00,,0.0,0.0,0.0,,,
2025-09-28 02:00:00,,0.0,0.0,0.0,,,
2025-09-28 03:00:00,,0.0,0.0,0.0,,,
2025-09-28 04:00:00,,0.0,0.0,0.0,,,
2025-09-28 05:00:00,,0.0,0.01,-0.01,,,
2025-09-28 06:00:00,,0.0,0.1,-0.1,,,
2025-09-28 07:00:00,,0.0,0.27,-0.27,,,
2025-09-28 08:00:00,,0.0,0.44,-0.44,,,
2025-09-28 09:00:00,,0.0,0.57,-0.57,,,
2025-09-28 10:00:00,,0.0,0.66,-0.66,,,
2025-09-28 11:00:00,,0.0,0.65,-0.65,,,
2025-09-28 12:00:00,,0.0,0.67,-0.67,,,
2025-09-28 13:00:00,,0.0,0.54,-0.54,,,
2025-09-28 14:00:00,,0.0,0.34,-0.34,,,
2025-09-28 15:00:00,,0.0,0.25,-0.25,,,
2025-09-28 16:00:00,,0.0,0.08,-0.08,,,
2025-09-28 17:00:00,,0.0,0.0,0.0,,,
2025-09-28 18:00:00,,0.0,0.0,0.0,,,
2025-09-28 19:00:00,,0.0,0.0,0.0,,,
2025-09-28 20:00:00,,0.0,0.0,0.0,,,
2025-09-28 21:00:00,,0.0,0.0,0.0,,,
2025-09-28 22:00:00,,0.0,0.0,0.0,,,
2025-09-28 23:00:00,,0.0,0.0,0.0,,,
2025-09-29 00:00:00,,0.0,0.0,0.0,,,
2025-09-29 01:00:00,,0.0,0.0,0.0,,,
2025-09-29 02:00:00,,0.0,0.0,0.0,,,
2025-09-29 03:00:00,,0.0,0.0,0.0,,,
2025-09-29 04:00:00,,0.0,0.0,0.0,,,
2025-09-29 05:00:00,,0.0,0.0,0.0,,,
2025-09-29 06:00:00,,0.0,0.14,-0.14,,,
2025-09-29 07:00:00,,0.0,0.45,-0.45,,,
2025-09-29 08:00:00,,0.0,0.54,-0.54,,,
2025-09-29 09:00:00,,0.0,0.74,-0.74,,,
2025-09-29 10:00:00,,0.0,0.63,-0.63,,,
2025-09-29 11:00:00,,0.0,0.47,-0.47,,,
2025-09-29 12:00:00,,0.0,0.42,-0.42,,,
2025-09-29 13:00:00,-4.51,0.0,0.52,-0.52,,,
2025-09-29 14:00:00,,0.0,0.42,-0.42,,,
2025-09-29 15:00:00,,0.0,0.36,-0.36,,,
2025-09-29 16:00:00,,0.0,0.1,-0.1,,,
2025-09-29 17:00:00,,0.0,0.0,0.0,,,
2025-09-29 18:00:00,,0.0,0.0,0.0,,,
2025-09-29 19:00:00,,0.0,0.0,0.0,,,
2025-09-29 20:00:00,,0.0,0.0,0.0,,,
2025-09-29 21:00:00,,0.0,0.0,0.0,,,
2025-09-29 22:00:00,,0.0,0.0,0.0,,,
2025-09-29 23:00:00,,0.0,0.0,0.0,,,
2025-09-30 00:00:00,,0.0,0.0,0.0,,,
2025-09-30 01:00:00,,0.0,0.0,0.0,,,
2025-09-30 02:00:00,,0.0,0.0,0.0,,,
2025-09-30 03:00:00,,0.0,0.0,0.0,,,
2025-09-30 04:00:00,,0.0,0.0,0.0,,,
2025-09-30 05:00:00,,0.0,0.01,-0.01,,,
2025-09-30 06:00:00,,0.0,0.09,-0.09,,,
2025-09-30 07:00:00,,0.0,0.27,-0.27,,,
2025-09-30 08:00:00,,0.0,0.34,-0.34,,,
2025-09-30 09:00:00,,0.0,0.49,-0.49,,,
2025-09-30 10:00:00,,0.0,0.85,-0.85,,,
2025-09-30 11:00:00,,0.0,0.74,-0.74,,,
2025-09-30 12:00:00,,0.0,0.48,-0.48,,,
2025-09-30 13:00:00,,0.0,0.61,-0.61,,,
2025-09-30 14:00:00,,0.0,0.48,-0.48,,,
2025-09-30 15:00:00,,0.0,0.27,-0.27,,,
2025-09-30 16:00:00,,0.0,0.1,-0.1,,,
2025-09-30 17:00:00,,0.0,0.0,0.0,,,
2025-09-30 18:00:00,,0.0,0.0,0.0,,,
2025-09-30 19:00:00,,0.0,0.0,0.0,,,
2025-09-30 20:00:00,,0.0,0.0,0.0,,,
2025-09-30 21:00:00,,0.0,0.0,0.0,,,
2025-09-30 22:00:00,,0.0,0.0,0.0,,,
2025-09-30 23:00:00,,0.0,0.0,0.0,,,
2025-10-01 00:00:00,,0.0,0.0,0.0,,,
2025-10-01 01:00:00,,0.0,0.0,0.0,,,
2025-10-01 02:00:00,,0.0,0.0,0.0,,,
2025-10-01 03:00:00,,0.0,0.0,0.0,,,
2025-10-01 04:00:00,,0.0,0.0,0.0,,,
2025-10-01 05:00:00,,0.0,0.0,0.0,,,
2025-10-01 06:00:00,,0.0,0.08,-0.08,,,
2025-10-01 07:00:00,,0.0,0.26,-0.26,,,
2025-10-01 08:00:00,,0.0,0.44,-0.44,,,
2025-10-01 09:00:00,,0.0,0.56,-0.56,,,
2025-10-01 10:00:00,,0.0,0.64,-0.64,,,
2025-10-01 11:00:00,,0.0,0.65,-0.65,,,
2025-10-01 12:00:00,,0.0,0.63,-0.63,,,
2025-10-01 13:00:00,-4.536,0.0,0.56,-0.56,,,
2025-10-01 14:00:00,,0.0,0.4,-0.4,,,
2025-10-01 15:00:00,,0.0,0.29,-0.29,,,
2025-10-01 16:00:00,,0.0,0.1,-0.1,,,
2025-10-01 17:00:00,,0.0,0.0,0.0,,,
2025-10-01 18:00:00,,0.0,0.0,0.0,,,
2025-10-01 19:00:00,,0.0,0.0,0.0,,,
2025-10-01 20:00:00,,0.0,0.0,0.0,,,
2025-10-01 21:00:00,,0.0,0.0,0.0,,,
2025-10-01 22:00:00,,0.0,0.0,0.0,,,
2025-10-01 23:00:00,,0.0,0.0,0.0,,,
2025-10-02 00:00:00,,0.0,0.0,0.0,,,
2025-10-02 01:00:00,,0.0,0.0,0.0,,,
2025-10-02 02:00:00,,0.0,0.0,0.0,,,
2025-10-02 03:00:00,,0.0,0.0,0.0,,,
2025-10-02 04:00:00,,0.0,0.0,0.0,,,
2025-10-02 05:00:00,,0.0,0.0,0.0,,,
2025-10-02 06:00:00,,0.0,0.09,-0.09,,,
2025-10-02 07:00:00,,0.0,0.17,-0.17,,,
2025-10-02 08:00:00,,0.0,0.26,-0.26,,,
2025-10-02 09:00:00,,0.005,0.29,-0.285,,,
2025-10-02 10:00:00,,0.005,0.42,-0.415,,,
2025-10-02 11:00:00,,0.0,0.59,-0.59,,,
2025-10-02 12:00:00,,0.0,0.56,-0.56,,,
2025-10-02 13:00:00,-4.556,0.0,0.4,-0.4,,,
2025-10-02 14:00:00,,0.0,0.42,-0.42,,,
2025-10-02 15:00:00,,0.0,0.15,-0.15,,,
2025-10-02 16:00:00,,0.0,0.05,-0.05,,,
2025-10-02 17:00:00,,0.0,0.0,0.0,,,
2025-10-02 18:00:00,,0.0,0.0,0.0,,,
2025-10-02 19:00:00,,0.0,0.0,0.0,,,
2025-10-02 20:00:00,,0.0,0.0,0.0,,,
2025-10-02 21:00:00,,0.0,0.0,0.0,,,
2025-10-02 22:00:00,,0.0,0.0,0.0,,,
2025-10-02 23:00:00,,0.0,0.0,0.0,,,
2025-10-03 00:00:00,,0.0,0.0,0.0,,,
2025-10-03 01:00:00,,0.0,0.0,0.0,,,
2025-10-03 02:00:00,,0.0,0.0,0.0,,,
2025-10-03 03:00:00,,0.005,0.0,0.005,,,
2025-10-03 04:00:00,,0.8,0.0,0.8,,,
2025-10-03 05:00:00,,0.2,0.0,0.2,,,
2025-10-03 06:00:00,,0.0,0.05,-0.05,,,
2025-10-03 07:00:00,,0.0,0.16,-0.16,,,
2025-10-03 08:00:00,,0.0,0.22,-0.22,,,
2025-10-03 09:00:00,,0.0,0.31,-0.31,,,
2025-10-03 10:00:00,,0.005,0.39,-0.385,,,
2025-10-03 11:00:00,,0.0,0.36,-0.36,,,
2025-10-03 12:00:00,,0.0,0.29,-0.29,,,
2025-10-03 13:00:00,,0.005,0.22,-0.215,,,
2025-10-03 14:00:00,,0.005,0.14,-0.135,,,
2025-10-03 15:00:00,,0.005,0.07,-0.065,,,
2025-10-03 16:00:00,,0.1,0.02,0.08,,,
2025-10-03 17:00:00,,1.5,0.0,1.5,,,
2025-10-03 18:00:00,,1.7,0.0,1.7,,,
2025-10-03 19:00:00,,2.4,0.0,2.4,,,
2025-10-03 20:00:00,,2.2,0.0,2.2,,,
2025-10-03 21:00:00,,2.1,0.0,2.1,,,
2025-10-03 22:00:00,,1.1,0.0,1.1,,,
2025-10-03 23:00:00,,0.4,0.0,0.4,,,
2025-10-04 00:00:00,,4.1,0.0,4.1,,,
2025-10-04 01:00:00,,4.2,0.0,4.2,,,
2025-10-04 02:00:00,,3.7,0.0,3.7,,,
2025-10-04 03:00:00,,6.3,0.0,6.3,,,
2025-10-04 04:00:00,,1.9,0.0,1.9,,,
2025-10-04 05:00:00,,2.5,0.0,2.5,,,
2025-10-04 06:00:00,,0.2,0.01,0.19,,,
2025-10-04 07:00:00,,0.005,0.07,-0.065,,,
2025-10-04 08:00:00,,0.0,0.31,-0.31,,,
2025-10-04 09:00:00,,0.0,0.54,-0.54,,,
2025-10-04 10:00:00,,0.4,0.43,-0.0299999999999999,,,
2025-10-04 11:00:00,,0.005,0.64,-0.635,,,
2025-10-04 12:00:00,,0.005,0.32,-0.315,,,
2025-10-04 13:00:00,-4.427,0.2,0.37,-0.1699999999999999,,,
2025-10-04 14:00:00,,0.6,0.23,0.37,,,
2025-10-04 15:00:00,,0.6,0.1,0.5,,,
2025-10-04 16:00:00,,0.1,0.04,0.06,,,
2025-10-04 17:00:00,,0.0,0.0,0.0,,,
2025-10-04 18:00:00,,0.8,0.0,0.8,,,
2025-10-04 19:00:00,,0.005,0.0,0.005,,,
2025-10-04 20:00:00,,1.1,0.0,1.1,,,
2025-10-04 21:00:00,,0.005,0.0,0.005,,,
2025-10-04 22:00:00,,0.0,0.0,0.0,,,
2025-10-04 23:00:00,,0.0,0.0,0.0,,,
2025-10-05 00:00:00,,0.0,0.0,0.0,,,
2025-10-05 01:00:00,,0.005,0.0,0.005,,,
2025-10-05 02:00:00,,0.2,0.0,0.2,,,
2025-10-05 03:00:00,,0.6,0.0,0.6,,,
2025-10-05 04:00:00,,1.4,0.0,1.4,,,
2025-10-05 05:00:00,,0.5,0.0,0.5,,,
2025-10-05 06:00:00,,0.6,0.03,0.57,,,
2025-10-05 07:00:00,,0.2,0.18,0.02,,,
2025-10-05 08:00:00,,0.005,0.18,-0.175,,,
2025-10-05 09:00:00,,0.5,0.26,0.24,,,
2025-10-05 10:00:00,,0.2,0.24,-0.0399999999999999,,,
2025-10-05 11:00:00,,0.005,0.29,-0.285,,,
2025-10-05 12:00:00,,0.0,0.24,-0.24,,,
2025-10-05 13:00:00,-4.304,0.005,0.18,-0.175,,,
2025-10-05 14:00:00,,0.005,0.23,-0.225,,,
2025-10-05 15:00:00,,0.005,0.1,-0.095,,,
2025-10-05 16:00:00,,0.005,0.03,-0.0249999999999999,,,
2025-10-05 17:00:00,,0.005,0.0,0.005,,,
2025-10-05 18:00:00,,0.0,0.0,0.0,,,
2025-10-05 19:00:00,,0.0,0.0,0.0,,,
2025-10-05 20:00:00,,0.0,0.0,0.0,,,
2025-10-05 21:00:00,,0.0,0.0,0.0,,,
2025-10-05 22:00:00,,0.0,0.0,0.0,,,
2025-10-05 23:00:00,,0.0,0.0,0.0,,,
2025-10-06 00:00:00,,0.0,0.0,0.0,,,
2025-10-06 01:00:00,,0.0,0.0,0.0,,,
2025-10-06 02:00:00,,0.005,0.0,0.005,,,
2025-10-06 03:00:00,,0.6,0.0,0.6,,,
2025-10-06 04:00:00,,0.2,0.0,0.2,,,
2025-10-06 05:00:00,,0.1,0.0,0.1,,,
2025-10-06 06:00:00,,0.0,0.02,-0.02,,,
2025-10-06 07:00:00,,0.005,0.12,-0.1149999999999999,,,
2025-10-06 08:00:00,,0.1,0.15,-0.0499999999999999,,,
2025-10-06 09:00:00,,0.2,0.29,-0.0899999999999999,,,
2025-10-06 10:00:00,,0.1,0.41,-0.3099999999999999,,,
2025-10-06 11:00:00,,0.1,0.65,-0.55,,,
2025-10-06 12:00:00,,0.1,0.39,-0.29,,,
2025-10-06 13:00:00,,0.005,0.21,-0.205,,,
2025-10-06 14:00:00,,0.0,0.13,-0.13,,,
2025-10-06 15:00:00,,0.1,0.04,0.06,,,
2025-10-06 16:00:00,,0.005,0.02,-0.015,,,
2025-10-06 17:00:00,,0.0,0.0,0.0,,,
2025-10-06 18:00:00,,0.0,0.0,0.0,,,
2025-10-06 19:00:00,,0.0,0.0,0.0,,,
2025-10-06 20:00:00,,0.0,0.0,0.0,,,
2025-10-06 21:00:00,,0.0,0.0,0.0,,,
2025-10-06 22:00:00,,0.0,0.0,0.0,,,
2025-10-06 23:00:00,,0.0,0.0,0.0,,,
2025-10-07 00:00:00,,0.0,0.0,0.0,,,
2025-10-07 01:00:00,,0.0,0.0,0.0,,,
2025-10-07 02:00:00,,0.0,0.0,0.0,,,
2025-10-07 03:00:00,,0.0,0.0,0.0,,,
2025-10-07 04:00:00,,0.0,0.0,0.0,,,
2025-10-07 05:00:00,,0.0,0.01,-0.01,,,
2025-10-07 06:00:00,,0.0,0.05,-0.05,,,
2025-10-07 07:00:00,,0.0,0.16,-0.16,,,
2025-10-07 08:00:00,,0.0,0.29,-0.29,,,
2025-10-07 09:00:00,,0.0,0.44,-0.44,,,
2025-10-07 10:00:00,,0.0,0.41,-0.41,,,
2025-10-07 11:00:00,,0.0,0.38,-0.38,,,
2025-10-07 12:00:00,,0.0,0.31,-0.31,,,
2025-10-07 13:00:00,,0.0,0.45,-0.45,,,
2025-10-07 14:00:00,,0.0,0.29,-0.29,,,
2025-10-07 15:00:00,,0.0,0.13,-0.13,,,
2025-10-07 16:00:00,,0.0,0.02,-0.02,,,
2025-10-07 17:00:00,,0.0,0.0,0.0,,,
2025-10-07 18:00:00,,0.0,0.0,0.0,,,
2025-10-07 19:00:00,,0.0,0.0,0.0,,,
2025-10-07 20:00:00,,0.0,0.0,0.0,,,
2025-10-07 21:00:00,,0.0,0.0,0.0,,,
2025-10-07 22:00:00,,0.0,0.0,0.0,,,
2025-10-07 23:00:00,,0.0,0.0,0.0,,,
2025-10-08 00:00:00,,0.0,0.0,0.0,,,
2025-10-08 01:00:00,,0.0,0.0,0.0,,,
2025-10-08 02:00:00,,0.0,0.0,0.0,,,
2025-10-08 03:00:00,,0.0,0.0,0.0,,,
2025-10-08 04:00:00,,0.0,0.0,0.0,,,
2025-10-08 05:00:00,,0.0,0.0,0.0,,,
2025-10-08 06:00:00,,0.0,0.06,-0.06,,,
2025-10-08 07:00:00,,0.0,0.12,-0.12,,,
2025-10-08 08:00:00,,0.0,0.16,-0.16,,,
2025-10-08 09:00:00,,0.005,0.17,-0.165,,,
2025-10-08 10:00:00,,0.005,0.46,-0.455,,,
2025-10-08 11:00:00,,0.005,0.3,-0.295,,,
2025-10-08 12:00:00,,0.2,0.55,-0.35,,,
2025-10-08 13:00:00,,0.005,0.68,-0.675,,,
2025-10-08 14:00:00,,0.005,0.24,-0.235,,,
2025-10-08 15:00:00,,0.005,0.19,-0.185,,,
2025-10-08 16:00:00,,0.0,0.05,-0.05,,,
2025-10-08 17:00:00,,0.005,0.0,0.005,,,
2025-10-08 18:00:00,,0.1,0.0,0.1,,,
2025-10-08 19:00:00,,0.005,0.0,0.005,,,
2025-10-08 20:00:00,,0.0,0.0,0.0,,,
2025-10-08 21:00:00,,0.0,0.0,0.0,,,
2025-10-08 22:00:00,,0.0,0.0,0.0,,,
2025-10-08 23:00:00,,0.0,0.0,0.0,,,
2025-10-09 00:00:00,,0.0,0.0,0.0,,,
2025-10-09 01:00:00,,0.0,0.0,0.0,,,
2025-10-09 02:00:00,,0.0,0.0,0.0,,,
2025-10-09 03:00:00,,0.0,0.0,0.0,,,
2025-10-09 04:00:00,,0.0,0.0,0.0,,,
2025-10-09 05:00:00,,0.0,0.0,0.0,,,
2025-10-09 06:00:00,,0.0,0.09,-0.09,,,
2025-10-09 07:00:00,,0.0,0.28,-0.28,,,
2025-10-09 08:00:00,,0.0,0.48,-0.48,,,
2025-10-09 09:00:00,,0.0,0.67,-0.67,,,
2025-10-09 10:00:00,,0.0,0.57,-0.57,,,
2025-10-09 11:00:00,,0.0,0.28,-0.28,,,
2025-10-09 12:00:00,,0.0,0.37,-0.37,,,
2025-10-09 13:00:00,,0.0,0.55,-0.55,,,
2025-10-09 14:00:00,,0.0,0.22,-0.22,,,
2025-10-09 15:00:00,,0.0,0.05,-0.05,,,
2025-10-09 16:00:00,,0.0,0.01,-0.01,,,
2025-10-09 17:00:00,,0.0,0.0,0.0,,,
2025-10-09 18:00:00,,0.0,0.0,0.0,,,
2025-10-09 19:00:00,,0.0,0.0,0.0,,,
2025-10-09 20:00:00,,0.0,0.0,0.0,,,
2025-10-09 21:00:00,,0.005,0.0,0.005,,,
2025-10-09 22:00:00,,0.0,0.0,0.0,,,
2025-10-09 23:00:00,,0.0,0.0,0.0,,,
2025-10-10 00:00:00,,0.0,0.0,0.0,,,
2025-10-10 01:00:00,,0.0,0.0,0.0,,,
2025-10-10 02:00:00,,0.0,0.0,0.0,,,
2025-10-10 03:00:00,,0.0,0.0,0.0,,,
2025-10-10 04:00:00,,0.0,0.0,0.0,,,
2025-10-10 05:00:00,,0.0,0.0,0.0,,,
2025-10-10 06:00:00,,0.0,0.08,-0.08,,,
2025-10-10 07:00:00,,0.0,0.32,-0.32,,,
2025-10-10 08:00:00,,0.0,0.54,-0.54,,,
2025-10-10 09:00:00,,0.0,0.53,-0.53,,,
2025-10-10 10:00:00,,0.0,0.66,-0.66,,,
2025-10-10 11:00:00,,0.0,0.36,-0.36,,,
2025-10-10 12:00:00,,0.0,0.21,-0.21,,,
2025-10-10 13:00:00,,0.0,0.14,-0.14,,,
2025-10-10 14:00:00,,0.0,0.19,-0.19,,,
2025-10-10 15:00:00,,0.0,0.15,-0.15,,,
2025-10-10 16:00:00,,0.0,0.03,-0.03,,,
2025-10-10 17:00:00,,0.0,0.0,0.0,,,
2025-10-10 18:00:00,,0.0,0.0,0.0,,,
2025-10-10 19:00:00,,0.0,0.0,0.0,,,
2025-10-10 20:00:00,,0.0,0.0,0.0,,,
2025-10-10 21:00:00,,0.0,0.0,0.0,,,
2025-10-10 22:00:00,,0.0,0.0,0.0,,,
2025-10-10 23:00:00,,0.0,0.0,0.0,,,
2025-10-11 00:00:00,,0.0,0.0,0.0,,,
2025-10-11 01:00:00,,0.0,0.0,0.0,,,
2025-10-11 02:00:00,,0.0,0.0,0.0,,,
2025-10-11 03:00:00,,0.0,0.0,0.0,,,
2025-10-11 04:00:00,,0.0,0.0,0.0,,,
2025-10-11 05:00:00,,0.0,0.0,0.0,,,
2025-10-11 06:00:00,,0.0,0.02,-0.02,,,
2025-10-11 07:00:00,,0.0,0.08,-0.08,,,
2025-10-11 08:00:00,,0.0,0.2,-0.2,,,
2025-10-11 09:00:00,,0.0,0.3,-0.3,,,
2025-10-11 10:00:00,,0.0,0.42,-0.42,,,
2025-10-11 11:00:00,,0.0,0.38,-0.38,,,
2025-10-11 12:00:00,,0.0,0.23,-0.23,,,
2025-10-11 13:00:00,,0.0,0.28,-0.28,,,
2025-10-11 14:00:00,,0.0,0.29,-0.29,,,
2025-10-11 15:00:00,,0.0,0.14,-0.14,,,
2025-10-11 16:00:00,,0.0,0.02,-0.02,,,
2025-10-11 17:00:00,,0.0,0.0,0.0,,,
2025-10-11 18:00:00,,0.0,0.0,0.0,,,
2025-10-11 19:00:00,,0.0,0.0,0.0,,,
2025-10-11 20:00:00,,0.0,0.0,0.0,,,
2025-10-11 21:00:00,,0.0,0.0,0.0,,,
2025-10-11 22:00:00,,0.0,0.0,0.0,,,
2025-10-11 23:00:00,,0.0,0.0,0.0,,,
2025-10-12 00:00:00,,0.0,0.0,0.0,,,
2025-10-12 01:00:00,,0.0,0.0,0.0,,,
2025-10-12 02:00:00,,0.0,0.0,0.0,,,
2025-10-12 03:00:00,,0.0,0.0,0.0,,,
2025-10-12 04:00:00,,0.0,0.0,0.0,,,
2025-10-12 05:00:00,,0.0,0.0,0.0,,,
2025-10-12 06:00:00,,0.0,0.06,-0.06,,,
2025-10-12 07:00:00,,0.0,0.22,-0.22,,,
2025-10-12 08:00:00,,0.0,0.27,-0.27,,,
2025-10-12 09:00:00,,0.0,0.33,-0.33,,,
2025-10-12 10:00:00,,0.0,0.24,-0.24,,,
2025-10-12 11:00:00,,0.0,0.3,-0.3,,,
2025-10-12 12:00:00,,0.0,0.32,-0.32,,,
2025-10-12 13:00:00,,0.0,0.29,-0.29,,,
2025-10-12 14:00:00,,0.0,0.28,-0.28,,,
2025-10-12 15:00:00,,0.0,0.15,-0.15,,,
2025-10-12 16:00:00,,0.1,0.02,0.08,,,
2025-10-12 17:00:00,,0.2,0.0,0.2,,,
2025-10-12 18:00:00,,0.005,0.0,0.005,,,
2025-10-12 19:00:00,,0.1,0.0,0.1,,,
2025-10-12 20:00:00,,0.1,0.0,0.1,,,
2025-10-12 21:00:00,,0.1,0.0,0.1,,,
2025-10-12 22:00:00,,0.1,0.0,0.1,,,
2025-10-12 23:00:00,,0.1,0.0,0.1,,,
2025-10-13 00:00:00,,0.0,0.0,0.0,,,
2025-10-13 01:00:00,,0.0,0.0,0.0,,,
2025-10-13 02:00:00,,0.0,0.0,0.0,,,
2025-10-13 03:00:00,,0.0,0.0,0.0,,,
2025-10-13 04:00:00,,0.0,0.0,0.0,,,
2025-10-13 05:00:00,,0.0,0.0,0.0,,,
2025-10-13 06:00:00,,0.0,0.03,-0.03,,,
2025-10-13 07:00:00,,0.0,0.19,-0.19,,,
2025-10-13 08:00:00,,0.0,0.23,-0.23,,,
2025-10-13 09:00:00,,0.0,0.36,-0.36,,,
2025-10-13 10:00:00,,0.0,0.39,-0.39,,,
2025-10-13 11:00:00,,0.0,0.34,-0.34,,,
2025-10-13 12:00:00,,0.0,0.34,-0.34,,,
2025-10-13 13:00:00,,0.0,0.38,-0.38,,,
2025-10-13 14:00:00,,0.0,0.3,-0.3,,,
2025-10-13 15:00:00,,0.0,0.13,-0.13,,,
2025-10-13 16:00:00,,0.0,0.02,-0.02,,,
2025-10-13 17:00:00,,0.0,0.0,0.0,,,
2025-10-13 18:00:00,,0.0,0.0,0.0,,,
2025-10-13 19:00:00,,0.0,0.0,0.0,,,
2025-10-13 20:00:00,,0.0,0.0,0.0,,,
2025-10-13 21:00:00,,0.0,0.0,0.0,,,
2025-10-13 22:00:00,,0.0,0.0,0.0,,,
2025-10-13 23:00:00,,0.0,0.0,0.0,,,
2025-10-14 00:00:00,,0.0,0.0,0.0,,,
2025-10-14 01:00:00,,0.0,0.0,0.0,,,
2025-10-14 02:00:00,,0.0,0.0,0.0,,,
2025-10-14 03:00:00,,0.0,0.0,0.0,,,
2025-10-14 04:00:00,,0.005,0.0,0.005,,,
2025-10-14 05:00:00,,0.1,0.0,0.1,,,
2025-10-14 06:00:00,,0.0,0.03,-0.03,,,
2025-10-14 07:00:00,,0.0,0.11,-0.11,,,
2025-10-14 08:00:00,,0.0,0.25,-0.25,,,
2025-10-14 09:00:00,,0.0,0.57,-0.57,,,
2025-10-14 10:00:00,,0.005,0.57,-0.565,,,
2025-10-14 11:00:00,,0.005,0.33,-0.325,,,
2025-10-14 12:00:00,,0.005,0.32,-0.315,,,
2025-10-14 13:00:00,,0.0,0.26,-0.26,,,
2025-10-14 14:00:00,,0.2,0.16,0.04,,,
2025-10-14 15:00:00,,0.005,0.1,-0.095,,,
2025-10-14 16:00:00,,0.005,0.01,-0.005,,,
2025-10-14 17:00:00,,0.0,0.0,0.0,,,
2025-10-14 18:00:00,,0.005,0.0,0.005,,,
2025-10-14 19:00:00,,0.005,0.0,0.005,,,
2025-10-14 20:00:00,,0.1,0.0,0.1,,,
2025-10-14 21:00:00,,0.0,0.0,0.0,,,
2025-10-14 22:00:00,,0.005,0.0,0.005,,,
2025-10-14 23:00:00,,0.005,0.0,0.005,,,
2025-10-15 00:00:00,,0.1,0.0,0.1,,,
2025-10-15 01:00:00,,0.0,0.0,0.0,,,
2025-10-15 02:00:00,,0.0,0.0,0.0,,,
2025-10-15 03:00:00,,0.2,0.0,0.2,,,
2025-10-15 04:00:00,,0.1,0.0,0.1,,,
2025-10-15 05:00:00,,0.0,0.0,0.0,,,
2025-10-15 06:00:00,,0.0,0.03,-0.03,,,
2025-10-15 07:00:00,,0.005,0.16,-0.155,,,
2025-10-15 08:00:00,,0.0,0.29,-0.29,,,
2025-10-15 09:00:00,,0.0,0.47,-0.47,,,
2025-10-15 10:00:00,,0.0,0.58,-0.58,,,
2025-10-15 11:00:00,,0.0,0.45,-0.45,,,
2025-10-15 12:00:00,,0.005,0.29,-0.285,,,
2025-10-15 13:00:00,,0.0,0.28,-0.28,,,
2025-10-15 14:00:00,,0.005,0.17,-0.165,,,
2025-10-15 15:00:00,,0.0,0.12,-0.12,,,
2025-10-15 16:00:00,,0.0,0.01,-0.01,,,
2025-10-15 17:00:00,,0.0,0.0,0.0,,,
2025-10-15 18:00:00,,0.0,0.0,0.0,,,
2025-10-15 19:00:00,,0.0,0.0,0.0,,,
2025-10-15 20:00:00,,0.0,0.0,0.0,,,
2025-10-15 21:00:00,,0.0,0.0,0.0,,,
2025-10-15 22:00:00,,0.005,0.0,0.005,,,
2025-10-15 23:00:00,,0.0,0.0,0.0,,,
2025-10-16 00:00:00,,0.0,0.0,0.0,,,
2025-10-16 01:00:00,,0.005,0.0,0.005,,,
2025-10-16 02:00:00,,0.2,0.0,0.2,,,
2025-10-16 03:00:00,,0.005,0.0,0.005,,,
2025-10-16 04:00:00,,0.005,0.0,0.005,,,
2025-10-16 05:00:00,,0.3,0.0,0.3,,,
2025-10-16 06:00:00,,0.005,0.02,-0.015,,,
2025-10-16 07:00:00,,0.005,0.11,-0.105,,,
2025-10-16 08:00:00,,0.0,0.31,-0.31,,,
2025-10-16 09:00:00,,0.0,0.35,-0.35,,,
2025-10-16 10:00:00,,0.0,0.33,-0.33,,,
2025-10-16 11:00:00,,0.0,0.31,-0.31,,,
2025-10-16 12:00:00,,0.0,0.24,-0.24,,,
2025-10-16 13:00:00,,0.0,0.23,-0.23,,,
2025-10-16 14:00:00,,0.0,0.14,-0.14,,,
2025-10-16 15:00:00,,0.005,0.05,-0.045,,,
2025-10-16 16:00:00,,0.0,0.01,-0.01,,,
2025-10-16 17:00:00,,0.005,0.0,0.005,,,
2025-10-16 18:00:00,,0.0,0.0,0.0,,,
2025-10-16 19:00:00,,0.0,0.0,0.0,,,
2025-10-16 20:00:00,,0.0,0.0,0.0,,,
2025-10-16 21:00:00,,0.0,0.0,0.0,,,
2025-10-16 22:00:00,,0.0,0.0,0.0,,,
2025-10-16 23:00:00,,0.0,0.0,0.0,,,
2025-10-17 00:00:00,,0.0,0.0,0.0,,,
2025-10-17 01:00:00,,0.0,0.0,0.0,,,
2025-10-17 02:00:00,,0.0,0.0,0.0,,,
2025-10-17 03:00:00,,0.0,0.0,0.0,,,
2025-10-17 04:00:00,,0.0,0.0,0.0,,,
2025-10-17 05:00:00,,0.0,0.0,0.0,,,
2025-10-17 06:00:00,,0.0,0.02,-0.02,,,
2025-10-17 07:00:00,,0.0,0.11,-0.11,,,
2025-10-17 08:00:00,,0.0,0.22,-0.22,,,
2025-10-17 09:00:00,,0.0,0.4,-0.4,,,
2025-10-17 10:00:00,,0.0,0.41,-0.41,,,
2025-10-17 11:00:00,,0.0,0.33,-0.33,,,
2025-10-17 12:00:00,,0.0,0.35,-0.35,,,
2025-10-17 13:00:00,,0.0,0.35,-0.35,,,
2025-10-17 14:00:00,,0.1,0.1,0.0,,,
2025-10-17 15:00:00,,0.005,0.11,-0.105,,,
2025-10-17 16:00:00,,0.0,0.01,-0.01,,,
2025-10-17 17:00:00,,0.0,0.0,0.0,,,
2025-10-17 18:00:00,,0.1,0.0,0.1,,,
2025-10-17 19:00:00,,0.0,0.0,0.0,,,
2025-10-17 20:00:00,,0.0,0.0,0.0,,,
2025-10-17 21:00:00,,0.0,0.0,0.0,,,
2025-10-17 22:00:00,,0.005,0.0,0.005,,,
2025-10-17 23:00:00,,0.0,0.0,0.0,,,
2025-10-18 00:00:00,,0.0,0.0,0.0,,,
2025-10-18 01:00:00,,0.0,0.0,0.0,,,
2025-10-18 02:00:00,,0.0,0.0,0.0,,,
2025-10-18 03:00:00,,0.0,0.0,0.0,,,
2025-10-18 04:00:00,,0.0,0.0,0.0,,,
2025-10-18 05:00:00,,0.0,0.0,0.0,,,
2025-10-18 06:00:00,,0.0,0.02,-0.02,,,
2025-10-18 07:00:00,,0.0,0.06,-0.06,,,
2025-10-18 08:00:00,,0.0,0.12,-0.12,,,
2025-10-18 09:00:00,,0.0,0.25,-0.25,,,
2025-10-18 10:00:00,,0.0,0.33,-0.33,,,
2025-10-18 11:00:00,,0.0,0.56,-0.56,,,
2025-10-18 12:00:00,,0.0,0.44,-0.44,,,
2025-10-18 13:00:00,,0.0,0.29,-0.29,,,
2025-10-18 14:00:00,,0.0,0.19,-0.19,,,
2025-10-18 15:00:00,,0.0,0.08,-0.08,,,
2025-10-18 16:00:00,,0.0,0.01,-0.01,,,
2025-10-18 17:00:00,,0.0,0.0,0.0,,,
2025-10-18 18:00:00,,0.0,0.0,0.0,,,
2025-10-18 19:00:00,,0.0,0.0,0.0,,,
2025-10-18 20:00:00,,0.0,0.0,0.0,,,
2025-10-18 21:00:00,,0.0,0.0,0.0,,,
2025-10-18 22:00:00,,0.0,0.0,0.0,,,
2025-10-18 23:00:00,,0.0,0.0,0.0,,,
2025-10-19 00:00:00,,0.0,0.0,0.0,,,
2025-10-19 01:00:00,,0.0,0.0,0.0,,,
2025-10-19 02:00:00,,0.0,0.0,0.0,,,
2025-10-19 03:00:00,,0.0,0.0,0.0,,,
2025-10-19 04:00:00,,0.0,0.0,0.0,,,
2025-10-19 05:00:00,,0.0,0.0,0.0,,,
2025-10-19 06:00:00,,0.0,0.02,-0.02,,,
2025-10-19 07:00:00,,0.0,0.16,-0.16,,,
2025-10-19 08:00:00,,0.0,0.2,-0.2,,,
2025-10-19 09:00:00,,0.0,0.32,-0.32,,,
2025-10-19 10:00:00,,0.0,0.3,-0.3,,,
2025-10-19 11:00:00,,0.0,0.28,-0.28,,,
2025-10-19 12:00:00,,0.0,0.26,-0.26,,,
2025-10-19 13:00:00,,0.0,0.31,-0.31,,,
2025-10-19 14:00:00,,0.0,0.22,-0.22,,,
2025-10-19 15:00:00,,0.0,0.08,-0.08,,,
2025-10-19 16:00:00,,0.0,0.01,-0.01,,,
2025-10-19 17:00:00,,0.0,0.0,0.0,,,
2025-10-19 18:00:00,,0.0,0.0,0.0,,,
2025-10-19 19:00:00,,0.0,0.0,0.0,,,
2025-10-19 20:00:00,,0.005,0.0,0.005,,,
2025-10-19 21:00:00,,0.005,0.0,0.005,,,
2025-10-19 22:00:00,,0.005,0.0,0.005,,,
2025-10-19 23:00:00,,0.1,0.0,0.1,,,
2025-10-20 00:00:00,,0.6,0.0,0.6,,,
2025-10-20 01:00:00,,1.4,0.0,1.4,,,
2025-10-20 02:00:00,,0.1,0.0,0.1,,,
2025-10-20 03:00:00,,0.8,0.0,0.8,,,
2025-10-20 04:00:00,,1.2,0.0,1.2,,,
2025-10-20 05:00:00,,1.1,0.0,1.1,,,
2025-10-20 06:00:00,,0.1,0.0,0.1,,,
2025-10-20 07:00:00,,0.1,0.02,0.08,,,
2025-10-20 08:00:00,,0.0,0.14,-0.14,,,
2025-10-20 09:00:00,,0.0,0.34,-0.34,,,
2025-10-20 10:00:00,,0.0,0.46,-0.46,,,
2025-10-20 11:00:00,,0.0,0.4,-0.4,,,
2025-10-20 12:00:00,,0.0,0.31,-0.31,,,
2025-10-20 13:00:00,,0.0,0.19,-0.19,,,
2025-10-20 14:00:00,,0.1,0.17,-0.07,,,
2025-10-20 15:00:00,,0.005,0.13,-0.125,,,
2025-10-20 16:00:00,,0.005,0.0,0.005,,,
2025-10-20 17:00:00,,0.1,0.0,0.1,,,
2025-10-20 18:00:00,,0.005,0.0,0.005,,,
2025-10-20 19:00:00,,0.005,0.0,0.005,,,
2025-10-20 20:00:00,,0.3,0.0,0.3,,,
2025-10-20 21:00:00,,0.1,0.0,0.1,,,
2025-10-20 22:00:00,,0.3,0.0,0.3,,,
2025-10-20 23:00:00,,0.0,0.0,0.0,,,
2025-10-21 00:00:00,,0.0,0.0,0.0,,,
2025-10-21 01:00:00,,0.1,0.0,0.1,,,
2025-10-21 02:00:00,,1.3,0.0,1.3,,,
2025-10-21 03:00:00,,1.7,0.0,1.7,,,
2025-10-21 04:00:00,,0.2,0.0,0.2,,,
2025-10-21 05:00:00,,0.3,0.0,0.3,,,
2025-10-21 06:00:00,,0.005,0.01,-0.005,,,
2025-10-21 07:00:00,,0.0,0.08,-0.08,,,
2025-10-21 08:00:00,,0.0,0.14,-0.14,,,
2025-10-21 09:00:00,,0.0,0.15,-0.15,,,
2025-10-21 10:00:00,,0.005,0.22,-0.215,,,
2025-10-21 11:00:00,,0.005,0.42,-0.415,,,
2025-10-21 12:00:00,,0.0,0.31,-0.31,,,
2025-10-21 13:00:00,,1.3,0.21,1.09,,,
2025-10-21 14:00:00,,0.0,0.18,-0.18,,,
2025-10-21 15:00:00,,0.0,0.07,-0.07,,,
2025-10-21 16:00:00,,0.005,0.01,-0.005,,,
2025-10-21 17:00:00,,0.0,0.0,0.0,,,
2025-10-21 18:00:00,,0.0,0.0,0.0,,,
2025-10-21 19:00:00,,0.0,0.0,0.0,,,
2025-10-21 20:00:00,,0.0,0.0,0.0,,,
2025-10-21 21:00:00,,0.0,0.0,0.0,,,
2025-10-21 22:00:00,,0.005,0.0,0.005,,,
2025-10-21 23:00:00,,0.005,0.0,0.005,,,
2025-10-22 00:00:00,,0.1,0.0,0.1,,,
2025-10-22 01:00:00,,0.0,0.0,0.0,,,
2025-10-22 02:00:00,,0.0,0.0,0.0,,,
2025-10-22 03:00:00,,0.005,0.0,0.005,,,
2025-10-22 04:00:00,,0.1,0.0,0.1,,,
2025-10-22 05:00:00,,0.0,0.0,0.0,,,
2025-10-22 06:00:00,,0.0,0.02,-0.02,,,
2025-10-22 07:00:00,,0.0,0.12,-0.12,,,
2025-10-22 08:00:00,,0.0,0.23,-0.23,,,
2025-10-22 09:00:00,,0.0,0.39,-0.39,,,
2025-10-22 10:00:00,,0.0,0.34,-0.34,,,
2025-10-22 11:00:00,,0.0,0.45,-0.45,,,
2025-10-22 12:00:00,,0.0,0.36,-0.36,,,
2025-10-22 13:00:00,,0.0,0.22,-0.22,,,
2025-10-22 14:00:00,,0.0,0.1,-0.1,,,
2025-10-22 15:00:00,,0.2,0.02,0.18,,,
2025-10-22 16:00:00,,0.2,0.0,0.2,,,
2025-10-22 17:00:00,,0.0,0.0,0.0,,,
2025-10-22 18:00:00,,0.0,0.0,0.0,,,
2025-10-22 19:00:00,,0.0,0.0,0.0,,,
2025-10-22 20:00:00,,0.0,0.0,0.0,,,
2025-10-22 21:00:00,,0.0,0.0,0.0,,,
2025-10-22 22:00:00,,0.0,0.0,0.0,,,
2025-10-22 23:00:00,,0.0,0.0,0.0,,,
2025-10-23 00:00:00,,0.1,0.0,0.1,,,
2025-10-23 01:00:00,,2.7,0.0,2.7,,,
2025-10-23 02:00:00,,6.1,0.0,6.1,,,
2025-10-23 03:00:00,,4.6,0.0,4.6,,,
2025-10-23 04:00:00,,6.0,0.0,6.0,,,
2025-10-23 05:00:00,,0.4,0.0,0.4,,,
2025-10-23 06:00:00,,0.0,0.01,-0.01,,,
2025-10-23 07:00:00,,0.0,0.1,-0.1,,,
2025-10-23 08:00:00,,0.0,0.19,-0.19,,,
2025-10-23 09:00:00,,0.0,0.44,-0.44,,,
2025-10-23 10:00:00,,0.0,0.34,-0.34,,,
2025-10-23 11:00:00,,0.0,0.35,-0.35,,,
2025-10-23 12:00:00,,0.1,0.17,-0.07,,,
2025-10-23 13:00:00,,0.4,0.16,0.24,,,
2025-10-23 14:00:00,,0.005,0.09,-0.0849999999999999,,,
2025-10-23 15:00:00,,2.1,0.02,2.08,,,
2025-10-23 16:00:00,,2.7,0.0,2.7,,,
2025-10-23 17:00:00,,2.2,0.0,2.2,,,
2025-10-23 18:00:00,,2.3,0.0,2.3,,,
2025-10-23 19:00:00,,2.4,0.0,2.4,,,
2025-10-23 20:00:00,,1.2,0.0,1.2,,,
2025-10-23 21:00:00,,0.4,0.0,0.4,,,
2025-10-23 22:00:00,,0.005,0.0,0.005,,,
2025-10-23 23:00:00,,0.0,0.0,0.0,,,
2025-10-24 00:00:00,,0.005,0.0,0.005,,,
2025-10-24 01:00:00,,0.1,0.0,0.1,,,
2025-10-24 02:00:00,,0.005,0.0,0.005,,,
2025-10-24 03:00:00,,0.4,0.0,0.4,,,
2025-10-24 04:00:00,,0.005,0.0,0.005,,,
2025-10-24 05:00:00,,0.005,0.0,0.005,,,
2025-10-24 06:00:00,,0.0,0.01,-0.01,,,
2025-10-24 07:00:00,,0.005,0.03,-0.0249999999999999,,,
2025-10-24 08:00:00,,0.1,0.12,-0.0199999999999999,,,
2025-10-24 09:00:00,,0.0,0.21,-0.21,,,
2025-10-24 10:00:00,,0.0,0.21,-0.21,,,
2025-10-24 11:00:00,,0.0,0.26,-0.26,,,
2025-10-24 12:00:00,,0.0,0.25,-0.25,,,
2025-10-24 13:00:00,,0.0,0.19,-0.19,,,
2025-10-24 14:00:00,,0.0,0.14,-0.14,,,
2025-10-24 15:00:00,,0.2,0.03,0.17,,,
2025-10-24 16:00:00,,0.2,0.0,0.2,,,
2025-10-24 17:00:00,,0.2,0.0,0.2,,,
2025-10-24 18:00:00,,0.005,0.0,0.005,,,
2025-10-24 19:00:00,,0.005,0.0,0.005,,,
2025-10-24 20:00:00,,0.005,0.0,0.005,,,
2025-10-24 21:00:00,,0.005,0.0,0.005,,,
2025-10-24 22:00:00,,1.7,0.0,1.7,,,
2025-10-24 23:00:00,,0.005,0.0,0.005,,,
2025-10-25 00:00:00,,1.8,0.0,1.8,,,
2025-10-25 01:00:00,,0.3,0.0,0.3,,,
2025-10-25 02:00:00,,0.3,0.0,0.3,,,
2025-10-25 03:00:00,,0.4,0.0,0.4,,,
2025-10-25 04:00:00,,0.0,0.0,0.0,,,
2025-10-25 05:00:00,,0.005,0.0,0.005,,,
2025-10-25 06:00:00,,0.2,0.01,0.19,,,
2025-10-25 07:00:00,,2.4,0.03,2.37,,,
2025-10-25 08:00:00,,2.2,0.03,2.1700000000000004,,,
2025-10-25 09:00:00,,0.4,0.24,0.16,,,
2025-10-25 10:00:00,,0.005,0.33,-0.325,,,
2025-10-25 11:00:00,,0.3,0.28,0.0199999999999999,,,
2025-10-25 12:00:00,,0.4,0.33,0.07,,,
2025-10-25 13:00:00,,0.005,0.33,-0.325,,,
2025-10-25 14:00:00,,0.0,0.29,-0.29,,,
2025-10-25 15:00:00,,0.0,0.11,-0.11,,,
2025-10-25 16:00:00,,0.005,0.0,0.005,,,
2025-10-25 17:00:00,,0.5,0.0,0.5,,,
2025-10-25 18:00:00,,0.1,0.0,0.1,,,
2025-10-25 19:00:00,,0.0,0.0,0.0,,,
2025-10-25 20:00:00,,0.0,0.0,0.0,,,
2025-10-25 21:00:00,,0.1,0.0,0.1,,,
2025-10-25 22:00:00,,0.2,0.0,0.2,,,
2025-10-25 23:00:00,,0.0,0.0,0.0,,,
2025-10-26 00:00:00,,0.3,0.0,0.3,,,
2025-10-26 01:00:00,,0.1,0.0,0.1,,,
2025-10-26 02:00:00,,1.8,0.0,1.8,,,
2025-10-26 03:00:00,,2.6,0.0,2.6,,,
2025-10-26 04:00:00,,2.0,0.0,2.0,,,
2025-10-26 05:00:00,,4.8,0.0,4.8,,,
2025-10-26 06:00:00,,0.3,0.01,0.29,,,
2025-10-26 07:00:00,,0.005,0.06,-0.055,,,
2025-10-26 08:00:00,,0.005,0.13,-0.125,,,
2025-10-26 09:00:00,,0.005,0.26,-0.255,,,
2025-10-26 10:00:00,,0.005,0.33,-0.325,,,
2025-10-26 11:00:00,,0.005,0.25,-0.245,,,
2025-10-26 12:00:00,,1.5,0.19,1.31,,,
2025-10-26 13:00:00,,0.1,0.15,-0.0499999999999999,,,
2025-10-26 14:00:00,,0.0,0.13,-0.13,,,
2025-10-26 15:00:00,,0.005,0.04,-0.035,,,
2025-10-26 16:00:00,,0.0,0.0,0.0,,,
2025-10-26 17:00:00,,0.005,0.0,0.005,,,
2025-10-26 18:00:00,,0.4,0.0,0.4,,,
2025-10-26 19:00:00,,1.1,0.0,1.1,,,
2025-10-26 20:00:00,,0.7,0.0,0.7,,,
2025-10-26 21:00:00,,1.4,0.0,1.4,,,
2025-10-26 22:00:00,,1.0,0.0,1.0,,,
2025-10-26 23:00:00,,0.7,0.0,0.7,,,
2025-10-27 00:00:00,,0.2,0.0,0.2,,,
2025-10-27 01:00:00,,0.3,0.0,0.3,,,
2025-10-27 02:00:00,,0.4,0.0,0.4,,,
2025-10-27 03:00:00,,0.9,0.0,0.9,,,
2025-10-27 04:00:00,,0.2,0.0,0.2,,,
2025-10-27 05:00:00,,0.3,0.0,0.3,,,
2025-10-27 06:00:00,,8.6,0.0,8.6,,,
2025-10-27 07:00:00,,0.2,0.02,0.18,,,
2025-10-27 08:00:00,,1.3,0.04,1.26,,,
2025-10-27 09:00:00,,0.0,0.1,-0.1,,,
2025-10-27 10:00:00,,0.0,0.22,-0.22,,,
2025-10-27 11:00:00,,0.7,0.27,0.4299999999999999,,,
2025-10-27 12:00:00,,0.5,0.3,0.2,,,
2025-10-27 13:00:00,,0.0,0.26,-0.26,,,
2025-10-27 14:00:00,,0.005,0.16,-0.155,,,
2025-10-27 15:00:00,,0.5,0.06,0.44,,,
2025-10-27 16:00:00,,0.0,0.0,0.0,,,
2025-10-27 17:00:00,,0.005,0.0,0.005,,,
2025-10-27 18:00:00,,0.0,0.0,0.0,,,
2025-10-27 19:00:00,,0.0,0.0,0.0,,,
2025-10-27 20:00:00,,0.6,0.0,0.6,,,
2025-10-27 21:00:00,,0.0,0.0,0.0,,,
2025-10-27 22:00:00,,0.005,0.0,0.005,,,
2025-10-27 23:00:00,,0.0,0.0,0.0,,,
