filename,source_origin_stem,x,y,hmax_pb,hmin_pb
NL-2412417-HWM_B09-PB1_m_NAP.csv,4423-241417_PB_HOORN_01-01-2023 00_00_00_02-03-2026 00_00_00_20260302095744,,,,
NL-2412417-HWM_B09-PB2_m_NAP.csv,4423-241417_PB_HOORN_01-01-2023 00_00_00_02-03-2026 00_00_00_20260302095744,,,,
NL-2412417-HWM_B12-PB1_m_NAP.csv,4423-241417_PB_HOORN_01-01-2023 00_00_00_02-03-2026 00_00_00_20260302095744,,,,
NL-2412417-HWM_B13-PB1_m_NAP.csv,4423-241417_PB_HOORN_01-01-2023 00_00_00_02-03-2026 00_00_00_20260302095744,,,,
NL-2412417-HWM_B13-PB2_m_NAP.csv,4423-241417_PB_HOORN_01-01-2023 00_00_00_02-03-2026 00_00_00_20260302095744,,,,
NL-2412417-HWM_B14-PB1_m_NAP.csv,4423-241417_PB_HOORN_01-01-2023 00_00_00_02-03-2026 00_00_00_20260302095744,,,,
NL-2412417-HWM_B14-PB2_m_NAP.csv,4423-241417_PB_HOORN_01-01-2023 00_00_00_02-03-2026 00_00_00_20260302095744,,,,
NL-2412417-HWM_B15-PB1_m_NAP.csv,4423-241417_PB_HOORN_01-01-2023 00_00_00_02-03-2026 00_00_00_20260302095744,,,,
NL-2412417-HWM_B15-PB2_m_NAP.csv,4423-241417_PB_HOORN_01-01-2023 00_00_00_02-03-2026 00_00_00_20260302095744,,,,
NL-2412417-HWM_B16-PB1_m_NAP.csv,4423-241417_PB_HOORN_01-01-2023 00_00_00_02-03-2026 00_00_00_20260302095744,,,,
NL-2412417-HWM_B16-PB2_m_NAP.csv,4423-241417_PB_HOORN_01-01-2023 00_00_00_02-03-2026 00_00_00_20260302095744,,,,
NL-2412417-HWM_B17-PB1_m_NAP.csv,4423-241417_PB_HOORN_01-01-2023 00_00_00_02-03-2026 00_00_00_20260302095744,,,,
NL-2412417-HWM_B18-PB1_m_NAP.csv,4423-241417_PB_HOORN_01-01-2023 00_00_00_02-03-2026 00_00_00_20260302095744,,,,
NL-2412417-HWM_B26-PB1_m_NAP.csv,4423-241417_PB_HOORN_01-01-2023 00_00_00_02-03-2026 00_00_00_20260302095744,,,,
NL-2412417-HWM_B26-PB2_m_NAP.csv,4423-241417_PB_HOORN_01-01-2023 00_00_00_02-03-2026 00_00_00_20260302095744,,,,
NL-2412417-HWM_HB20-PB1_m_NAP.csv,4423-241417_PB_HOORN_01-01-2023 00_00_00_02-03-2026 00_00_00_20260302095744,,,,
NL-2412417-HWM_HB21-PB1_m_NAP.csv,4423-241417_PB_HOORN_01-01-2023 00_00_00_02-03-2026 00_00_00_20260302095744,,,,
NL-2412417-HWM_HB22-PB1_m_NAP.csv,4423-241417_PB_HOORN_01-01-2023 00_00_00_02-03-2026 00_00_00_20260302095744,,,,
NL-2412417-HWM_HB23-PB1_m_NAP.csv,4423-241417_PB_HOORN_01-01-2023 00_00_00_02-03-2026 00_00_00_20260302095744,,,,
NL-2412417-HWM_HB25-PB1_m_NAP.csv,4423-241417_PB_HOORN_01-01-2023 00_00_00_02-03-2026 00_00_00_20260302095744,,,,
NL-2412417-HWM_HB27-PB1_m_NAP.csv,4423-241417_PB_HOORN_01-01-2023 00_00_00_02-03-2026 00_00_00_20260302095744,,,,
NL-2412417-HWM_HB28-PB1_m_NAP.csv,4423-241417_PB_HOORN_01-01-2023 00_00_00_02-03-2026 00_00_00_20260302095744,,,,
NL-2412417-HWM_HB29-PB1_m_NAP.csv,4423-241417_PB_HOORN_01-01-2023 00_00_00_02-03-2026 00_00_00_20260302095744,,,,
NL-2412417-HWM_HB30-PB1_m_NAP.csv,4423-241417_PB_HOORN_01-01-2023 00_00_00_02-03-2026 00_00_00_20260302095744,,,,
NL-241417-ET-19092315_B18-PB1_1.53_0.53_m_NAP.csv,4423-241417_PB_HOORN_01-01-2023 00_00_00_02-03-2026 00_00_00_20260302095744,,,,
NL-241417-ET-19103012_B16-PB2_1.6_0.6_m_NAP.csv,4423-241417_PB_HOORN_01-01-2023 00_00_00_02-03-2026 00_00_00_20260302095744,,,,
NL-241417-ET-19111903_HB29-PB1_-0.54_-1.54_m_NAP.csv,4423-241417_PB_HOORN_01-01-2023 00_00_00_02-03-2026 00_00_00_20260302095744,,,,
NL-241417-ET-19120421_HB20-PB1_-2.88_-3.88_m_NAP.csv,4423-241417_PB_HOORN_01-01-2023 00_00_00_02-03-2026 00_00_00_20260302095744,,,,
NL-241417-ET-19121810_Waterstand_cmH2O.csv,4423-241417_PB_HOORN_01-01-2023 00_00_00_02-03-2026 00_00_00_20260302095744,,,,
NL-241417-ET-19121817_B15-PB1_-8.97_-9.97_m_NAP.csv,4423-241417_PB_HOORN_01-01-2023 00_00_00_02-03-2026 00_00_00_20260302095744,,,,
NL-241417-ET-20011012_HB27-PB1_0.16_-0.84_m_NAP.csv,4423-241417_PB_HOORN_01-01-2023 00_00_00_02-03-2026 00_00_00_20260302095744,,,,
NL-241417-ET-20011025_B17-PB1_-3.51_-4.51_m_NAP.csv,4423-241417_PB_HOORN_01-01-2023 00_00_00_02-03-2026 00_00_00_20260302095744,,,,
NL-241417-ET-20030428_HB28-PB1_0.4_-0.6_m_NAP.csv,4423-241417_PB_HOORN_01-01-2023 00_00_00_02-03-2026 00_00_00_20260302095744,,,,
NL-241417-ET-20071684_HB21-PB1_-0.31_-1.31_m_NAP.csv,4423-241417_PB_HOORN_01-01-2023 00_00_00_02-03-2026 00_00_00_20260302095744,,,,
NL-241417-ET-20111037_HB30-PB1_-5.02_-6.02_m_NAP.csv,4423-241417_PB_HOORN_01-01-2023 00_00_00_02-03-2026 00_00_00_20260302095744,,,,
NL-241417-ET-21031001_B09-PB2_-4.22_-5.22_m_NAP.csv,4423-241417_PB_HOORN_01-01-2023 00_00_00_02-03-2026 00_00_00_20260302095744,,,,
NL-241417-ET-21041455_Waterstand_cmH2O.csv,4423-241417_PB_HOORN_01-01-2023 00_00_00_02-03-2026 00_00_00_20260302095744,,,,
NL-241417-ET-21041467_HB22-PB1_-1.4_-2.4_m_NAP.csv,4423-241417_PB_HOORN_01-01-2023 00_00_00_02-03-2026 00_00_00_20260302095744,,,,
NL-241417-ET-21052819_HB23-PB1_-0.88_-1.88_m_NAP.csv,4423-241417_PB_HOORN_01-01-2023 00_00_00_02-03-2026 00_00_00_20260302095744,,,,
NL-241417-ET-21070910_B26-PB2_-1.67_-2.67_m_NAP.csv,4423-241417_PB_HOORN_01-01-2023 00_00_00_02-03-2026 00_00_00_20260302095744,,,,
NL-241417-ET-21070919_HB25-PB1_0.60_-0.39_m_NAP.csv,4423-241417_PB_HOORN_01-01-2023 00_00_00_02-03-2026 00_00_00_20260302095744,,,,
NL-241417-ET-21072016_B12-PB1_0.54_-0.46_m_NAP.csv,4423-241417_PB_HOORN_01-01-2023 00_00_00_02-03-2026 00_00_00_20260302095744,,,,
NL-241417-ET-21072709_B09-PB1_-14.39_-15.39_m_NAP.csv,4423-241417_PB_HOORN_01-01-2023 00_00_00_02-03-2026 00_00_00_20260302095744,,,,
NL-241417-ET-21093003_B15-PB2_-3.47_-4.47_m_NAP.csv,4423-241417_PB_HOORN_01-01-2023 00_00_00_02-03-2026 00_00_00_20260302095744,,,,
NL-241417-ET-21093005_B14-PB2_0.89_-0.11_m_NAP.csv,4423-241417_PB_HOORN_01-01-2023 00_00_00_02-03-2026 00_00_00_20260302095744,,,,
NL-241417-ET-21120915_B16-PB1_-6.54_-7.54_m_NAP.csv,4423-241417_PB_HOORN_01-01-2023 00_00_00_02-03-2026 00_00_00_20260302095744,,,,
NL-241417-ET-22033010_Waterstand_cmH2O.csv,4423-241417_PB_HOORN_01-01-2023 00_00_00_02-03-2026 00_00_00_20260302095744,,,,
NL-241417-ET-22033017_B13-PB1_-9.98_-10.98_m_NAP.csv,4423-241417_PB_HOORN_01-01-2023 00_00_00_02-03-2026 00_00_00_20260302095744,,,,
NL-241417-ET-22033032_Waterstand_cmH2O.csv,4423-241417_PB_HOORN_01-01-2023 00_00_00_02-03-2026 00_00_00_20260302095744,,,,
NL-241417-ET-22033044_B26-PB1_-4.82_-5.82_m_NAP.csv,4423-241417_PB_HOORN_01-01-2023 00_00_00_02-03-2026 00_00_00_20260302095744,,,,
NL-241417-ET-22033049_Waterstand_cmH2O.csv,4423-241417_PB_HOORN_01-01-2023 00_00_00_02-03-2026 00_00_00_20260302095744,,,,
NL-241417-ET-22042060_B13-PB2_-3.44_-4.44_m_NAP.csv,4423-241417_PB_HOORN_01-01-2023 00_00_00_02-03-2026 00_00_00_20260302095744,,,,
NL-241417-FB-FLB5101_B14-PB1_-4.95_-5.95_m_NAP.csv,4423-241417_PB_HOORN_01-01-2023 00_00_00_02-03-2026 00_00_00_20260302095744,,,,
83034-1 HB001PB01 BE0049+00_BUKR_GMW_PB1_F-229.csv,83034-1,,,,-2.79
83034-1 HB002PB01 BE0049+00_BIKR_GMW_PB1_F-227.csv,83034-1,,,,-2.77
83034-1 HB003PB01 BE0049+00_INST_B_GMW_PB1_F-365.csv,83034-1,,,,-4.15
83034-1 HB005PB01 BE115+00_BUKR_GMW_PB1_F-208.csv,83034-1,,,,-2.58
83034-1 HB007PB01 BE115+00_INST_B_GMW_PB1_F-495.csv,83034-1,,,,-5.45
83034-1 HB008PB01 BE115+00_BIT_GMW_PB1_F-549.csv,83034-1,,,,-5.99
83034-1 HB009PB01 BE0280+00_BUKR_GMW_PB1_F-350.csv,83034-1,,,,-4.0
83034-1 HB010PB01 BE0280+00_BIKR_GMW_PB1_F-346.csv,83034-1,,,,-3.96
83034-1 HB011PB01 BE0280+00_INST_B_GMW_PB1_F-461.csv,83034-1,,,,-5.11
83034-1 HB012PB01 BE0280+00_BIT_GMW_PB1_F-592.csv,83034-1,,,,-6.42
83034-1 HB013PB01 BE0341+40_BUKR_GMW_PB1_F-272.csv,83034-1,,,,-3.22
83034-1 HB015PB01 BE0341+40_INST_B_GMW_PB1_F-599.csv,83034-1,,,,-6.49
83034-1 HB016PB01 BE0341+40_BIT_GMW_PB1_F-616.csv,83034-1,,,,-6.66
83034-1 MB004PB01 BE0049+00_BIT_GMW_PB1_F-550.csv,83034-1,,,,-6.0
83034-1 MB004PB02 BE0049+00_BIT_GMW_PB2_F-930.csv,83034-1,,,,-9.8
83034-1 MB006PB01 BE115+00_BIKR_GMW_PB1_F-334.csv,83034-1,,,,-3.84
83034-1 MB006PB02 BE115+00_BIKR_GMW_PB2_F-1354.csv,83034-1,,,,-14.04
83034-1 MB014PB01 BE0341+40_BIRK_GMW_PB1_F-497.csv,83034-1,,,,-5.47
83034-1 MB014PB02 BE0341+40_BIRK_GMW_PB1_F-1177.csv,83034-1,,,,-12.27
86349-1 HB002PB01 HB_BE0072+3_BIKR_GMW_PB1_F-246.csv,86349-1,,,,-2.96
86349-1 HB006PB01.csv,86349-1,,,,
86349-1 HB007PB01 HB_BE0092+15_BIB_GMW_PB1_F-450.csv,86349-1,,,,-5.0
86349-1 HB009PB01 HB_BE0098+80_BIKR_GMW_PB1_F-248.csv,86349-1,,,,-2.98
86349-1 HB010PB01 HB_BE0098+81_BIB_GMW_PB1_F-188.csv,86349-1,,,,-2.38
86349-1 HB011PB01 HB_BE0147+68_BUKR_GMW_PB1_F-247.csv,86349-1,,,,-2.97
86349-1 HB013PB01 HB_BE0147+68_BIB_GMW_PB1_F-654.csv,86349-1,,,,-7.04
86349-1 HB014PB01 HB_BE0147+67_BIT_GMW_PB1_F-650.csv,86349-1,,,,-7.0
86349-1 HB015PB01 HB_BE0166+94_BIKR_GMW_PB1_F-238.csv,86349-1,,,,-2.88
86349-1 HB017-APB01 HB_BE0166+95_BIB_GMW_PB1_F-602.csv,86349-1,,,,-6.52
86349-1 HB017PB01 HB_BE0166+94_BIB_GMW_PB1_F-602.csv,86349-1,,,,-6.52
86349-1 HB018PB01 HB_BE0166+95_BIT_GMW_PB1_F-599.csv,86349-1,,,,-6.49
86349-1 HB019PB01 HB_BE0188+24_BUKR_GMW_PB1_F-352.csv,86349-1,,,,-4.02
86349-1 HB021PB01 HB_BE0188+23_BIB_GMW_PB1_F-689.csv,86349-1,,,,-7.39
86349-1 HB022PB01 HB_BE0188+23_BIT_GMW_PB1_F-702.csv,86349-1,,,,-7.52
86349-1 HB023PB01 HB_BE0195+80_BUKR_GMW_PB1_F-207.csv,86349-1,,,,-2.57
86349-1 HB025PB01 HB_BE0195+81_BIB_GMW_PB1_F-566.csv,86349-1,,,,-6.16
86349-1 HB026PB01 HB_BE0195+81_BIT_GMW_PB1_F-601.csv,86349-1,,,,-6.51
86349-1 HB027PB01 HB_BE0213+10_BIKR_GMW_PB1_F-253.csv,86349-1,,,,-3.03
86349-1 HB029PB01 HB_BE0213+10_BIB_GMW_PB1_F-599.csv,86349-1,,,,-6.49
86349-1 HB030PB01 HB_BE0213+10_BIT_GMW_PB1_F-681.csv,86349-1,,,,-7.31
86349-1 HB031PB01 HB_BE0235+10_BIKR_GMW_PB1_F-235.csv,86349-1,,,,-2.85
86349-1 HB033PB01 HB_BE0235+10_BIT_GMW_PB1_F-648.csv,86349-1,,,,-6.98
86349-1 HB034PB01 HB_BE0242+8_BUKR_GMW_PB1_F-250.csv,86349-1,,,,-3.0
86349-1 HB036PB01 HB_BE0242+7_BIT_GMW_PB1_F-654.csv,86349-1,,,,-7.04
86349-1 HB037PB01 HB_BE0254+96_BUKR_GMW_PB1_F-198.csv,86349-1,,,,-2.48
86349-1 HB039PB01 HB_BE0254+96_BIB_GMW_PB1_F-443.csv,86349-1,,,,-4.93
86349-1 HB040PB01 HB_BE0254+96_BIT_GMW_PB1_F-454.csv,86349-1,,,,-5.04
86349-1 HB041PB01 HB_BE0263+75_BUKR_GMW_PB1_F-248.csv,86349-1,,,,-2.98
86349-1 HB046PB01 HB_BE0328+3_BIB_GMW_PB1_F-654.csv,86349-1,,,,-7.04
86349-1 HB048PB01 HB_BE0377+32_BUKR_GMW_PB1_F-197.csv,86349-1,,,,-2.4699999999999998
86349-1 HB050PB01 HB_BE0377+32_BIB_GMW_PB1_F-553.csv,86349-1,,,,-6.03
86349-1 HB051PB01 HB_BE0377+32_BIT_GMW_PB1_F-447.csv,86349-1,,,,-4.97
86349-1 MB001PB01 B_BE0072+3_BUKR_GMW_PB1_F-385.csv,86349-1,,,,-4.35
86349-1 MB001PB02 B_BE0072+3_BUKR_GMW_PB2_F-750.csv,86349-1,,,,-8.0
86349-1 MB003PB01 B_BE0072+3_BIT_GMW_PB1_F-519.csv,86349-1,,,,-5.69
86349-1 MB003PB02 B_BE0072+3_BIT_GMW_PB2_F-769.csv,86349-1,,,,-8.190000000000001
86349-1 MB005PB01 B_BE0092+15_BUKR_GMW_PB1_F-350.csv,86349-1,,,,-4.0
86349-1 MB005PB02 B_BE0092+15_BUKR_GMW_PB2_F-850.csv,86349-1,,,,-9.0
86349-1 MB008PB01 B_BE0098+81_BUKR_GMW_PB1_F-297.csv,86349-1,,,,-3.47
86349-1 MB008PB02 B_BE0098+81_BUKR_GMW_PB2_F-647.csv,86349-1,,,,-6.97
86349-1 MB012PB01 B_BE0147+68_BIKR_GMW_PB1_F-342.csv,86349-1,,,,-3.92
86349-1 MB016PB01 B_BE0166+95_BUKR_GMW_PB1_F-251.csv,86349-1,,,,-3.01
86349-1 MB020PB01 B_BE0188+23_KR_GMW_PB1_F-547.csv,86349-1,,,,-5.97
86349-1 MB024PB01 B_BE0195+80_KR_GMW_PB1_F-215.csv,86349-1,,,,-2.65
86349-1 MB028PB01 B_BE0213+10_BUKR_GMW_PB1_F-451.csv,86349-1,,,,-5.01
86349-1 MB032PB01 B_BE0235+10_BUKR_GMW_PB1_F-260.csv,86349-1,,,,-3.1
86349-1 MB035PB01 B_BE0242+8_BIKR_GMW_PB1_F-347.csv,86349-1,,,,-3.97
86349-1 MB038PB01 B_BE0254+96_BIKR_GMW_PB1_F-396.csv,86349-1,,,,-4.46
86349-1 MB042PB01 B_BE0263+75_BIKR_GMW_PB1_F-418.csv,86349-1,,,,-4.68
86349-1 MB043PB01 B_BE0263+75_BIT_GMW_PB1_F-452.csv,86349-1,,,,-5.02
86349-1 MB045PB01 B_BE0328+3_BUKR_GMW_PB1_F-349.csv,86349-1,,,,-3.99
86349-1 MB047PB01 B_BE0328+2_BIT_GMW_PB1_F-651.csv,86349-1,,,,-7.01
86349-1 MB049PB01 B_BE0377+32_BIKR_GMW_PB1_F-252.csv,86349-1,,,,-3.02
87074-1 HB001PB01 HB_PU0013+0_BIT_GMW_PB1_F-6.10.csv,87074-1,,,,-6.6
87074-1 HB003PB01 HB_PU0021+0_KRBIB_GMW_PB1_F-5.91.csv,87074-1,,,,-6.41
87074-1 HB004PB01 HB_PU0021+0_INBIB_GMW_PB1_F-6.17.csv,87074-1,,,,-6.67
87074-1 HB005PB01 HB_PU0021+0_BUKR_GMW_PB1_F-3.68.csv,87074-1,,,,-4.18
87074-1 HB006PB01 HB_PU0030+0_INBIB_GMW_PB1_F-5.26.csv,87074-1,,,,-5.76
87074-1 HB009PB01 HB_PU0063+0_INBIB_GMW_PB1_F-5.23.csv,87074-1,,,,-5.73
87074-1 HB010PB01 HB_PU0063+0_BUKR_GMW_PB1_F-4.00.csv,87074-1,,,,-4.5
87074-1 HB011PB01 HB_PU0081+99_INBIB_GMW_PB1_F-5.14.csv,87074-1,,,,-5.64
87074-1 HB012PB01 HB_PU0082+0_BIKR_GMW_PB1_F-3.92.csv,87074-1,,,,-4.42
87074-1 HB013PB01 HB_PU0082+0_BUKR_GMW_PB1_F-2.99.csv,87074-1,,,,-3.49
87074-1 HB014PB01 HB_PU0098+0_INBIB_GMW_PB1_F-5.30.csv,87074-1,,,,-5.8
87074-1 HB015PB01 HB_PU0098+0_BUKR_GMW_PB1_F-3.66.csv,87074-1,,,,-4.16
87074-1 HB016PB01 HB_PU0118+99_KRBIB_GMW_PB1_F-5.19.csv,87074-1,,,,-5.69
87074-1 HB017PB01 HB_PU0118+99_BIKR_GMW_PB1_F-3.59.csv,87074-1,,,,-4.09
87074-1 HB018PB01 HB_PU0118+99_BUKR_GMW_PB1_F-3.14.csv,87074-1,,,,-3.64
87074-1 HB019PB01 HB_PU0128+25_KRBIB_GMW_PB1_F-5.37.csv,87074-1,,,,-5.87
87074-1 HB020PB01 HB_PU0128+25_BIKR_GMW_PB1_F-3.68.csv,87074-1,,,,-4.18
87074-1 HB021PB01 HB_PU0128+25_BUKR_GMW_PB1_F-3.09.csv,87074-1,,,,-3.59
87074-1 HB022PB01 HB_PU0138+0_KRBIB_GMW_PB1_F-5.91.csv,87074-1,,,,-6.41
87074-1 HB023PB01 HB_PU0138+0_INBIB_GMW_PB1_F-5.56.csv,87074-1,,,,-6.06
87074-1 HB025PB01 HB_PU0138+0_BUKR_GMW_PB1_F-2.76.csv,87074-1,,,,-3.26
87074-1 HB026PB01 HB_PU0150+0_BIKR_GMW_PB1_F-5.48.csv,87074-1,,,,-5.98
87074-1 HB027PB01 HB_PU0150+0_INBIB_GMW_PB1_F-5.38.csv,87074-1,,,,-5.88
87074-1 HB029PB01 HB_PU0163+0_BIT_GMW_PB1_F-5.16.csv,87074-1,,,,-5.66
87074-1 HB030PB01 HB_PU0163+0_BIKR_GMW_PB1_F-3.66.csv,87074-1,,,,-4.16
87074-1 HB031PB01 HB_PU0163+0_BUKR_GMW_PB1_F-3.595.csv,87074-1,,,,-4.095000000000001
87074-1 HB032PB01 HB_PU0181+2_INBIB_GMW_PB1_F-5.78.csv,87074-1,,,,-6.28
87074-1 HB033PB01 HB_PU0181+3_BUKR_GMW_PB1_F-4.44.csv,87074-1,,,,-4.94
87074-1 HB034PB01 HB_PU0203+0_INBIB_GMW_PB1_F-5.45.csv,87074-1,,,,-5.95
87074-1 HB035PB01 HB_PU0203+0_BIKR_GMW_PB1_F-4.05.csv,87074-1,,,,-4.55
87074-1 HB036PB01 HB_PU0203+0_BUKR_GMW_PB1_F-3.50.csv,87074-1,,,,-4.0
87074-1 HB038PB01 HB_PU0207+0_BUKR_GMW_PB1_F-4.28.csv,87074-1,,,,-4.78
87074-1 HB63258PB01.csv,87074-1,,,,
87074-1 HB63259PB01.csv,87074-1,,,,
87074-1 HB63260PB01.csv,87074-1,,,,
87074-1 HB63261PB01.csv,87074-1,,,,
87074-1 HB63262PB01.csv,87074-1,,,,
87074-1 HB63263PB01.csv,87074-1,,,,
87074-1 HB63264PB01.csv,87074-1,,,,
87074-1 HB63265PB01.csv,87074-1,,,,
87074-1 MB002PB01 B_PU0013+0_BUKR_GMW_PB1_F-4.91.csv,87074-1,,,,-5.41
87074-1 MB007PB01 B_PU0030+0_BIKR_GMW_PB1_F-5.58.csv,87074-1,,,,-6.08
87074-1 MB008PB01 B_PU0030+0_BUKR_GMW_PB1_F-5.80.csv,87074-1,,,,-6.3
87074-1 MB037PB01 B_PU0207+0_BIT_GMW_PB1_F-5.12.csv,87074-1,,,,-5.62
87074-1 MB101PB01 B_PU0013+0_INBIB_GMW_PB1_F-5.97.csv,87074-1,,,,-6.47
87074-1 MB102PB01 B_PU0013+0_KR_GMW_PB1_F-2.79.csv,87074-1,,,,-3.29
87074-1 MB102PB02 B_PU0013+0_KR_GMW_PB2_F-8.29.csv,87074-1,,,,-8.79
87074-1 MB102PB03 B_PU0013+0_KR_GMW_PB3_F-15.79.csv,87074-1,,,,-16.29
87074-1 MB103PB01 B_PU0021+0_BIKR_GMW_PB1_F-3.88.csv,87074-1,,,,-4.38
87074-1 MB104PB01 B_PU0063+0_KRBIB_GMW_PB1_F-5.27.csv,87074-1,,,,-5.77
87074-1 MB105PB01 B_PU0063+0_BIKR_GMW_PB1_F-3.96.csv,87074-1,,,,-4.46
87074-1 MB105PB02 B_PU0063+0_BIKR_GMW_PB2_F-7.96.csv,87074-1,,,,-8.46
87074-1 MB105PB03 B_PU0063+0_BIKR_GMW_PB3_F-17.76.csv,87074-1,,,,-18.26
87074-1 MB106PB01 B_PU0098+0_BIKR_GMW_PB1_F-3.54.csv,87074-1,,,,-4.04
87074-1 MB107PB01 B_PU0118+99_INBIB_GMW_PB1_F-5.21.csv,87074-1,,,,-5.71
87074-1 MB107PB02 B_PU0118+99_INBIB_GMW_PB2_F-9.21.csv,87074-1,,,,-9.71
87074-1 MB107PB03 B_PU0118+99_INBIB_GMW_PB3_F-13.71.csv,87074-1,,,,-14.21
87074-1 MB108PB01 B_PU0128+25_INBIB_GMW_PB1_F-5.52.csv,87074-1,,,,-6.02
87074-1 MB109PB01 B_PU0150+0_BUKR_GMW_PB1_F-4.95.csv,87074-1,,,,-5.45
87074-1 MB110PB01 B_PU0181+2_BIT_GMW_PB1_F-6.33.csv,87074-1,,,,-6.83
87074-1 MB111PB01 B_PU0181+2_BIKR_GMW_PB1_F-5.95.csv,87074-1,,,,-6.45
87074-1 MB111PB02 B_PU0181+2_BIKR_GMW_PB2_F-9.95.csv,87074-1,,,,-10.45
87074-1 MB111PB03 B_PU0181+2_BIKR_GMW_PB3_F-19.95.csv,87074-1,,,,-20.45
87074-1 MB112PB01 B_PU0207+0_BIKR_GMW_PB1_F-6.06.csv,87074-1,,,,-6.56
87097-1 HB178PB01 HB_BLM0019+87_BIB_GMW_PB1_F-474.csv,87097-1,,,,-5.24
87097-1 HB179PB01 HB_BLM0019+83_BIT_GMW_PB1_F-691.csv,87097-1,,,,-7.41
87097-1 HB180PB01 HB_BLM0020+2_BIT_GMW_PB1_F-692.csv,87097-1,,,,-7.42
87097-1 HB181PB01 HB_BLM0020+0_BIB_GMW_PB1_F-466.csv,87097-1,,,,-5.16
87097-1 HB182PB01 HB_BLM0019+100_BIKR_GMW_PB1_F-509.csv,87097-1,,,,-5.59
87097-1 HB183PB01 HB_BLM0019+99_BUKR_GMW_PB1_F-399.csv,87097-1,,,,-4.49
87097-1 HB184PB01 HB_BLM0019+88_BIKR_GMW_PB1_F-416.csv,87097-1,,,,-4.66
87097-1 HB185PB01 HB_BLM0019+89_BUKR_GMW_PB1_F-397.csv,87097-1,,,,-4.470000000000001
87097-1 HB186PB01 HB_BLM0020+100_BUKR_GMW_PB1_F-394.csv,87097-1,,,,-4.4399999999999995
87097-1 HB187PB01 HB_BLM0021+0_BIKR_GMW_PB1_F-407.csv,87097-1,,,,-4.57
87097-1 HB188PB01 HB_BLM0021+1_BIB_GMW_PB1_F-494.csv,87097-1,,,,-5.44
87097-1 HB189PB01 HB_BLM0021+2_BIT_GMW_PB1_F-704.csv,87097-1,,,,-7.54
87097-1 HB190PB01 HB_BLM0020+69_BIKR_GMW_PB1_F-514.csv,87097-1,,,,-5.64
87097-1 HB191PB01 HB_BLM0020+33_BIKR_GMW_PB1_F-435.csv,87097-1,,,,-4.85
88111-1 HB001PB01 HB_SC0009+0_BUKR_GMW_PB1_F-250.csv,88111-1,,,,-3.0
88111-1 HB005PB01 HB_SC0029+0_KR_GMW_PB1_F-299.csv,88111-1,,,,-3.49
88111-1 HB006PB01 HB_SC0028+95_BIT_GMW_PB1_F-448.csv,88111-1,,,,-4.98
88111-1 HB007PB01 HB_SC0028+95_INSD_GMW_PB1_F-699.csv,88111-1,,,,-7.49
88111-1 HB008PB01 HB_SC0035+55_BUKR_GMW_PB01_F-296.csv,88111-1,,,,-3.46
88111-1 HB009PB01 HB_SC0035+55_BIKR_GMW_PB1_F-437.csv,88111-1,,,,-4.87
88111-1 HB010PB01 HB_SC0035+60_BIT_GMW_PB1_F-567.csv,88111-1,,,,-6.17
88111-1 HB013PB01 HB_SC0054+90_BIKR_GMW_PB1_F-301.csv,88111-1,,,,-3.51
88111-1 HB014PB01 HB_SC0054+90_INBIB_GMW_PB1_F-448.csv,88111-1,,,,-4.98
88111-1 HB015PB01 HB_SC0054+90_INSD_GMW_PB1_F-773.csv,88111-1,,,,-8.23
88111-1 HB016PB01 HB_SC0081+0_BUKR_GMW_PB1_F-249.csv,88111-1,,,,-2.99
88111-1 HB018PB01 HB_SC0081+0_BIT_GMW_PB1_F-406.csv,88111-1,,,,-4.56
88111-1 HB020PB01 HB_SC0096+0_BUKR_GMW_PB1_F-273.csv,88111-1,,,,-3.23
88111-1 HB022PB01 HB_SC0096+0_BIT_GMW_PB1_F-523.csv,88111-1,,,,-5.73
88111-1 HB024PB01 HB_SC0121+0_BUKR_GMW_PB1_F-247.csv,88111-1,,,,-2.97
88111-1 HB026PB01 HB_SC0121+0_INBIB_GMW_PB1_F-418.csv,88111-1,,,,-4.68
88111-1 HB027PB01 HB_SC0121+0_KRBIB_GMW_PB1_F-410.csv,88111-1,,,,-4.6
88111-1 HB029PB01 HB_SC0140+0_BIKR_GMW_PB1_F-296.csv,88111-1,,,,-3.46
88111-1 HB030PB01 HB_SC0140+0_BIT_GMW_PB1_F-501.csv,88111-1,,,,-5.51
88111-1 HB030PB02 HB_SC0140+0_BIT_GMW_PB2_F-801.csv,88111-1,,,,-8.51
88111-1 HB031PB01 HB_SC0156+50_BUKR_GMW_PB1_F-296.csv,88111-1,,,,-3.46
88111-1 HB033PB01 HB_SC0156+50_INSD_GMW_PB1_F-442.csv,88111-1,,,,-4.92
88111-1 HB035PB01 HB_SC0179+50_BUKR_GMW_PB1_F-289.csv,88111-1,,,,-3.39
88111-1 HB037PB01 HB_SC0179+50_BIT_GMW_PB1_F-483.csv,88111-1,,,,-5.33
88111-1 HB038PB01 HB_SC0179+50_BIT_GMW_PB1_F-244.csv,88111-1,,,,-2.94
88111-1 HB040PB01 HB_SC0200+50_INBIB_GMW_PB1_F-489.csv,88111-1,,,,-5.39
88111-1 HB042PB01 HB_SC0219+50_BIKR_GMW_PB1_F-325.csv,88111-1,,,,-3.75
88111-1 HB044PB01 HB_SC0219+50_BIT_GMW_PB1_F-520.csv,88111-1,,,,-5.7
88111-1 HB046PB01 HB_SC0234+0_BIKR_GMW_PB1_F-246.csv,88111-1,,,,-2.96
88111-1 HB047PB01 HB_SC0234+0_BIT_GMW_PB1_F-418.csv,88111-1,,,,-4.68
88111-1 HB047PB02 HB_SC0234+0_BIT_GMW_PB2_F-698.csv,88111-1,,,,-7.48
88111-1 HB048PB01 HB_SC0264+50_BUKR_GMW_PB1_F-444.csv,88111-1,,,,-4.94
88111-1 HB049PB01 HB_SC0264+50_BIKR_GMW_PB1_F-397.csv,88111-1,,,,-4.470000000000001
88111-1 HB050PB01 HB_SC0264+50_INBIB_GMW_PB1_F-527.csv,88111-1,,,,-5.77
88111-1 HB052PB01 HB_SC0298+0_BUKR_GMW_PB1_F-250.csv,88111-1,,,,-3.0
88111-1 HB053PB01 HB_SC0298+0_BIKR_GMW_PB1_F-367.csv,88111-1,,,,-4.17
88111-1 HB054PB01 HB_SC0298+0_INBIB_GMW_PB1_F-514.csv,88111-1,,,,-5.64
88111-1 HB057PB01 HB_SC0341+0_BIKR_GMW_PB1_F-285.csv,88111-1,,,,-3.35
88111-1 HB059PB01 HB_SC0341+0_INSD_GMW_PB1_F-673.csv,88111-1,,,,-7.23
88111-1 HB060-APB01 HB_SC0029+0_BITA_GMW_PB1_F-306.csv,88111-1,,,,-3.56
88111-1 HB060-APB02 HB_SC0029+0_BITA_GMW_PB2_F-756.csv,88111-1,,,,-8.059999999999999
88111-1 MB002PB01 B_SC0009+0_BIKR_GMW_PB1_F-297.csv,88111-1,,,,-3.47
88111-1 MB012PB01 B_SC0054+90_BUKR_GMW_PB1_F-279.csv,88111-1,,,,-3.29
88111-1 MB012PB02 B_SC0054+90_BUKR_GMW_PB2_F-749.csv,88111-1,,,,-7.99
88111-1 MB017PB01 B_SC0081+0_BIKR_GMW_PB1_F-198.csv,88111-1,,,,-2.48
88111-1 MB021PB01 B_SC0096+0_BIKR_GMW_PB1_F-269.csv,88111-1,,,,-3.19
88111-1 MB025PB01 B_SC0121+0_BIKR_GMW_PB1_F-304.csv,88111-1,,,,-3.54
88111-1 MB028PB01 B_SC0140+0_BUKR_GMW_PB1_F-326.csv,88111-1,,,,-3.76
88111-1 MB028PB02 B_SC0140+0_BUKR_GMW_PB2_F-786.csv,88111-1,,,,-8.36
88111-1 MB028PB03 B_SC0140+0_BUKR_GMW_PB3_F-2096.csv,88111-1,,,,-21.46
88111-1 MB032PB01 B_SC0156+50_BIKR_GMW_PB1_F-302.csv,88111-1,,,,-3.52
88111-1 MB036PB01 B_SC0179+50_BIKR_GMW_PB1_F-335.csv,88111-1,,,,-3.85
88111-1 MB039PB01 B_SC0200+50_BIKR_GMW_PB1_F-306.csv,88111-1,,,,-3.56
88111-1 MB043PB01 B_SC0219+50_BUKR_GMW_PB1_F-331.csv,88111-1,,,,-3.81
88111-1 MB043PB02 B_SC0219+50_BUKR_GMW_PB2_F-851.csv,88111-1,,,,-9.01
88111-1 MB045PB01 B_SC0234+0_BUKR_GMW_PB1_F-317.csv,88111-1,,,,-3.67
88111-1 MB045PB02 B_SC0234+0_BUKR_GMW_PB2_F-717.csv,88111-1,,,,-7.67
88111-1 MB056PB01 B_SC0341+0_BUKR_GMW_PB1_F-303.csv,88111-1,,,,-3.53
88111-1 MB056PB02 B_SC0341+0_BUKR_GMW_PB2_F-633.csv,88111-1,,,,-6.83
83034-1 MB004PB02 BE0049+00_BIT_GMW_PB2_F-930.csv,gecombineerde_peilbuisdata_4_oude_raaien_beemster_26032026 1,,,,-9.8
83034-1 MB006PB02 BE115+00_BIKR_GMW_PB2_F-1354.csv,gecombineerde_peilbuisdata_4_oude_raaien_beemster_26032026 1,,,,-14.04
83034-1 MB014PB02 BE0341+40_BIRK_GMW_PB1_F-1177.csv,gecombineerde_peilbuisdata_4_oude_raaien_beemster_26032026 1,,,,-12.27
sheet [83034-1 HB002PB01BE0049+00_BIK].csv,gecombineerde_peilbuisdata_4_oude_raaien_beemster_26032026 1,,,,
sheet [83034-1 HB003PB01 BE0049+00_IN].csv,gecombineerde_peilbuisdata_4_oude_raaien_beemster_26032026 1,,,,
sheet [83034-1 HB005PB01 BE115+00_BUK].csv,gecombineerde_peilbuisdata_4_oude_raaien_beemster_26032026 1,,,,
sheet [83034-1 HB007PB01 BE115+00_INS].csv,gecombineerde_peilbuisdata_4_oude_raaien_beemster_26032026 1,,,,
sheet [83034-1 HB008PB01 BE115+00_BIT].csv,gecombineerde_peilbuisdata_4_oude_raaien_beemster_26032026 1,,,,
sheet [83034-1 HB009PB01 BE0280+00_BU].csv,gecombineerde_peilbuisdata_4_oude_raaien_beemster_26032026 1,,,,
sheet [83034-1 HB010PB01BE0280+00_BIK].csv,gecombineerde_peilbuisdata_4_oude_raaien_beemster_26032026 1,,,,
sheet [83034-1 HB011PB01 BE0280+00_IN].csv,gecombineerde_peilbuisdata_4_oude_raaien_beemster_26032026 1,,,,
sheet [83034-1 HB012PB01BE0280+00_BIT].csv,gecombineerde_peilbuisdata_4_oude_raaien_beemster_26032026 1,,,,
sheet [83034-1 HB013PB01 BE0341+40_BU].csv,gecombineerde_peilbuisdata_4_oude_raaien_beemster_26032026 1,,,,
sheet [83034-1 HB015PB01 BE0341+40_IN].csv,gecombineerde_peilbuisdata_4_oude_raaien_beemster_26032026 1,,,,
sheet [83034-1 HB016PB01BE0341+40_BIT].csv,gecombineerde_peilbuisdata_4_oude_raaien_beemster_26032026 1,,,,
sheet [83034-1 MB004PB01BE0049+00_BIT].csv,gecombineerde_peilbuisdata_4_oude_raaien_beemster_26032026 1,,,,
sheet [83034-1 MB006PB01BE115+00_BIK].csv,gecombineerde_peilbuisdata_4_oude_raaien_beemster_26032026 1,,,,
sheet [83034-1 MB014PB01BE0341+40_BIR].csv,gecombineerde_peilbuisdata_4_oude_raaien_beemster_26032026 1,,,,
sheet.csv,gecombineerde_peilbuisdata_4_oude_raaien_beemster_26032026 1,,,,
86349-1 HB002PB01 HB_BE0072+3_BIKR_GMW_PB1_F-246.csv,peilbuisdata_alle_sensoren_07042026,,,,-2.96
86349-1 HB007PB01 HB_BE0092+15_BIB_GMW_PB1_F-450.csv,peilbuisdata_alle_sensoren_07042026,,,,-5.0
86349-1 HB009PB01 HB_BE0098+80_BIKR_GMW_PB1_F-248.csv,peilbuisdata_alle_sensoren_07042026,,,,-2.98
86349-1 HB010PB01 HB_BE0098+81_BIB_GMW_PB1_F-188.csv,peilbuisdata_alle_sensoren_07042026,,,,-2.38
86349-1 HB011PB01 HB_BE0147+68_BUKR_GMW_PB1_F-247.csv,peilbuisdata_alle_sensoren_07042026,,,,-2.97
86349-1 HB013PB01 HB_BE0147+68_BIB_GMW_PB1_F-654.csv,peilbuisdata_alle_sensoren_07042026,,,,-7.04
86349-1 HB014PB01 HB_BE0147+67_BIT_GMW_PB1_F-650.csv,peilbuisdata_alle_sensoren_07042026,,,,-7.0
86349-1 HB015PB01 HB_BE0166+94_BIKR_GMW_PB1_F-238.csv,peilbuisdata_alle_sensoren_07042026,,,,-2.88
86349-1 HB017-APB01 HB_BE0166+95_BIB_GMW_PB1_F-602.csv,peilbuisdata_alle_sensoren_07042026,,,,-6.52
86349-1 HB018PB01 HB_BE0166+95_BIT_GMW_PB1_F-599.csv,peilbuisdata_alle_sensoren_07042026,,,,-6.49
86349-1 HB019PB01 HB_BE0188+24_BUKR_GMW_PB1_F-352.csv,peilbuisdata_alle_sensoren_07042026,,,,-4.02
86349-1 HB021PB01 HB_BE0188+23_BIB_GMW_PB1_F-689.csv,peilbuisdata_alle_sensoren_07042026,,,,-7.39
86349-1 HB022PB01 HB_BE0188+23_BIT_GMW_PB1_F-702.csv,peilbuisdata_alle_sensoren_07042026,,,,-7.52
86349-1 HB023PB01 HB_BE0195+80_BUKR_GMW_PB1_F-207.csv,peilbuisdata_alle_sensoren_07042026,,,,-2.57
86349-1 HB025PB01 HB_BE0195+81_BIB_GMW_PB1_F-566.csv,peilbuisdata_alle_sensoren_07042026,,,,-6.16
86349-1 HB026PB01 HB_BE0195+81_BIT_GMW_PB1_F-601.csv,peilbuisdata_alle_sensoren_07042026,,,,-6.51
86349-1 HB027PB01 HB_BE0213+10_BIKR_GMW_PB1_F-253.csv,peilbuisdata_alle_sensoren_07042026,,,,-3.03
86349-1 HB029PB01 HB_BE0213+10_BIB_GMW_PB1_F-599.csv,peilbuisdata_alle_sensoren_07042026,,,,-6.49
86349-1 HB030PB01 HB_BE0213+10_BIT_GMW_PB1_F-681.csv,peilbuisdata_alle_sensoren_07042026,,,,-7.31
86349-1 HB031PB01 HB_BE0235+10_BIKR_GMW_PB1_F-235.csv,peilbuisdata_alle_sensoren_07042026,,,,-2.85
86349-1 HB033PB01 HB_BE0235+10_BIT_GMW_PB1_F-648.csv,peilbuisdata_alle_sensoren_07042026,,,,-6.98
86349-1 HB034PB01 HB_BE0242+8_BUKR_GMW_PB1_F-250.csv,peilbuisdata_alle_sensoren_07042026,,,,-3.0
86349-1 HB036PB01 HB_BE0242+7_BIT_GMW_PB1_F-654.csv,peilbuisdata_alle_sensoren_07042026,,,,-7.04
86349-1 HB037PB01 HB_BE0254+96_BUKR_GMW_PB1_F-198.csv,peilbuisdata_alle_sensoren_07042026,,,,-2.48
86349-1 HB039PB01 HB_BE0254+96_BIB_GMW_PB1_F-443.csv,peilbuisdata_alle_sensoren_07042026,,,,-4.93
86349-1 HB040PB01 HB_BE0254+96_BIT_GMW_PB1_F-454.csv,peilbuisdata_alle_sensoren_07042026,,,,-5.04
86349-1 HB041PB01 HB_BE0263+75_BUKR_GMW_PB1_F-248.csv,peilbuisdata_alle_sensoren_07042026,,,,-2.98
86349-1 HB046PB01 HB_BE0328+3_BIB_GMW_PB1_F-654.csv,peilbuisdata_alle_sensoren_07042026,,,,-7.04
86349-1 HB048PB01 HB_BE0377+32_BUKR_GMW_PB1_F-197.csv,peilbuisdata_alle_sensoren_07042026,,,,-2.4699999999999998
86349-1 HB050PB01 HB_BE0377+32_BIB_GMW_PB1_F-553.csv,peilbuisdata_alle_sensoren_07042026,,,,-6.03
86349-1 HB051PB01 HB_BE0377+32_BIT_GMW_PB1_F-447.csv,peilbuisdata_alle_sensoren_07042026,,,,-4.97
86349-1 MB001PB01 B_BE0072+3_BUKR_GMW_PB1_F-385.csv,peilbuisdata_alle_sensoren_07042026,,,,-4.35
86349-1 MB001PB02 B_BE0072+3_BUKR_GMW_PB2_F-750.csv,peilbuisdata_alle_sensoren_07042026,,,,-8.0
86349-1 MB003PB01 B_BE0072+3_BIT_GMW_PB1_F-519.csv,peilbuisdata_alle_sensoren_07042026,,,,-5.69
86349-1 MB003PB02 B_BE0072+3_BIT_GMW_PB2_F-769.csv,peilbuisdata_alle_sensoren_07042026,,,,-8.190000000000001
86349-1 MB005PB01 B_BE0092+15_BUKR_GMW_PB1_F-350.csv,peilbuisdata_alle_sensoren_07042026,,,,-4.0
86349-1 MB005PB02 B_BE0092+15_BUKR_GMW_PB2_F-850.csv,peilbuisdata_alle_sensoren_07042026,,,,-9.0
86349-1 MB008PB01 B_BE0098+81_BUKR_GMW_PB1_F-297.csv,peilbuisdata_alle_sensoren_07042026,,,,-3.47
86349-1 MB008PB02 B_BE0098+81_BUKR_GMW_PB2_F-647.csv,peilbuisdata_alle_sensoren_07042026,,,,-6.97
86349-1 MB012PB01 B_BE0147+68_BIKR_GMW_PB1_F-342.csv,peilbuisdata_alle_sensoren_07042026,,,,-3.92
86349-1 MB016PB01 B_BE0166+95_BUKR_GMW_PB1_F-251.csv,peilbuisdata_alle_sensoren_07042026,,,,-3.01
86349-1 MB020PB01 B_BE0188+23_KR_GMW_PB1_F-547.csv,peilbuisdata_alle_sensoren_07042026,,,,-5.97
86349-1 MB024PB01 B_BE0195+80_KR_GMW_PB1_F-215.csv,peilbuisdata_alle_sensoren_07042026,,,,-2.65
86349-1 MB028PB01 B_BE0213+10_BUKR_GMW_PB1_F-451.csv,peilbuisdata_alle_sensoren_07042026,,,,-5.01
86349-1 MB032PB01 B_BE0235+10_BUKR_GMW_PB1_F-260.csv,peilbuisdata_alle_sensoren_07042026,,,,-3.1
86349-1 MB035PB01 B_BE0242+8_BIKR_GMW_PB1_F-347.csv,peilbuisdata_alle_sensoren_07042026,,,,-3.97
86349-1 MB038PB01 B_BE0254+96_BIKR_GMW_PB1_F-396.csv,peilbuisdata_alle_sensoren_07042026,,,,-4.46
86349-1 MB042PB01 B_BE0263+75_BIKR_GMW_PB1_F-418.csv,peilbuisdata_alle_sensoren_07042026,,,,-4.68
86349-1 MB043PB01 B_BE0263+75_BIT_GMW_PB1_F-452.csv,peilbuisdata_alle_sensoren_07042026,,,,-5.02
86349-1 MB045PB01 B_BE0328+3_BUKR_GMW_PB1_F-349.csv,peilbuisdata_alle_sensoren_07042026,,,,-3.99
86349-1 MB047PB01 B_BE0328+2_BIT_GMW_PB1_F-651.csv,peilbuisdata_alle_sensoren_07042026,,,,-7.01
86349-1 MB049PB01 B_BE0377+32_BIKR_GMW_PB1_F-252.csv,peilbuisdata_alle_sensoren_07042026,,,,-3.02
